,position,games_played,minutes/game,I_F_xOnGoal,I_F_xGoals,I_F_xRebounds,I_F_primaryAssists,I_F_secondaryAssists,I_F_shotAttempts,I_F_points,I_F_goals,I_F_rebounds,I_F_reboundGoals,penalties,I_F_penalityMinutes,I_F_hits,I_F_takeaways,I_F_giveaways,I_F_lowDangerShots,I_F_mediumDangerShots,I_F_highDangerShots,I_F_lowDangerxGoals,I_F_mediumDangerxGoals,I_F_highDangerxGoals,I_F_lowDangerGoals,I_F_mediumDangerGoals,I_F_highDangerGoals,I_F_unblockedShotAttempts,Line_or_Pair
0,R,73,9.32,49.47,6.7,3.8,5,5,79,15,5,5,1,11,43,196,15,16,33,29,7,1.16,3.58,1.96,0,4,1,69,3rd line
1,D,68,15.01,37.1,1.36,1.83,6,6,78,14,2,0,0,19,38,99,27,20,50,2,0,1.09,0.28,0.0,1,1,0,52,3rd pair
2,D,61,13.04,69.79,2.44,3.85,1,2,140,5,2,4,0,12,36,117,9,18,97,5,0,1.98,0.46,0.0,2,0,0,102,3rd pair
3,D,42,14.02,32.17,1.21,1.81,2,4,79,8,2,5,0,11,25,64,8,12,46,1,0,1.13,0.08,0.0,1,1,0,47,3rd pair
4,C,28,16.0,39.69,6.81,2.85,5,4,65,16,7,5,1,6,12,49,6,12,29,14,10,1.07,1.73,4.02,1,2,4,53,2nd line
5,L,82,15.8,190.88,28.04,15.44,19,7,298,49,23,31,6,40,83,85,49,38,136,78,39,4.93,9.81,13.3,4,8,11,253,2nd line
6,L,59,16.3,123.75,14.72,8.92,13,9,218,36,14,12,3,10,20,27,28,9,110,45,15,3.34,5.58,5.8,3,7,4,170,2nd line
7,C,53,17.71,83.65,12.79,6.73,12,4,138,31,15,7,2,15,33,9,37,42,70,23,20,2.0,2.73,8.07,2,4,9,113,1st line
8,D,63,17.25,87.62,3.63,4.89,5,3,182,8,0,9,0,6,12,121,16,17,120,6,0,2.79,0.84,0.0,0,0,0,126,3rd pair
9,C,41,16.02,66.72,7.51,4.58,6,5,109,16,5,5,2,4,8,47,12,11,58,29,6,1.76,3.51,2.23,0,2,3,93,2nd line
10,C,62,18.18,131.88,18.69,10.01,9,7,224,38,22,12,5,11,22,28,26,34,102,52,23,3.1,6.51,9.07,5,7,10,177,1st line
11,C,81,16.34,151.16,18.09,11.49,14,13,277,46,19,18,2,12,24,85,37,26,131,60,15,4.87,7.35,5.88,10,4,5,206,2nd line
12,D,31,15.99,47.28,2.64,2.72,2,3,94,8,3,2,1,3,6,18,14,7,56,8,2,1.03,1.12,0.49,1,1,1,66,3rd pair
13,C,77,14.31,104.58,17.13,8.21,5,4,168,23,14,12,4,9,21,244,33,13,69,54,21,2.93,6.77,7.42,1,4,9,144,2nd line
14,L,65,10.76,91.25,9.96,6.47,9,5,163,22,8,10,5,6,12,76,24,16,82,32,11,2.43,3.96,3.57,0,2,6,125,3rd line
15,L,80,16.49,133.71,14.7,9.99,17,10,233,46,19,14,2,4,8,26,31,31,120,44,12,4.11,5.68,4.91,6,8,5,176,1st line
16,L,80,12.98,122.54,13.55,8.31,4,4,202,18,10,12,1,7,14,96,22,8,104,51,12,3.31,6.18,4.06,2,4,4,167,3rd line
17,C,79,14.52,123.75,12.47,8.88,17,7,221,40,16,9,1,7,14,15,26,40,111,43,13,3.86,5.0,3.61,7,6,3,167,2nd line
18,L,58,14.91,67.78,7.56,4.78,14,13,125,29,2,9,1,9,18,29,31,19,57,22,11,1.71,2.74,3.11,1,0,1,90,2nd line
19,L,81,14.91,182.02,23.51,12.33,17,8,315,45,20,17,1,12,24,89,12,19,157,57,30,5.5,6.94,11.08,7,5,8,244,2nd line
20,R,51,10.76,85.35,9.71,6.12,1,0,139,10,9,11,1,15,42,146,19,10,70,32,13,2.39,4.2,3.13,3,2,4,115,3rd line
21,R,50,10.05,63.41,5.18,4.12,2,3,111,13,8,1,1,11,25,77,10,18,72,10,7,1.99,1.24,1.96,2,3,3,89,3rd line
22,D,77,19.22,81.15,4.32,5.01,4,7,197,14,3,5,1,13,29,48,29,30,102,10,5,1.9,1.12,1.3,1,1,1,117,2nd pair
23,C,45,14.33,56.82,8.55,4.37,9,10,92,25,6,3,1,6,15,76,26,17,39,24,12,1.77,3.26,3.52,1,3,2,75,2nd line
24,D,64,14.77,60.63,1.55,3.16,5,4,154,11,2,6,0,17,34,106,6,27,88,2,0,1.36,0.19,0.0,1,1,0,90,3rd pair
25,C,82,16.53,99.02,13.95,9.03,9,10,168,34,15,13,3,13,26,39,35,34,65,53,16,2.46,6.68,4.8,5,5,5,134,1st line
26,R,75,14.67,137.97,15.34,9.42,8,9,241,28,11,23,0,18,34,78,28,22,127,46,17,3.89,5.32,6.13,2,4,5,190,2nd line
27,D,67,20.62,119.04,6.1,8.29,15,8,272,33,10,7,0,17,34,55,22,46,153,13,5,3.36,1.41,1.33,9,0,1,171,1st pair
28,D,79,24.09,155.27,8.49,10.19,23,15,304,49,11,21,1,13,26,50,29,51,200,20,3,4.59,2.64,1.25,6,2,3,223,1st pair
29,D,74,19.02,84.83,4.99,5.04,7,10,173,20,3,5,0,16,32,162,24,43,112,4,5,2.23,0.52,2.24,1,1,1,121,2nd pair
30,D,71,18.47,110.53,5.1,6.47,5,7,245,19,7,16,0,4,8,45,21,50,146,9,2,3.63,1.02,0.45,4,3,0,157,2nd pair
31,C,84,14.79,138.82,13.15,9.14,8,5,268,23,10,17,2,22,46,93,40,36,134,44,13,4.2,5.37,3.58,2,4,4,191,2nd line
32,C,19,12.52,15.25,1.64,1.09,1,0,28,1,0,1,0,4,8,6,5,2,14,6,1,0.61,0.73,0.3,0,0,0,21,3rd line
33,D,43,17.89,46.81,2.93,3.02,4,3,99,9,2,9,1,12,27,57,14,12,58,7,2,1.6,0.91,0.42,1,0,1,67,2nd pair
34,D,70,14.83,89.5,5.03,5.06,5,5,185,13,3,9,0,18,36,77,13,32,114,11,3,2.85,1.22,0.96,3,0,0,128,3rd pair
35,C,55,15.76,91.34,15.96,8.13,10,6,154,28,12,13,4,15,32,49,20,21,59,46,23,2.23,5.52,8.22,2,4,6,128,2nd line
36,D,71,16.77,89.81,4.22,5.46,7,11,183,23,5,8,1,11,22,38,14,38,123,5,3,2.63,0.59,1.0,2,3,0,131,3rd pair
37,C,53,11.77,67.72,8.46,4.92,5,2,110,14,7,6,0,4,8,57,29,4,58,27,9,1.96,3.52,2.99,2,3,2,94,3rd line
38,D,17,16.48,21.1,0.99,1.31,1,1,47,3,1,4,0,2,4,25,3,9,30,1,0,0.85,0.14,0.0,1,0,0,31,3rd pair
39,L,82,16.27,168.55,18.67,12.37,14,8,285,40,18,13,3,11,24,78,32,34,148,70,15,5.59,8.08,4.99,5,8,5,233,2nd line
40,C,47,11.84,57.92,6.83,3.99,1,3,114,7,3,5,0,4,8,41,15,12,51,15,11,1.54,2.09,3.21,1,0,2,77,3rd line
41,C,64,11.0,98.89,10.76,6.85,1,6,178,16,9,11,3,9,18,48,22,21,91,27,14,2.98,3.7,4.09,3,2,4,132,3rd line
42,C,74,14.73,120.55,13.16,8.5,7,5,194,26,14,9,3,10,23,100,40,19,114,39,12,3.78,5.25,4.13,4,6,4,165,2nd line
43,L,80,16.63,173.29,22.08,11.9,15,12,295,41,14,15,2,21,47,92,49,30,148,62,26,5.04,7.86,9.18,3,6,5,236,1st line
44,R,57,10.75,95.36,9.63,6.35,5,2,169,19,12,9,0,8,16,144,14,15,89,34,9,2.72,4.27,2.64,7,4,1,132,3rd line
45,L,73,20.2,303.74,37.37,20.88,18,15,578,75,42,28,2,18,38,188,31,52,281,87,44,8.99,10.3,18.09,12,9,21,412,1st line
46,R,66,13.68,107.06,9.62,6.57,14,5,175,34,15,11,1,9,18,99,17,20,106,25,13,3.04,2.88,3.69,4,5,6,144,2nd line
47,D,10,14.28,9.8,0.27,0.55,0,1,20,1,0,0,0,3,6,12,0,0,15,0,0,0.27,0.0,0.0,0,0,0,15,3rd pair
48,D,82,20.38,104.26,3.96,6.15,9,13,236,25,3,5,0,13,26,81,23,45,144,4,3,2.7,0.52,0.74,2,0,1,151,1st pair
49,D,50,15.12,39.78,1.55,2.26,2,3,84,7,2,3,0,22,53,58,8,16,56,2,0,1.26,0.29,0.0,1,1,0,58,3rd pair
50,D,72,17.36,110.33,4.06,6.08,7,8,246,17,2,12,0,35,79,312,20,36,155,6,2,2.88,0.71,0.48,2,0,0,163,3rd pair
51,R,82,15.31,134.85,16.21,9.72,14,8,226,40,18,13,2,4,8,26,47,30,108,52,17,3.84,6.26,6.11,3,9,6,177,2nd line
52,D,75,17.23,102.25,3.97,5.89,9,13,201,26,4,7,1,14,28,51,13,33,142,7,0,3.08,0.89,0.0,4,0,0,149,3rd pair
53,L,69,12.71,107.27,12.57,8.05,4,6,185,19,9,15,2,29,67,110,22,18,86,42,14,3.19,5.36,4.02,2,4,3,142,3rd line
54,L,82,15.63,177.57,20.54,12.77,15,6,306,34,13,29,3,29,61,81,45,20,163,65,20,5.37,7.99,7.18,3,5,5,248,2nd line
55,D,65,18.65,66.26,3.88,3.95,5,8,158,17,4,5,1,13,26,53,18,29,80,14,1,1.95,1.72,0.21,2,2,0,95,2nd pair
56,C,61,14.33,59.89,6.39,4.18,6,4,104,14,4,9,1,1,2,20,23,13,47,28,6,1.45,3.37,1.57,2,2,0,81,2nd line
57,D,53,13.53,71.9,2.94,4.22,4,6,153,12,2,6,2,10,20,84,15,17,95,5,2,1.88,0.59,0.46,2,0,0,102,3rd pair
58,R,43,19.38,114.23,17.71,9.65,13,8,190,38,17,10,4,5,10,31,47,22,69,56,27,2.57,6.83,8.31,5,6,6,152,1st line
59,D,77,19.78,59.09,2.86,3.57,13,10,156,24,1,5,0,13,26,102,18,43,81,4,2,1.77,0.42,0.68,1,0,0,87,2nd pair
60,C,82,22.39,330.69,45.31,26.02,60,29,529,153,64,27,5,18,36,89,82,77,243,157,41,9.16,18.81,17.34,18,25,21,441,1st line
61,R,77,13.65,134.16,14.32,9.73,13,7,238,32,12,10,2,12,26,18,22,19,117,49,14,4.26,5.94,4.13,5,4,3,180,2nd line
62,D,82,23.02,117.61,5.82,7.36,9,12,256,27,6,3,0,12,24,97,34,85,159,10,4,3.58,1.09,1.16,2,1,3,173,1st pair
63,L,76,13.64,133.49,14.59,9.34,8,5,249,30,17,10,3,8,21,47,25,38,116,52,12,3.64,6.84,4.11,5,7,5,180,2nd line
64,D,82,18.69,120.57,6.06,6.84,4,3,268,21,14,12,0,31,70,174,31,57,162,8,4,3.78,1.09,1.2,10,3,1,174,2nd pair
65,C,51,14.65,87.8,11.31,6.81,17,9,159,43,17,11,1,4,8,9,26,15,78,31,12,3.0,3.69,4.63,6,7,4,121,2nd line
66,D,76,23.72,196.06,9.41,12.05,23,17,397,49,9,15,0,16,32,95,48,79,269,12,3,6.64,1.42,1.34,7,0,2,284,1st pair
67,R,62,9.98,71.23,7.65,4.75,2,4,112,12,6,7,1,15,33,195,14,5,67,19,9,2.1,2.48,3.07,2,3,1,95,3rd line
68,L,25,12.06,30.72,2.48,1.93,4,2,58,9,3,1,1,3,6,21,9,9,31,6,3,0.97,0.75,0.76,1,0,2,40,3rd line
69,D,22,13.29,14.81,0.77,0.82,1,2,31,4,1,0,0,3,6,31,4,5,19,2,0,0.46,0.31,0.0,1,0,0,21,3rd pair
70,R,78,16.57,136.01,20.33,10.71,8,9,224,37,20,8,3,8,16,82,33,29,96,58,27,3.08,7.42,9.82,5,4,11,181,1st line
71,R,72,14.33,123.15,10.96,8.71,13,5,251,33,15,7,2,18,36,70,37,26,135,28,10,4.53,3.61,2.82,8,3,4,173,2nd line
72,D,71,23.39,197.72,16.17,13.28,15,9,376,38,14,25,3,28,58,77,29,65,236,31,15,5.64,3.8,6.73,3,4,7,282,1st pair
73,D,82,23.44,188.15,8.39,11.47,16,12,413,41,13,10,1,22,40,69,40,47,260,12,3,5.93,1.38,1.08,12,0,1,275,1st pair
74,C,70,13.26,112.36,13.89,8.36,9,4,183,21,8,10,4,13,31,118,19,16,96,34,20,3.63,4.29,5.99,1,4,3,150,3rd line
75,D,11,14.23,11.73,0.56,0.55,0,1,28,2,1,0,0,1,2,7,2,6,13,3,0,0.19,0.37,0.0,0,1,0,16,3rd pair
76,L,82,17.21,138.2,20.81,11.09,18,19,239,64,27,14,5,21,45,61,40,54,90,73,23,3.18,9.12,8.52,4,15,8,186,1st line
77,C,78,18.99,253.64,32.78,20.52,22,16,397,61,23,31,5,22,44,119,44,14,198,97,41,5.06,12.27,15.46,1,9,13,336,1st line
78,C,47,8.96,35.66,4.17,2.59,6,2,61,9,1,2,0,2,4,46,14,12,31,12,5,1.34,1.53,1.31,0,1,0,48,3rd line
79,C,46,10.1,40.32,3.98,2.58,5,1,72,6,0,5,0,3,6,25,14,9,38,11,6,1.01,1.34,1.63,0,0,0,55,3rd line
80,C,82,16.56,163.56,25.61,11.81,19,10,274,56,27,19,8,7,14,36,22,35,102,80,34,3.7,10.07,11.84,3,14,10,216,1st line
81,L,55,19.12,194.98,18.04,13.23,18,12,359,52,22,21,3,8,16,27,24,40,201,55,12,6.0,6.61,5.44,12,5,5,268,1st line
82,C,80,11.17,91.66,11.95,6.51,4,3,150,20,13,12,1,14,28,54,43,15,67,39,16,2.33,5.27,4.34,3,6,4,122,3rd line
83,D,64,21.07,63.94,4.72,3.76,11,3,145,18,4,9,0,10,20,44,43,38,80,5,6,1.91,0.68,2.12,1,1,2,91,1st pair
84,C,39,9.6,36.95,6.81,3.17,0,0,61,4,4,1,0,3,6,25,11,3,19,20,9,0.74,2.83,3.25,1,2,1,48,3rd line
85,C,82,18.44,217.67,29.32,16.39,24,15,418,75,36,25,3,12,24,50,48,40,186,76,36,6.79,8.73,13.8,15,8,13,298,1st line
86,D,82,19.33,89.16,3.55,5.1,5,5,211,16,6,4,0,27,60,224,13,51,121,9,0,2.54,1.01,0.0,3,3,0,130,2nd pair
87,D,78,19.35,83.9,3.73,4.81,1,6,175,10,3,11,0,23,50,216,9,35,111,7,2,2.49,0.7,0.54,3,0,0,120,2nd pair
88,C,81,12.94,110.33,12.88,7.87,17,6,175,34,11,9,3,27,60,96,32,16,89,50,13,2.99,5.63,4.27,0,6,5,152,3rd line
89,C,56,15.09,91.18,14.92,7.4,13,6,150,29,10,14,1,20,43,119,18,8,64,41,16,2.53,5.36,7.02,3,2,5,121,2nd line
90,D,54,17.73,37.89,1.6,2.14,5,2,103,12,5,2,1,10,23,106,14,24,51,3,1,0.99,0.35,0.26,3,1,1,55,2nd pair
91,C,79,11.92,121.2,14.17,8.55,6,8,189,31,17,19,3,18,57,105,24,20,94,51,16,3.34,6.76,4.07,6,8,3,161,3rd line
92,D,32,16.45,35.78,1.18,2.13,2,3,72,5,0,4,0,2,4,33,3,16,49,2,0,1.0,0.18,0.0,0,0,0,51,3rd pair
93,C,73,14.38,111.4,14.43,8.15,11,8,197,39,20,10,5,7,14,50,21,12,87,50,16,3.03,6.21,5.2,5,8,7,153,2nd line
94,D,60,22.86,87.75,4.26,4.71,2,9,180,14,3,6,1,15,30,50,27,23,114,9,2,2.35,1.08,0.83,2,0,1,125,1st pair
95,R,78,19.39,341.55,38.86,25.12,17,9,600,66,40,37,6,21,43,154,58,65,314,110,41,11.35,12.94,14.57,10,19,11,465,1st line
96,R,64,18.05,226.94,24.46,16.1,18,14,411,55,23,28,5,29,61,140,35,49,231,61,26,7.74,7.49,9.23,10,6,7,318,1st line
97,C,78,17.39,248.32,31.16,18.75,16,15,437,58,27,19,4,10,22,66,38,21,200,107,32,6.54,13.74,10.87,4,14,9,339,1st line
98,D,82,18.19,68.85,4.68,4.22,4,8,160,15,3,8,0,15,33,152,14,25,87,10,5,1.97,1.14,1.57,2,1,0,102,2nd pair
99,D,14,13.39,6.8,0.15,0.37,2,2,21,4,0,2,0,1,2,9,2,9,10,0,0,0.15,0.0,0.0,0,0,0,10,3rd pair
100,D,80,20.15,94.87,3.22,4.77,7,10,189,21,4,7,1,22,44,101,29,36,134,1,1,2.77,0.12,0.33,3,0,1,136,1st pair
101,L,59,10.75,71.31,7.59,5.49,5,1,122,14,8,7,4,13,26,100,24,21,56,29,9,1.8,3.54,2.25,3,1,4,94,3rd line
102,D,51,14.98,45.56,1.88,2.47,2,0,100,2,0,2,0,8,19,47,10,10,66,1,1,1.16,0.08,0.64,0,0,0,68,3rd pair
103,C,82,15.2,197.1,27.12,13.88,12,8,331,38,18,22,3,25,54,107,36,32,150,80,34,5.43,10.05,11.65,2,8,8,264,2nd line
104,C,46,12.92,36.89,5.7,2.8,6,3,57,15,6,3,0,11,22,23,12,31,30,15,6,1.41,2.06,2.23,3,2,1,51,3rd line
105,D,82,19.84,87.28,3.97,5.42,7,9,219,17,1,9,1,16,41,201,38,30,123,4,3,2.66,0.42,0.89,0,0,1,130,2nd pair
106,D,16,15.61,14.49,0.54,0.82,0,1,30,2,1,1,0,2,4,5,7,9,21,0,0,0.54,0.0,0.0,1,0,0,21,3rd pair
107,L,49,15.54,80.87,10.3,5.87,10,5,150,23,8,11,2,4,6,70,22,25,69,31,10,2.66,4.23,3.41,1,6,1,110,2nd line
108,C,65,16.3,104.59,15.86,9.21,12,4,178,30,14,8,5,12,24,83,45,13,70,46,23,2.55,6.08,7.22,2,5,7,139,2nd line
109,L,63,19.45,132.32,16.3,10.51,28,13,227,67,26,14,1,13,26,54,35,31,110,59,12,3.95,7.08,5.27,10,11,5,181,1st line
110,C,80,18.65,194.36,26.94,14.87,25,17,342,64,22,22,4,7,14,98,42,33,167,65,34,5.19,8.11,13.64,3,9,10,266,1st line
111,C,11,7.11,8.0,0.53,0.53,0,0,15,0,0,0,0,2,4,10,0,0,9,2,0,0.34,0.19,0.0,0,0,0,11,3rd line
112,D,81,16.37,80.04,3.77,4.64,7,4,181,14,3,7,0,19,44,70,21,38,100,12,1,2.22,1.35,0.2,2,1,0,113,3rd pair
113,R,81,17.9,223.56,27.18,17.51,15,11,364,46,20,41,4,14,31,98,37,58,179,88,34,6.22,11.05,9.91,3,9,8,301,1st line
114,R,78,16.97,182.37,22.47,13.1,17,13,311,56,26,9,5,8,16,69,30,38,142,78,22,4.97,9.16,8.34,3,12,11,242,1st line
115,L,71,11.8,76.24,7.85,6.16,6,10,126,25,9,3,1,14,30,238,16,23,68,28,6,2.76,3.58,1.51,3,3,3,102,3rd line
116,D,40,23.39,135.58,8.43,8.91,9,11,261,29,9,13,0,6,12,42,21,33,177,8,8,4.41,0.83,3.19,6,0,3,193,1st pair
117,D,44,16.46,36.73,1.23,1.82,2,4,78,8,2,2,0,15,40,139,11,20,48,4,0,0.78,0.45,0.0,1,1,0,52,3rd pair
118,R,53,20.27,151.13,20.48,11.41,15,15,257,47,17,17,1,1,2,54,31,26,140,53,17,4.9,6.47,9.11,2,6,9,210,1st line
119,L,77,17.76,153.48,19.75,10.73,13,8,259,45,24,13,1,16,35,194,32,32,127,62,17,4.5,8.17,7.08,8,10,6,206,1st line
120,R,82,18.44,249.86,33.01,20.35,13,19,436,60,28,29,7,8,16,141,29,42,193,108,38,6.27,13.14,13.6,4,15,9,339,1st line
121,D,51,15.27,69.53,2.88,3.98,5,3,169,13,5,6,0,28,81,159,14,38,99,2,2,1.98,0.18,0.72,3,0,2,103,3rd pair
122,D,70,19.24,80.61,3.98,4.77,5,9,166,16,2,5,0,20,43,209,21,31,109,10,1,2.38,1.0,0.6,0,1,1,120,2nd pair
123,D,35,15.84,22.11,0.88,1.4,2,5,50,8,1,2,0,4,8,16,8,14,33,0,0,0.88,0.0,0.0,1,0,0,33,3rd pair
124,D,78,21.47,136.37,8.04,8.16,16,7,286,32,9,7,2,14,28,91,29,44,176,15,5,4.46,1.96,1.62,7,0,2,196,1st pair
125,C,82,15.73,132.96,14.36,9.27,26,18,228,59,15,10,2,6,12,30,50,42,125,36,17,4.51,4.21,5.64,6,4,5,178,2nd line
126,C,81,10.96,92.26,9.53,5.83,6,6,169,18,6,8,1,12,30,124,18,10,76,40,8,2.45,5.02,2.06,1,4,1,124,3rd line
127,C,54,13.06,60.69,7.88,4.34,4,3,108,13,6,6,1,21,45,107,24,7,51,22,10,2.11,2.61,3.16,0,4,2,83,3rd line
128,D,78,21.12,82.08,4.2,4.78,13,8,164,23,2,7,0,11,20,43,43,34,105,11,2,2.44,1.21,0.56,2,0,0,118,1st pair
129,C,57,14.19,78.03,9.32,5.62,9,3,144,23,11,4,2,9,18,40,23,41,67,33,9,2.44,3.91,2.98,3,5,3,109,2nd line
130,D,60,15.55,57.91,3.64,3.48,1,4,128,5,0,8,0,28,63,102,25,31,68,12,2,1.56,1.55,0.53,0,0,0,82,3rd pair
131,D,71,21.53,82.29,4.84,5.23,10,8,178,20,2,7,0,11,22,63,47,59,106,11,4,2.29,1.39,1.16,1,1,0,121,1st pair
132,L,67,13.26,124.04,12.15,7.98,13,4,223,23,6,11,1,7,14,53,21,23,116,36,14,3.68,4.43,4.04,1,3,2,166,3rd line
133,D,36,13.55,18.07,0.51,0.99,3,2,48,5,0,2,0,14,31,45,5,16,26,1,0,0.43,0.08,0.0,0,0,0,27,3rd pair
134,D,81,23.67,151.95,9.75,10.17,24,26,335,64,14,14,0,26,55,115,50,54,203,16,7,5.67,1.67,2.41,11,3,0,226,1st pair
135,D,82,23.22,252.27,12.08,16.19,25,18,554,61,18,25,1,22,44,40,55,52,333,29,4,7.25,3.28,1.55,11,5,2,366,1st pair
136,C,82,13.98,87.54,12.2,6.69,9,5,151,26,12,10,4,26,64,304,26,30,68,38,13,2.89,5.06,4.25,1,3,8,119,2nd line
137,R,35,12.17,69.19,5.79,4.65,2,7,140,16,7,7,1,13,32,50,12,11,76,16,5,2.42,1.79,1.58,2,2,3,97,3rd line
138,D,67,25.17,247.62,17.7,18.25,21,20,542,59,18,25,1,18,36,51,24,29,301,44,12,9.0,4.93,3.77,11,2,5,357,1st pair
139,D,61,18.53,72.04,3.69,4.59,6,7,155,16,3,10,0,12,25,39,17,28,96,9,1,2.36,1.11,0.22,3,0,0,106,2nd pair
140,C,62,12.18,87.12,9.65,7.67,8,2,139,23,13,8,1,15,30,90,16,24,68,41,8,2.28,5.11,2.26,2,9,2,117,3rd line
141,C,11,9.01,10.07,1.01,0.75,0,0,15,0,0,0,0,2,4,16,1,1,7,6,0,0.21,0.8,0.0,0,0,0,13,3rd line
142,R,19,9.88,23.05,2.02,1.69,2,0,39,4,2,3,0,0,0,22,6,3,22,9,1,0.72,1.06,0.25,0,2,0,32,3rd line
143,C,78,16.2,158.94,19.12,11.67,7,5,247,29,17,20,3,17,34,168,33,31,125,64,22,4.14,8.03,6.95,4,9,4,211,2nd line
144,C,53,14.06,86.26,10.55,6.46,10,9,145,22,3,6,0,15,30,53,16,19,70,40,9,2.48,5.26,2.82,0,1,2,119,2nd line
145,C,82,18.16,252.59,22.75,17.56,23,14,424,56,19,25,4,17,36,97,60,43,251,70,24,7.56,8.45,6.75,8,5,6,345,1st line
146,D,46,13.51,29.96,1.01,1.7,3,3,67,6,0,2,0,20,51,25,7,37,44,1,0,0.81,0.2,0.0,0,0,0,45,3rd pair
147,R,43,14.95,71.68,8.84,5.17,3,4,126,14,7,4,1,11,22,37,18,13,60,31,8,2.08,3.62,3.13,1,4,2,99,2nd line
148,C,62,12.57,104.45,12.11,7.41,7,4,184,19,8,20,1,3,6,118,29,27,82,45,13,2.4,5.53,4.19,3,1,4,140,3rd line
149,C,75,14.42,135.48,17.25,8.85,11,6,238,30,13,9,2,8,16,22,40,30,108,58,18,3.56,7.48,6.21,3,6,4,184,2nd line
150,C,15,8.38,14.21,0.89,0.82,1,0,27,3,2,0,0,2,4,19,4,5,15,4,0,0.4,0.5,0.0,0,2,0,19,3rd line
151,R,74,17.24,176.52,20.83,14.9,19,18,309,55,18,16,4,12,24,49,23,21,167,56,20,5.65,6.88,8.3,5,5,8,243,1st line
152,D,70,21.3,98.57,3.79,5.27,5,7,215,13,1,11,1,24,57,119,13,34,134,5,2,2.38,0.57,0.84,0,0,1,141,1st pair
153,D,81,20.4,107.89,7.47,6.69,11,5,206,23,7,7,2,20,40,61,22,42,128,18,6,3.47,2.28,1.72,4,0,3,152,1st pair
154,D,68,24.97,160.57,9.33,10.38,12,18,355,41,11,14,0,26,52,79,19,65,198,25,5,4.68,3.11,1.54,7,2,2,228,1st pair
155,D,75,19.25,74.79,3.76,4.61,6,10,161,25,9,3,1,22,62,126,42,38,96,12,1,2.2,1.33,0.23,5,4,0,109,2nd pair
156,D,64,24.86,154.53,9.0,10.2,10,19,374,41,12,12,1,15,30,162,47,84,205,13,7,4.83,1.46,2.71,4,5,3,225,1st pair
157,R,18,7.45,9.78,0.85,0.71,1,1,20,2,0,1,0,15,39,44,3,0,11,2,1,0.29,0.33,0.23,0,0,0,14,3rd line
158,L,82,14.22,125.81,19.55,8.99,12,7,192,35,16,12,1,14,34,190,33,24,91,55,20,2.67,7.3,9.57,3,6,7,166,2nd line
159,R,19,10.27,24.34,2.04,1.74,1,0,47,4,3,2,0,4,8,6,3,7,25,7,1,0.81,0.92,0.32,1,1,1,33,3rd line
160,L,74,13.55,118.92,16.0,10.04,9,4,197,26,13,7,3,25,53,218,8,19,82,56,21,2.63,6.67,6.7,2,4,7,159,2nd line
161,D,79,21.95,112.69,5.87,7.02,14,20,240,43,9,4,1,17,37,162,61,68,148,13,3,3.28,1.69,0.91,5,2,2,164,1st pair
162,C,81,16.0,195.99,19.95,14.21,11,9,337,40,20,18,3,11,24,43,58,49,174,57,28,5.17,6.85,7.93,5,10,5,259,2nd line
163,L,55,10.51,57.8,5.87,3.62,1,2,101,4,1,4,0,14,37,172,18,12,61,12,6,2.06,1.63,2.18,0,0,1,79,3rd line
164,D,68,20.58,102.39,5.9,6.08,14,9,216,24,1,9,0,21,48,133,25,43,135,8,6,3.0,1.05,1.85,1,0,0,149,1st pair
165,C,82,19.96,265.13,30.49,18.82,32,20,440,91,39,15,3,10,20,71,57,67,265,75,28,9.15,8.89,12.45,14,13,12,368,1st line
166,L,50,10.46,52.94,5.28,3.39,4,4,98,14,6,5,1,4,8,43,13,14,54,13,7,1.86,1.54,1.88,4,1,1,74,3rd line
167,C,82,17.47,170.49,21.48,12.53,19,20,290,53,14,21,2,5,10,50,44,33,156,51,29,5.3,6.48,9.71,6,2,6,236,1st line
168,C,65,13.35,61.9,7.84,4.54,8,4,108,25,13,7,5,12,26,136,28,34,46,29,9,1.86,3.56,2.42,5,4,4,84,3rd line
169,C,32,9.52,22.93,1.88,1.22,2,0,44,4,2,0,1,1,2,30,10,3,27,1,3,0.73,0.15,1.0,1,0,1,31,3rd line
170,D,68,15.76,73.18,3.69,4.11,2,1,128,7,4,7,1,23,67,152,10,29,93,10,2,1.82,1.32,0.55,2,1,1,105,3rd pair
171,C,80,12.25,92.98,10.14,6.11,12,10,163,26,4,7,3,12,33,127,31,29,75,37,10,2.34,4.75,3.04,0,1,3,122,3rd line
172,C,71,11.25,115.17,12.66,8.31,9,4,203,27,14,11,3,16,36,69,36,15,103,40,13,3.33,5.36,3.97,7,3,4,156,3rd line
173,C,20,12.9,34.5,4.68,2.68,6,1,52,9,2,7,0,6,12,33,8,8,24,15,6,1.04,2.02,1.62,0,2,0,45,3rd line
174,D,12,13.33,8.11,0.35,0.52,0,1,17,1,0,2,0,2,4,8,4,1,11,1,0,0.21,0.14,0.0,0,0,0,12,3rd pair
175,L,71,16.65,124.82,16.21,9.43,14,4,198,37,19,7,3,7,12,24,34,26,93,56,18,3.42,6.75,6.05,5,6,8,167,1st line
176,L,73,18.53,191.37,22.73,14.3,31,15,335,67,21,11,3,37,74,81,42,84,162,63,25,5.93,8.1,8.7,6,8,7,250,1st line
177,C,68,12.7,53.01,7.42,3.91,7,5,82,16,4,10,1,9,18,44,9,7,37,21,13,1.41,2.71,3.3,0,3,1,71,3rd line
178,C,78,15.94,113.7,13.17,8.13,13,8,209,30,9,8,1,14,28,112,54,36,102,33,20,3.26,4.14,5.77,5,1,3,155,2nd line
179,D,56,17.12,60.64,2.02,3.36,0,6,140,9,3,3,0,15,30,71,13,21,88,1,1,1.62,0.1,0.29,3,0,0,90,3rd pair
180,D,59,14.59,27.71,0.92,1.43,4,4,58,9,1,3,0,4,8,34,13,8,40,0,0,0.92,0.0,0.0,1,0,0,40,3rd pair
181,C,58,11.52,80.76,8.87,5.62,5,6,139,15,4,9,2,6,12,39,17,21,63,29,13,1.8,3.44,3.63,0,1,3,105,3rd line
182,D,52,15.23,32.58,1.34,1.86,2,2,79,4,0,2,0,12,39,49,10,16,45,1,1,0.91,0.1,0.33,0,0,0,47,3rd pair
183,R,82,18.76,252.91,28.73,16.64,16,10,451,67,41,19,4,21,45,119,24,39,219,93,30,6.62,11.76,10.36,10,18,13,342,1st line
184,C,73,11.87,88.96,13.78,7.98,6,7,137,22,9,17,4,8,16,21,20,8,59,41,20,2.19,5.1,6.49,3,2,4,120,3rd line
185,C,72,14.77,134.52,15.34,11.19,10,11,230,35,14,17,2,10,20,62,35,23,114,56,15,3.54,6.9,4.89,5,6,3,185,2nd line
186,C,73,17.56,188.94,28.69,13.96,24,14,316,75,37,16,5,15,30,47,26,38,146,72,34,5.73,9.36,13.6,12,14,11,252,1st line
187,C,63,19.71,142.49,16.75,10.6,16,20,252,58,22,17,1,10,20,12,61,55,130,44,21,5.09,4.97,6.7,9,7,6,195,1st line
188,C,80,17.77,179.14,20.89,12.98,22,14,323,56,20,15,2,23,52,22,65,51,171,49,23,5.35,6.24,9.3,6,5,9,243,1st line
189,L,82,17.37,224.8,26.58,15.71,22,19,381,73,32,20,0,3,6,24,41,44,191,89,23,7.11,10.82,8.65,8,15,9,303,1st line
190,D,80,19.39,77.2,3.31,4.29,3,3,177,13,7,8,1,27,69,165,26,37,106,4,2,2.0,0.56,0.75,5,1,1,112,2nd pair
191,L,67,21.11,269.56,35.23,20.85,26,9,498,75,40,25,8,16,35,66,50,54,233,97,40,8.5,11.75,14.98,10,16,14,370,1st line
192,C,68,21.22,203.27,21.91,15.97,31,24,345,78,23,26,2,4,8,52,56,38,183,66,28,6.16,8.03,7.72,8,8,7,277,1st line
193,D,30,14.05,31.2,1.25,1.84,1,3,64,7,3,2,0,13,38,61,5,19,41,5,0,0.77,0.48,0.0,0,3,0,46,3rd pair
194,D,16,13.26,10.16,0.23,0.54,0,0,25,1,1,1,0,2,4,17,2,7,15,0,0,0.23,0.0,0.0,1,0,0,15,3rd pair
195,D,82,23.38,179.33,8.96,11.28,20,19,352,50,11,12,0,17,34,112,51,58,230,20,3,5.51,2.42,1.03,6,4,1,253,1st pair
196,D,12,14.97,6.98,0.23,0.46,0,0,18,0,0,0,0,3,6,43,3,2,11,0,0,0.23,0.0,0.0,0,0,0,11,3rd pair
197,D,60,21.02,70.95,3.08,3.87,3,7,153,13,3,5,0,15,30,63,20,32,99,3,1,1.94,0.38,0.77,3,0,0,103,1st pair
198,D,55,22.18,70.65,4.15,4.23,3,5,138,10,2,7,0,10,20,107,21,21,93,7,3,2.04,0.88,1.22,2,0,0,103,1st pair
199,D,78,25.66,150.2,6.25,10.55,35,34,368,76,7,10,1,17,34,29,56,45,202,17,1,4.1,1.72,0.43,4,3,0,220,1st pair
200,L,82,19.61,218.86,17.26,15.84,34,29,430,92,29,20,2,18,36,26,36,102,247,51,8,8.57,5.76,2.92,17,11,1,306,1st line
201,D,52,15.66,51.05,2.26,3.19,3,6,105,11,2,5,0,8,19,41,4,18,67,8,0,1.49,0.77,0.0,2,0,0,75,3rd pair
202,D,81,21.1,157.26,6.63,9.19,9,18,356,31,4,13,0,20,43,186,38,62,215,12,2,4.7,1.49,0.44,2,1,1,229,1st pair
203,D,48,13.31,88.95,2.32,4.64,3,2,208,11,6,8,0,17,35,54,6,15,130,1,0,2.22,0.09,0.0,6,0,0,131,3rd pair
204,C,82,13.95,102.73,14.0,8.12,9,7,192,30,14,9,3,11,22,60,26,20,76,47,18,2.82,5.56,5.61,4,5,5,141,2nd line
205,D,75,18.56,125.36,4.88,6.78,8,7,277,21,6,11,2,29,61,109,22,64,172,5,3,3.42,0.6,0.86,3,0,3,180,2nd pair
206,D,70,22.06,150.93,9.5,9.71,16,15,287,42,11,14,1,16,43,52,25,57,189,18,9,4.36,1.99,3.15,6,2,3,216,1st pair
207,L,73,11.28,52.85,5.88,3.42,8,1,87,13,4,3,0,9,24,67,30,21,48,22,5,1.58,2.85,1.45,1,3,0,75,3rd line
208,C,71,15.07,109.42,13.35,7.09,6,3,183,20,11,8,2,24,48,187,30,17,93,30,22,2.41,3.46,7.48,2,4,5,145,2nd line
209,R,22,9.27,40.66,5.64,3.23,2,0,66,3,1,9,1,5,13,18,5,0,35,15,5,1.02,2.2,2.42,0,0,1,55,3rd line
210,L,65,14.99,90.78,9.54,6.83,7,7,153,21,7,10,2,23,67,237,27,25,83,32,9,2.82,4.02,2.71,2,2,3,124,2nd line
211,R,54,10.89,57.88,5.91,3.63,2,1,101,9,6,3,2,7,14,35,9,9,53,17,8,1.57,2.0,2.33,0,2,4,78,3rd line
212,D,81,26.23,133.69,7.67,9.71,14,29,290,52,9,14,1,17,34,115,22,59,175,19,5,3.84,2.01,1.82,5,2,2,199,1st pair
213,R,82,18.61,270.77,33.2,20.85,25,15,443,62,22,31,4,15,33,115,38,38,219,107,36,6.58,13.68,12.94,6,6,10,362,1st line
214,L,59,16.99,163.02,16.19,11.77,14,5,264,29,10,15,0,7,14,60,27,20,148,51,19,4.21,6.38,5.6,3,5,2,218,1st line
215,R,58,16.58,87.82,14.63,6.95,7,8,138,25,10,5,1,12,24,77,45,17,45,47,25,1.83,5.71,7.1,2,4,4,117,1st line
216,R,30,13.1,49.5,4.76,3.27,2,2,82,7,3,2,0,5,10,22,16,14,51,9,7,1.91,1.01,1.84,2,1,0,67,3rd line
217,D,20,9.84,14.85,0.82,0.88,2,1,37,4,1,2,1,2,6,13,1,7,19,1,1,0.39,0.18,0.25,0,0,1,21,3rd pair
218,L,81,18.65,184.2,30.52,14.38,18,16,306,64,30,12,8,22,44,68,92,48,130,76,39,5.36,9.32,15.84,4,8,18,245,1st line
219,L,69,12.74,69.51,10.93,5.47,10,3,118,17,4,6,1,21,60,198,29,15,53,29,15,2.11,3.72,5.1,0,1,3,97,3rd line
220,D,79,16.77,116.39,5.03,6.98,7,8,273,21,6,8,0,17,37,108,29,48,163,5,2,3.51,0.59,0.92,5,0,1,170,3rd pair
221,L,81,13.52,108.72,14.32,8.01,4,8,174,24,12,9,2,8,16,43,35,22,79,51,17,2.75,6.2,5.36,1,6,5,147,2nd line
222,D,26,14.64,17.82,0.41,0.99,0,3,54,4,1,2,0,6,21,50,4,9,27,0,0,0.41,0.0,0.0,1,0,0,27,3rd pair
223,D,49,15.6,56.31,2.8,3.06,4,6,115,18,8,2,0,4,8,16,10,25,76,3,2,1.66,0.38,0.76,5,2,1,81,3rd pair
224,C,82,15.65,132.99,19.91,10.45,13,10,209,36,13,21,4,15,48,161,28,24,91,60,31,3.25,7.37,9.28,2,6,5,182,2nd line
225,R,81,15.11,163.85,15.42,11.84,13,16,280,46,17,18,2,9,21,47,46,37,189,30,15,6.62,3.3,5.5,7,4,6,234,2nd line
226,C,46,10.62,51.51,5.21,3.49,3,2,79,12,7,4,2,1,2,61,4,7,47,14,7,1.52,1.77,1.92,5,0,2,68,3rd line
227,C,68,20.21,237.94,30.95,18.67,11,8,386,45,26,19,1,19,41,129,28,25,185,94,37,5.22,12.01,13.71,4,15,7,316,1st line
228,C,58,16.56,114.26,18.05,8.9,12,6,189,29,11,14,3,10,23,34,40,15,74,59,22,2.87,7.13,8.05,1,5,5,155,1st line
229,C,71,13.24,104.53,11.12,7.65,8,10,174,25,7,11,2,14,34,61,24,8,93,41,8,3.66,5.2,2.26,1,4,2,142,3rd line
230,L,32,13.59,58.28,6.96,4.24,3,3,103,13,7,5,2,12,30,103,17,14,47,21,11,1.53,2.64,2.78,2,2,3,79,2nd line
231,D,79,23.8,114.95,8.36,7.04,15,16,228,35,4,10,0,13,24,27,25,52,133,19,8,3.69,2.4,2.27,1,3,0,160,1st pair
232,R,82,20.13,285.32,30.23,20.33,48,35,545,113,30,29,2,18,36,61,57,98,265,109,22,9.18,12.94,8.11,10,11,9,396,1st line
233,L,61,9.11,65.95,8.74,4.86,4,3,107,12,5,11,0,20,64,101,17,14,48,27,10,1.9,3.44,3.4,3,1,1,85,3rd line
234,C,80,11.83,110.35,13.68,8.37,3,6,191,19,10,16,4,7,16,133,46,15,90,46,15,3.34,5.99,4.35,5,1,4,151,3rd line
235,D,78,17.86,98.31,5.42,5.78,9,9,172,23,5,4,1,24,60,208,20,47,119,15,3,2.89,1.86,0.68,1,3,1,137,2nd pair
236,D,10,13.27,4.09,0.15,0.35,1,0,13,1,0,0,0,1,2,7,2,8,6,0,0,0.15,0.0,0.0,0,0,0,6,3rd pair
237,R,64,10.33,65.74,6.18,4.27,2,4,109,10,4,5,1,8,16,113,23,16,59,23,8,1.48,2.79,1.91,2,1,1,90,3rd line
238,D,78,25.8,181.95,15.03,13.38,35,23,378,73,15,16,0,41,82,105,45,61,221,31,15,5.89,3.76,5.38,6,6,3,267,1st pair
239,D,78,20.38,209.71,9.65,14.27,22,14,481,49,13,13,0,10,20,60,39,49,292,11,6,6.58,1.15,1.91,10,2,1,309,1st pair
240,C,30,10.4,17.18,1.55,1.19,2,2,33,6,2,0,0,4,8,22,7,5,18,5,1,0.61,0.66,0.28,2,0,0,24,3rd line
241,D,75,20.82,158.53,12.94,10.58,15,13,334,41,13,13,0,11,22,46,32,55,199,17,14,5.24,1.96,5.74,5,3,5,230,1st pair
242,D,80,20.13,87.83,4.21,4.74,4,10,192,15,1,6,0,12,24,139,20,39,109,14,1,2.17,1.74,0.31,1,0,0,124,1st pair
243,R,80,14.84,121.81,12.48,8.06,11,3,203,27,13,13,2,10,20,126,19,32,116,29,17,3.27,3.66,5.54,1,7,5,162,2nd line
244,D,61,21.65,103.48,4.57,5.69,6,9,230,21,6,11,0,19,36,77,31,38,143,7,2,2.95,1.01,0.61,5,0,1,152,1st pair
245,D,80,19.69,109.01,6.5,6.6,8,6,228,18,4,15,1,22,44,125,33,55,135,12,7,2.82,1.6,2.08,1,2,1,154,2nd pair
246,D,75,18.83,87.66,4.8,4.97,6,7,174,16,3,6,0,16,38,128,28,21,113,11,3,2.45,1.34,1.02,1,2,0,127,2nd pair
247,D,14,12.33,15.79,0.67,0.95,0,0,34,2,2,0,0,3,6,12,6,7,21,2,0,0.44,0.23,0.0,2,0,0,23,3rd pair
248,C,74,14.68,180.2,18.25,12.63,16,7,312,45,22,10,1,14,30,36,30,35,159,70,14,5.74,8.21,4.31,8,8,6,243,2nd line
249,C,77,10.93,103.8,10.69,7.39,2,2,167,14,10,10,1,11,25,163,18,12,88,42,10,2.96,5.2,2.53,4,4,2,140,3rd line
250,D,38,15.52,43.91,2.18,2.53,4,1,83,7,2,4,0,13,26,111,4,14,56,6,1,1.11,0.82,0.26,2,0,0,63,3rd pair
251,R,60,20.12,200.52,23.29,14.18,23,7,358,61,31,15,4,27,57,55,34,26,188,61,23,6.53,7.62,9.13,12,10,9,272,1st line
252,L,51,13.88,64.39,8.43,4.8,4,4,111,14,6,10,0,11,31,108,23,20,51,23,12,1.7,3.07,3.66,1,1,4,86,2nd line
253,C,79,11.03,99.32,9.62,6.98,8,10,175,27,9,13,2,16,38,87,20,18,97,30,9,3.05,3.72,2.85,4,3,2,136,3rd line
254,R,37,10.42,30.27,3.66,1.9,6,2,49,13,5,3,0,7,18,24,7,13,24,13,4,0.68,1.56,1.42,2,2,1,41,3rd line
255,L,66,12.55,70.31,8.65,4.96,5,6,112,18,7,2,1,16,38,69,20,22,55,28,9,1.86,3.4,3.39,1,2,4,92,3rd line
256,C,81,19.02,247.68,34.44,18.14,29,21,449,84,34,27,2,23,46,92,25,54,191,120,32,7.2,13.98,13.26,8,14,12,343,1st line
257,L,81,15.22,134.84,16.31,9.46,10,13,239,39,16,7,1,15,33,141,32,36,117,49,17,3.74,6.12,6.44,5,6,5,183,2nd line
258,R,80,14.73,92.02,14.33,7.7,6,13,152,29,10,7,3,8,16,104,24,27,60,40,25,2.46,4.85,7.03,3,5,2,125,2nd line
259,C,81,13.72,88.38,11.97,6.73,6,3,141,20,11,9,4,18,39,89,26,18,70,29,21,2.6,3.61,5.76,3,3,5,120,2nd line
260,L,80,10.34,75.8,9.38,6.15,4,5,122,14,5,7,2,32,100,172,26,19,51,33,14,1.81,4.01,3.57,0,3,2,98,3rd line
261,L,60,12.37,74.08,8.54,5.78,12,4,116,26,10,8,2,18,45,147,21,18,64,23,10,2.2,2.8,3.54,3,4,3,97,3rd line
262,D,73,15.15,49.88,2.19,2.87,5,5,99,12,2,4,0,20,38,47,18,14,66,8,0,1.3,0.89,0.0,2,0,0,74,3rd pair
263,D,59,17.11,60.74,3.52,3.8,4,3,139,12,5,4,1,14,31,90,24,25,78,6,4,1.65,0.72,1.15,3,1,1,88,3rd pair
264,R,32,10.54,40.54,4.83,2.97,1,1,72,4,2,3,1,9,24,75,7,2,32,18,5,0.83,2.22,1.78,1,0,1,55,3rd line
265,C,77,12.62,105.13,14.56,8.29,8,9,178,25,8,16,3,17,35,108,34,11,68,60,14,2.38,7.38,4.8,0,5,3,142,3rd line
266,D,10,16.62,16.85,0.48,0.91,0,2,37,2,0,2,0,4,8,27,3,4,25,0,0,0.48,0.0,0.0,0,0,0,25,3rd pair
267,L,14,13.49,19.57,1.91,1.37,3,1,30,5,1,2,0,9,21,20,5,1,20,5,2,0.82,0.63,0.45,0,1,0,27,3rd line
268,C,39,16.88,59.6,9.8,4.52,8,6,118,21,7,8,1,7,14,24,16,22,41,24,15,1.37,2.95,5.49,1,2,4,80,1st line
269,R,24,16.57,47.61,5.9,3.94,5,3,78,15,7,4,1,3,6,9,15,9,36,18,7,1.19,2.59,2.12,2,3,2,61,1st line
270,D,65,21.7,120.88,6.77,7.9,20,17,242,41,4,8,0,9,21,70,20,65,154,15,5,3.37,1.79,1.6,2,2,0,174,1st pair
271,L,56,12.59,111.48,15.45,9.28,8,1,172,25,16,13,3,15,30,133,19,8,72,46,26,2.54,5.84,7.07,4,6,6,144,3rd line
272,C,65,14.96,86.15,10.62,6.49,7,11,149,28,10,13,1,9,18,46,21,22,75,31,13,3.16,3.87,3.59,3,4,3,119,2nd line
273,D,73,17.79,89.35,5.45,5.88,12,15,215,34,7,3,0,20,40,30,14,24,112,14,4,2.51,1.76,1.17,2,4,1,130,2nd pair
274,L,75,13.03,93.91,9.97,6.54,3,4,156,19,12,5,3,9,21,84,23,19,91,27,12,3.07,3.3,3.6,6,3,3,130,3rd line
275,C,63,11.53,91.6,12.56,7.06,3,3,161,17,11,11,2,10,29,84,4,18,73,43,13,2.27,5.2,5.09,1,3,7,129,3rd line
276,D,67,19.47,72.71,3.74,4.34,8,5,148,16,3,5,0,17,34,96,19,45,96,6,3,2.05,0.64,1.05,2,1,0,105,2nd pair
277,C,31,15.59,57.21,6.3,4.07,10,3,102,18,5,7,1,3,6,28,10,15,58,18,5,2.29,1.97,2.04,1,1,3,81,2nd line
278,D,79,23.0,124.0,5.42,7.7,6,17,256,27,4,11,0,15,30,115,59,49,175,5,3,3.69,0.86,0.87,4,0,0,183,1st pair
279,R,43,12.44,69.82,9.89,5.8,5,4,102,15,6,10,3,11,31,99,11,6,40,35,14,1.45,4.59,3.86,0,4,2,89,3rd line
280,R,75,12.23,130.62,12.71,9.11,6,5,227,16,5,9,0,13,32,139,24,20,127,37,14,4.36,4.6,3.75,2,3,0,178,3rd line
281,C,62,15.92,87.42,11.79,6.79,7,2,148,19,10,13,3,10,28,19,40,17,63,39,16,2.15,4.8,4.84,3,3,4,118,2nd line
282,D,61,22.34,108.11,4.27,7.06,8,18,253,31,5,11,0,13,24,190,23,36,154,9,0,3.31,0.96,0.0,4,1,0,163,1st pair
283,D,48,24.45,114.99,6.62,7.97,18,8,252,34,8,17,2,14,33,53,42,73,148,16,3,3.59,1.83,1.19,3,3,2,167,1st pair
284,C,64,16.86,86.95,12.31,7.56,6,12,144,28,10,10,2,3,6,13,20,34,61,35,19,2.14,4.56,5.61,0,5,5,115,1st line
285,D,76,19.45,90.43,3.59,5.13,11,9,235,22,2,6,0,21,43,198,25,55,130,2,2,2.54,0.35,0.7,2,0,0,134,2nd pair
286,D,83,19.14,81.06,3.38,4.61,1,5,173,8,2,4,0,14,28,117,16,40,110,5,2,2.15,0.61,0.62,2,0,0,117,2nd pair
287,R,76,17.14,233.4,26.0,15.73,16,13,432,57,28,21,4,9,21,76,40,30,229,63,28,7.19,8.03,10.78,9,6,13,320,1st line
288,C,46,14.85,73.02,8.11,4.88,8,5,123,18,5,8,1,12,26,36,18,14,64,26,8,1.79,3.28,3.04,0,2,3,98,2nd line
289,D,75,19.07,90.32,4.0,4.99,7,9,194,23,7,4,0,6,15,21,30,40,117,6,4,2.07,0.85,1.08,5,0,2,127,2nd pair
290,R,56,14.02,70.78,9.47,4.67,11,4,124,18,3,2,0,13,26,80,25,18,53,27,14,1.71,3.29,4.46,0,1,2,94,2nd line
291,R,73,14.72,114.51,13.26,8.63,15,11,204,33,7,11,2,9,18,33,21,32,94,39,19,2.93,5.12,5.21,2,1,4,152,2nd line
292,L,17,9.1,16.01,1.57,1.14,0,0,32,1,1,1,0,1,2,32,4,6,14,6,2,0.4,0.67,0.51,0,0,1,22,3rd line
293,L,13,13.46,14.63,1.36,1.14,1,2,23,3,0,0,0,3,6,7,4,5,12,6,1,0.28,0.86,0.23,0,0,0,19,3rd line
294,D,82,19.92,102.79,6.6,5.61,7,9,231,24,8,5,1,5,10,87,31,56,133,12,4,2.82,1.49,2.28,4,1,3,149,2nd pair
295,D,16,14.42,4.0,0.15,0.26,1,3,21,4,0,0,0,6,15,28,2,6,6,0,0,0.15,0.0,0.0,0,0,0,6,3rd pair
296,R,82,19.01,255.18,28.32,19.2,29,10,471,66,27,30,3,12,25,109,44,39,224,96,25,7.64,11.32,9.35,6,12,9,345,1st line
297,R,31,12.13,39.43,3.04,2.54,3,5,67,14,6,3,1,5,13,27,8,13,39,13,1,1.14,1.6,0.3,4,1,1,53,3rd line
298,D,60,16.31,90.37,4.1,5.19,5,5,195,16,6,12,0,13,26,49,6,32,118,9,2,2.53,0.92,0.64,4,1,1,129,3rd pair
299,C,55,12.83,71.18,8.39,5.15,2,3,131,18,13,4,2,6,15,168,17,11,57,30,8,2.08,3.86,2.45,4,7,2,95,3rd line
300,C,82,18.43,158.43,19.64,12.02,22,22,284,65,21,8,3,17,40,140,41,47,137,60,17,4.75,7.56,7.33,9,5,7,214,1st line
301,D,27,11.92,16.66,0.84,1.07,2,1,42,3,0,1,0,2,4,35,5,1,21,3,0,0.46,0.38,0.0,0,0,0,24,3rd pair
302,D,44,8.33,19.46,1.16,1.15,3,2,51,6,1,1,0,20,55,86,6,8,25,1,2,0.4,0.14,0.62,1,0,0,28,3rd pair
303,R,78,12.33,155.18,21.42,14.83,11,12,236,36,13,32,5,13,32,99,27,31,114,63,31,3.31,8.32,9.79,3,6,4,208,3rd line
304,D,47,11.21,44.4,1.74,2.72,3,3,97,10,4,3,0,6,12,16,9,7,65,2,0,1.55,0.19,0.0,3,1,0,67,3rd pair
305,D,78,19.39,98.72,4.41,5.83,7,7,218,17,3,3,1,29,61,117,33,45,138,7,2,2.99,0.76,0.66,2,0,1,147,2nd pair
306,D,63,19.72,128.3,6.49,7.18,5,4,257,18,9,8,0,20,45,47,33,36,171,8,4,4.13,1.12,1.24,7,1,1,183,2nd pair
307,D,44,14.62,39.97,3.11,2.41,2,0,80,3,1,4,0,13,29,89,21,22,49,2,5,1.38,0.25,1.48,1,0,0,56,3rd pair
308,C,56,11.57,76.57,7.49,5.28,1,5,137,10,4,3,1,21,66,150,13,13,67,30,7,1.95,3.67,1.87,1,2,1,104,3rd line
309,D,48,17.36,40.74,1.71,2.41,2,1,92,5,2,3,0,19,62,165,5,13,56,2,1,1.17,0.22,0.31,2,0,0,59,3rd pair
310,D,65,16.71,71.29,3.35,4.13,8,6,149,16,2,7,0,5,10,79,10,31,92,6,2,1.98,0.66,0.72,2,0,0,100,3rd pair
311,D,19,16.02,23.69,1.1,1.21,0,1,47,1,0,4,0,4,11,23,2,6,31,2,1,0.56,0.27,0.28,0,0,0,34,3rd pair
312,L,37,8.07,24.34,3.16,1.68,0,0,42,3,3,1,1,8,24,100,5,2,20,7,6,0.58,0.77,1.81,1,0,2,33,3rd line
313,L,51,11.89,93.45,8.62,6.99,9,3,163,16,4,10,1,6,15,55,30,10,91,25,10,2.99,3.19,2.44,0,1,3,126,3rd line
314,C,82,17.72,189.32,29.37,15.95,24,25,338,77,28,29,4,4,8,93,32,57,135,96,32,4.77,11.37,13.23,5,13,10,263,1st line
315,L,64,15.68,63.24,8.72,4.54,22,16,131,49,11,4,1,9,18,24,23,46,48,22,15,1.51,2.76,4.45,2,5,4,85,2nd line
316,C,81,14.54,111.49,13.67,8.28,10,5,189,21,6,14,0,19,44,188,35,28,86,46,17,2.77,6.09,4.8,2,3,1,149,2nd line
317,C,54,11.65,69.03,7.58,4.78,1,2,117,9,6,8,2,8,20,31,25,12,61,22,10,1.88,2.7,3.0,1,1,4,93,3rd line
318,D,11,13.75,6.6,0.62,0.34,0,0,14,1,1,0,1,1,2,10,1,1,7,1,1,0.15,0.1,0.36,0,0,1,9,3rd pair
319,C,82,19.32,238.76,28.62,19.32,27,15,410,64,22,22,2,26,58,182,55,64,209,97,27,7.3,11.41,9.91,6,8,8,333,1st line
320,D,82,17.51,99.54,3.37,5.46,5,12,211,20,3,4,0,19,41,105,27,40,140,3,0,2.88,0.49,0.0,3,0,0,143,3rd pair
321,R,60,12.89,97.45,12.98,7.2,2,4,157,15,9,17,5,10,26,190,20,7,72,39,20,2.42,4.72,5.85,0,3,6,131,3rd line
322,D,82,16.36,75.69,2.88,4.47,10,7,167,20,3,8,0,19,47,203,14,23,110,3,1,2.12,0.32,0.44,2,1,0,114,3rd pair
323,D,70,16.35,78.28,2.77,4.42,11,7,177,22,4,6,0,29,84,318,11,33,113,1,3,1.78,0.16,0.83,4,0,0,117,3rd pair
324,L,64,13.81,90.61,9.52,6.75,5,5,140,19,9,5,1,17,46,81,11,36,75,35,11,2.13,4.11,3.28,3,4,2,121,2nd line
325,D,71,19.33,76.23,3.63,4.63,10,18,174,35,7,3,0,15,39,136,25,48,101,6,3,2.22,0.7,0.71,5,1,1,110,2nd pair
326,D,78,20.91,97.35,4.94,5.9,7,9,218,17,1,4,0,30,66,93,25,48,134,7,1,3.35,0.74,0.85,1,0,0,142,1st pair
327,D,82,20.64,80.75,4.06,4.92,13,11,189,25,1,5,0,9,16,123,36,40,113,4,3,2.66,0.56,0.84,1,0,0,120,1st pair
328,L,80,10.09,75.82,6.95,5.35,1,5,131,12,6,4,0,27,96,306,13,8,77,23,7,2.29,2.85,1.82,1,4,1,107,3rd line
329,C,78,18.29,161.65,18.25,10.39,13,12,278,43,18,15,1,20,40,156,35,42,147,51,21,3.97,6.25,8.03,4,8,6,219,1st line
330,C,73,19.34,104.98,13.36,7.79,30,17,175,65,18,6,1,11,22,15,67,40,93,40,11,3.76,4.75,4.84,9,4,5,144,1st line
331,C,70,17.19,114.47,15.51,8.79,25,15,202,56,16,9,4,10,20,41,17,36,89,47,20,3.25,5.67,6.59,6,6,4,156,1st line
332,D,82,18.52,149.32,7.86,9.84,11,21,380,40,8,7,0,14,28,95,66,73,200,14,5,4.58,1.6,1.67,3,2,3,219,2nd pair
333,L,67,15.67,145.01,12.55,9.95,12,8,261,34,14,9,4,14,28,24,19,41,146,37,15,4.66,4.08,3.81,4,7,3,198,2nd line
334,R,81,15.62,215.42,23.26,15.72,12,13,358,45,20,16,4,8,16,63,56,20,209,67,23,6.61,8.06,8.58,6,6,8,299,2nd line
335,D,69,15.4,99.2,3.87,5.78,10,5,205,20,5,9,1,11,22,73,27,28,140,6,0,3.04,0.83,0.0,4,1,0,146,3rd pair
336,D,23,16.46,27.75,0.84,1.42,1,1,58,2,0,1,0,0,0,18,7,10,40,0,0,0.84,0.0,0.0,0,0,0,40,3rd pair
337,C,70,11.61,68.49,8.8,4.89,4,7,135,21,10,10,3,1,2,50,22,28,49,37,8,1.81,4.41,2.58,2,6,2,94,3rd line
338,C,29,11.17,26.44,2.84,1.86,2,0,47,5,3,5,0,4,8,16,13,4,24,10,3,0.83,1.24,0.77,2,1,0,37,3rd line
339,D,46,18.63,67.75,2.96,4.72,11,8,135,24,5,3,0,4,8,23,11,24,94,3,1,2.44,0.31,0.21,4,0,1,98,2nd pair
340,R,82,12.81,146.3,13.03,10.47,9,13,261,36,14,17,1,15,30,10,36,27,149,38,12,4.88,4.69,3.45,4,5,5,199,3rd line
341,D,78,17.47,78.49,3.55,4.64,5,12,179,18,1,10,0,3,6,45,34,37,107,5,2,2.38,0.64,0.53,1,0,0,114,3rd pair
342,C,52,10.57,49.76,3.88,3.1,2,2,85,7,3,4,0,21,66,98,13,9,49,17,3,0.95,2.15,0.78,0,3,0,69,3rd line
343,R,38,11.7,52.79,4.15,3.34,3,0,90,9,6,3,1,0,0,36,20,11,52,15,3,1.59,1.82,0.74,2,2,2,70,3rd line
344,C,80,19.56,252.74,27.39,17.99,24,23,465,79,32,25,4,17,35,47,56,47,265,57,26,8.46,6.71,12.21,9,9,14,348,1st line
345,D,82,24.38,154.24,9.73,11.14,28,32,331,72,12,10,1,17,34,25,88,74,193,19,8,5.38,1.87,2.48,4,4,4,220,1st pair
346,C,54,14.49,55.36,6.8,3.37,13,4,107,19,2,4,0,10,28,27,19,29,44,21,7,1.37,2.96,2.47,1,0,1,72,2nd line
347,R,82,18.54,301.38,32.92,22.8,27,20,516,87,40,20,4,14,28,18,70,37,270,95,39,8.72,11.75,12.45,10,16,14,404,1st line
348,C,81,17.13,144.81,17.84,10.08,17,17,244,48,14,12,3,26,66,118,65,27,126,54,20,4.4,6.96,6.47,4,6,4,200,1st line
349,L,39,12.22,44.01,4.43,2.98,2,4,92,10,4,4,0,10,23,53,12,13,47,10,4,1.69,1.27,1.48,3,0,1,61,3rd line
350,D,76,21.49,107.02,5.38,6.31,11,20,269,37,6,11,0,8,16,67,42,36,146,8,2,3.38,1.03,0.98,4,1,1,156,1st pair
351,L,69,17.6,206.62,26.01,15.59,33,16,361,72,23,18,1,26,52,53,18,37,159,88,25,5.33,10.84,9.83,5,7,11,272,1st line
352,L,43,12.43,53.87,6.47,3.94,2,2,87,10,6,5,0,9,24,63,13,3,46,19,7,1.63,2.35,2.49,3,1,2,72,3rd line
353,D,61,19.57,60.65,2.78,3.76,4,7,126,13,2,6,0,16,38,112,12,71,86,5,1,1.78,0.61,0.39,1,1,0,92,2nd pair
354,D,80,23.19,141.3,9.0,9.2,24,19,300,53,10,15,0,28,56,78,31,65,171,26,6,4.14,2.9,1.96,4,3,3,203,1st pair
355,L,50,16.49,106.98,11.97,7.94,12,10,181,30,8,8,1,8,19,54,19,29,94,38,13,2.78,4.78,4.4,1,3,4,145,1st line
356,D,39,16.3,35.5,1.42,2.21,5,6,93,15,4,4,0,10,20,49,5,34,50,2,0,1.22,0.2,0.0,3,1,0,52,3rd pair
357,R,81,16.68,216.72,19.93,13.71,11,8,354,41,22,25,6,19,46,86,21,34,214,62,17,5.94,7.28,6.71,8,5,9,293,1st line
358,R,13,10.28,12.8,1.14,0.85,0,1,20,1,0,1,0,0,0,37,4,3,14,3,1,0.5,0.41,0.23,0,0,0,18,3rd line
359,D,78,19.95,126.87,5.71,6.9,5,13,290,26,8,8,0,14,28,83,23,47,172,9,2,3.93,0.95,0.82,6,1,1,183,2nd pair
360,D,13,23.6,37.21,1.79,2.35,4,1,77,8,3,2,0,0,0,5,14,9,48,6,0,1.1,0.69,0.0,0,3,0,54,1st pair
361,L,10,8.58,8.18,0.84,0.66,0,0,13,1,1,1,0,0,0,7,5,0,7,4,0,0.3,0.53,0.0,1,0,0,11,3rd line
362,D,30,16.17,32.14,2.28,1.94,3,6,78,9,0,3,0,11,24,17,3,22,35,6,3,0.62,0.79,0.87,0,0,0,44,3rd pair
363,D,77,21.66,91.18,4.64,5.44,4,11,188,20,5,5,0,15,30,162,18,31,118,13,1,2.68,1.65,0.31,3,2,0,132,1st pair
364,L,49,16.55,109.09,9.23,7.5,15,11,206,39,13,5,1,7,14,17,31,17,111,27,9,3.45,3.11,2.67,6,5,2,147,1st line
365,C,65,10.92,110.58,10.65,7.86,5,3,198,21,13,7,2,4,8,68,29,24,105,35,10,3.85,4.2,2.6,4,6,3,150,3rd line
366,C,82,16.99,145.18,15.52,10.85,16,13,241,45,16,13,2,15,30,68,59,42,118,61,12,4.55,7.45,3.52,9,4,3,191,1st line
367,L,23,16.37,39.56,4.45,2.97,6,2,68,15,7,3,1,3,6,7,13,14,30,16,6,1.12,1.87,1.46,0,3,4,52,2nd line
368,C,80,20.55,267.69,30.48,20.29,37,26,489,102,39,27,5,7,14,74,56,47,257,83,33,8.46,10.07,11.95,11,14,14,373,1st line
369,L,51,9.59,51.31,6.14,3.58,2,4,83,9,3,7,0,11,27,83,11,18,39,22,7,1.31,2.77,2.06,2,0,1,68,3rd line
370,C,62,12.13,72.88,8.37,5.49,6,1,130,14,7,8,2,4,8,60,23,7,58,32,8,2.21,3.82,2.34,3,2,2,98,3rd line
371,R,67,13.46,98.84,10.54,6.41,9,4,158,28,15,8,2,8,16,20,16,26,97,25,11,2.98,2.97,4.59,5,5,5,133,3rd line
372,R,66,11.63,82.69,9.26,6.68,7,3,139,15,5,12,1,27,81,178,17,8,65,31,12,2.12,3.85,3.29,2,2,1,108,3rd line
373,D,67,17.91,76.86,4.26,4.4,6,6,154,18,6,1,1,14,30,107,11,37,102,5,3,2.37,0.7,1.19,5,0,1,110,2nd pair
374,C,79,20.65,215.55,29.06,17.09,20,12,355,70,38,20,3,9,18,57,38,37,180,86,35,6.02,10.41,12.64,11,17,10,301,1st line
375,D,79,17.45,92.65,3.73,5.35,4,5,204,11,2,10,0,25,50,113,19,42,125,6,2,2.37,0.82,0.54,1,1,0,133,3rd pair
376,L,76,12.11,169.19,15.63,10.86,10,4,276,27,13,19,1,24,56,100,16,33,170,36,20,4.51,5.0,6.12,4,5,4,226,3rd line
377,D,12,16.14,9.51,0.34,0.53,0,0,19,1,1,0,0,4,8,11,3,9,13,1,0,0.25,0.09,0.0,1,0,0,14,3rd pair
378,D,33,18.15,32.55,1.14,1.93,5,3,66,11,3,3,0,16,32,45,2,13,45,2,0,0.93,0.21,0.0,3,0,0,47,2nd pair
379,D,59,16.96,51.46,3.19,3.11,1,1,119,3,1,6,0,18,34,122,19,25,61,10,2,1.33,1.28,0.58,0,1,0,73,3rd pair
380,D,50,14.64,41.03,1.56,2.57,2,5,105,8,1,1,0,12,36,81,6,14,58,3,0,1.26,0.3,0.0,1,0,0,61,3rd pair
381,C,82,16.04,124.22,14.91,8.11,11,8,207,38,19,15,1,5,10,42,42,21,110,46,12,3.5,5.38,6.03,5,7,7,168,2nd line
382,C,68,9.64,65.38,6.64,4.7,5,2,114,15,8,2,2,6,12,61,14,16,61,22,6,2.01,2.82,1.8,1,4,3,89,3rd line
383,R,84,11.8,89.23,11.58,6.48,4,5,151,22,13,7,3,25,59,268,12,13,58,48,13,1.84,6.04,3.7,4,5,4,119,3rd line
384,R,20,12.07,25.52,5.78,2.24,2,1,39,9,6,0,1,3,6,14,4,3,15,11,8,0.51,1.36,3.91,1,0,5,34,3rd line
385,L,46,9.82,67.23,6.84,5.1,3,3,120,11,5,5,1,6,12,63,15,18,59,25,7,1.98,3.28,1.58,1,3,1,91,3rd line
386,L,21,12.07,27.43,4.12,2.22,1,2,46,8,5,1,3,4,8,21,9,3,20,10,6,0.6,1.4,2.13,1,0,4,36,3rd line
387,L,67,12.7,140.63,18.11,10.69,10,5,228,28,13,11,1,14,28,96,49,27,106,56,22,4.12,7.59,6.4,9,4,0,184,3rd line
388,D,62,22.39,57.85,3.02,3.38,6,11,123,20,3,3,0,10,20,61,15,61,70,10,2,1.54,1.04,0.44,1,1,1,82,1st pair
389,L,50,17.47,176.85,20.14,12.97,13,10,322,42,19,19,4,10,20,86,34,29,171,52,19,6.61,6.21,7.32,6,4,9,242,1st line
390,D,23,14.45,35.59,1.53,2.0,1,1,65,3,1,5,0,6,15,52,5,9,48,3,0,1.11,0.42,0.0,1,0,0,51,3rd pair
391,C,79,16.86,136.3,17.51,10.52,23,17,233,55,15,11,3,18,36,65,34,62,116,51,18,3.78,6.43,7.28,4,5,6,185,1st line
392,C,81,16.27,123.36,19.05,10.1,7,10,201,34,17,13,2,16,32,155,33,30,92,55,24,3.49,6.63,8.93,6,6,5,171,2nd line
393,L,82,16.82,187.77,24.44,14.91,17,9,343,43,17,13,3,20,40,86,48,32,140,90,26,5.62,11.35,7.46,3,10,4,256,1st line
394,D,16,15.46,17.69,0.84,1.02,2,2,37,5,1,2,0,1,5,27,11,8,22,3,0,0.51,0.33,0.0,1,0,0,25,3rd pair
395,L,18,14.23,37.85,5.35,3.31,2,0,68,9,7,10,1,3,6,3,5,6,24,17,8,0.68,2.33,2.34,1,3,3,49,2nd line
396,C,12,17.44,24.58,2.8,1.97,3,3,44,8,2,4,0,2,4,12,0,3,23,9,2,0.76,1.16,0.87,0,1,1,34,1st line
397,L,20,14.85,49.14,6.85,3.72,5,2,83,9,2,5,0,1,2,20,6,9,39,18,9,1.41,2.45,3.0,1,0,1,66,2nd line
398,L,63,9.32,64.03,7.03,4.42,8,0,115,15,7,11,1,25,77,239,4,17,54,27,7,1.72,3.59,1.72,1,5,1,88,3rd line
399,R,69,12.08,76.22,8.95,5.69,5,4,129,19,10,7,2,6,12,122,18,23,56,39,8,1.81,4.81,2.33,4,2,4,103,3rd line
400,C,82,17.04,122.64,13.28,9.11,12,14,206,41,15,15,1,30,69,29,29,48,106,48,12,3.45,6.13,3.7,4,6,5,166,1st line
401,D,80,25.11,144.44,7.93,9.24,16,27,309,50,7,12,1,12,26,93,45,39,187,23,4,4.15,2.46,1.32,2,3,2,214,1st pair
402,D,81,19.95,100.04,5.23,6.02,12,14,245,33,7,11,1,15,28,44,28,41,132,12,2,3.28,1.34,0.61,3,2,2,146,2nd pair
403,L,82,15.12,162.96,24.19,11.79,12,16,276,48,20,23,3,15,30,65,35,35,127,56,32,4.64,7.43,12.12,7,4,9,215,2nd line
404,C,82,19.78,241.63,37.24,19.86,24,12,407,67,31,26,7,6,12,58,35,38,192,89,49,6.02,10.9,20.32,8,6,17,330,1st line
405,C,53,11.8,53.38,5.77,3.38,7,1,99,10,2,5,1,3,6,49,20,15,51,13,8,1.31,1.7,2.76,0,1,1,72,3rd line
406,D,10,16.74,13.15,0.58,0.81,0,1,29,1,0,1,0,1,2,21,0,4,18,1,0,0.43,0.15,0.0,0,0,0,19,3rd pair
407,R,59,16.3,165.81,15.92,10.6,15,7,275,37,15,14,1,32,70,62,30,32,164,43,18,5.01,5.55,5.37,4,7,4,225,2nd line
408,L,82,11.31,143.29,14.07,9.61,5,3,218,20,12,11,4,28,68,149,30,13,126,46,17,3.65,5.5,4.91,3,7,2,189,3rd line
409,D,82,22.01,147.11,6.33,8.82,15,10,346,30,5,18,1,15,33,37,60,26,202,11,3,4.26,1.3,0.76,2,2,1,216,1st pair
410,C,50,12.44,59.61,6.57,4.25,3,2,106,12,7,3,1,8,18,45,15,12,48,26,7,1.8,2.96,1.81,2,2,3,81,3rd line
411,R,66,11.92,61.21,5.76,4.34,2,4,108,10,4,3,0,7,14,126,15,21,62,15,6,1.92,1.78,2.06,1,0,3,83,3rd line
412,C,17,8.86,16.09,2.06,1.2,1,0,27,1,0,4,0,2,7,26,4,3,13,4,4,0.48,0.57,1.01,0,0,0,21,3rd line
413,C,70,12.06,76.01,8.56,5.17,0,3,136,6,3,6,1,12,30,114,11,8,68,31,9,2.31,3.75,2.5,0,1,2,108,3rd line
414,D,78,24.23,180.64,11.25,12.95,35,25,395,76,16,12,2,20,41,89,36,59,234,26,5,6.11,3.19,1.94,12,3,1,265,1st pair
415,L,61,15.93,147.7,19.2,11.28,10,10,256,36,16,10,4,12,24,35,24,41,113,61,23,3.88,8.03,7.29,4,8,4,197,2nd line
416,D,72,19.79,106.72,5.35,7.1,11,18,263,38,9,3,1,22,50,68,21,61,143,11,3,3.1,1.32,0.93,4,4,1,157,2nd pair
417,R,36,10.4,47.22,3.91,3.19,1,3,88,8,4,4,1,2,4,23,12,4,48,15,3,1.58,1.62,0.71,1,2,1,66,3rd line
418,R,69,16.96,174.27,24.21,13.09,7,4,281,32,21,20,5,22,52,139,30,25,128,71,31,4.88,8.51,10.83,4,8,9,230,1st line
419,D,70,19.77,132.13,6.48,7.69,18,17,269,42,7,9,2,10,23,52,26,46,165,21,2,3.63,2.18,0.67,3,3,1,188,2nd pair
420,D,81,21.81,197.57,10.07,12.03,8,12,411,38,18,21,1,21,40,71,47,54,263,17,5,6.44,1.99,1.65,13,2,3,285,1st pair
421,R,81,11.56,125.52,16.86,10.26,7,6,194,25,12,12,2,24,75,48,30,26,93,51,21,3.08,6.32,7.46,2,5,5,165,3rd line
422,L,82,15.77,158.38,18.75,10.78,14,8,259,37,15,15,0,11,22,57,48,34,137,59,21,4.6,6.99,7.16,1,10,4,217,2nd line
423,C,54,12.25,135.22,14.14,10.05,5,5,216,15,5,15,1,22,53,107,29,15,121,40,17,3.91,4.83,5.39,2,1,2,178,3rd line
424,C,69,10.46,83.47,9.39,5.74,11,8,131,28,9,6,2,9,24,53,29,14,72,35,8,2.25,4.38,2.77,4,3,2,115,3rd line
425,R,59,16.19,135.21,15.97,11.1,4,0,253,25,21,14,4,7,16,34,31,19,123,43,20,4.41,4.98,6.57,8,5,8,186,2nd line
426,L,81,18.5,276.25,30.11,20.24,17,15,486,63,31,22,4,18,39,65,51,42,254,94,31,7.78,11.22,11.1,3,16,12,379,1st line
427,D,23,14.27,19.61,0.97,1.18,1,0,51,1,0,1,0,2,4,23,2,12,27,1,1,0.56,0.18,0.23,0,0,0,29,3rd pair
428,C,10,10.57,19.63,2.2,1.46,0,1,29,1,0,1,0,1,2,17,2,2,18,6,2,0.69,0.84,0.67,0,0,0,26,3rd line
429,C,57,10.06,54.24,6.29,3.9,7,3,104,21,11,2,0,21,56,157,12,16,43,27,6,1.73,2.98,1.58,2,8,1,76,3rd line
430,L,28,9.69,30.45,2.0,1.86,0,0,62,3,3,1,1,3,6,48,5,8,32,7,2,0.64,0.85,0.5,1,1,1,41,3rd line
431,C,81,18.06,175.89,14.9,12.51,25,18,320,55,12,12,0,28,56,43,43,63,185,42,14,5.87,4.93,4.1,3,5,4,241,1st line
432,D,82,21.03,116.88,4.66,6.79,9,9,296,24,6,9,1,29,63,107,21,64,161,10,2,2.9,1.2,0.55,4,1,1,173,1st pair
433,C,82,15.16,150.11,16.87,10.88,14,13,267,45,18,10,2,17,37,136,24,28,128,61,18,4.16,7.29,5.42,8,6,4,207,2nd line
434,R,64,15.14,70.02,8.59,5.0,12,5,115,25,8,12,2,1,2,11,21,47,55,27,12,1.83,3.14,3.62,2,4,2,94,2nd line
435,C,82,18.69,102.32,16.8,8.92,17,8,165,38,13,12,1,9,20,43,84,26,67,46,23,2.49,5.69,8.62,0,7,6,136,1st line
436,R,82,14.2,110.32,13.17,7.8,11,6,197,26,9,3,2,17,37,116,42,20,93,45,15,3.82,5.29,4.06,4,2,3,153,2nd line
437,D,10,17.57,17.42,0.6,1.06,1,1,34,2,0,3,0,0,0,25,6,1,25,1,0,0.51,0.09,0.0,0,0,0,26,2nd pair
438,R,37,13.45,38.68,4.16,2.45,3,7,80,16,6,3,1,0,0,14,10,20,37,9,7,1.19,1.03,1.94,3,1,2,53,3rd line
439,C,81,16.5,207.01,25.79,14.98,21,16,336,68,31,23,3,19,41,55,36,20,159,86,29,5.69,10.66,9.45,8,14,9,274,1st line
440,C,51,14.97,89.49,10.74,6.43,11,11,159,30,8,4,1,8,16,35,19,18,77,34,11,2.81,3.71,4.22,1,3,4,122,2nd line
441,L,58,12.09,75.38,7.08,5.32,7,4,138,16,5,7,0,10,27,85,24,17,76,21,6,2.25,2.68,2.14,1,4,0,103,3rd line
442,R,46,16.91,83.11,10.03,6.41,9,6,138,28,13,8,1,1,2,13,12,10,58,46,8,1.9,5.62,2.51,3,7,3,112,1st line
443,D,45,16.44,39.96,1.82,2.15,3,4,84,11,4,5,0,5,10,51,5,10,55,2,1,1.15,0.2,0.47,3,0,1,58,3rd pair
444,R,80,21.28,191.0,20.39,13.38,40,29,402,99,30,22,2,14,28,53,104,94,186,53,23,5.03,6.69,8.66,7,12,11,262,1st line
445,D,81,15.72,71.49,3.05,4.09,6,7,169,18,5,6,0,6,16,147,23,52,93,10,0,1.95,1.1,0.0,5,0,0,103,3rd pair
446,R,82,22.22,308.32,38.53,22.67,37,13,559,105,55,22,7,31,62,77,61,45,288,98,42,9.35,11.71,17.47,16,20,19,428,1st line
447,C,22,10.82,17.9,2.3,1.39,1,1,40,5,3,2,1,5,12,16,7,8,14,7,4,0.6,0.77,0.93,0,2,1,25,3rd line
448,D,26,11.64,15.42,0.54,0.91,1,1,31,2,0,2,0,6,15,24,3,7,22,1,0,0.44,0.1,0.0,0,0,0,23,3rd pair
449,L,79,20.44,320.23,45.48,28.08,39,30,537,109,40,50,11,32,73,68,38,62,256,104,64,8.76,13.3,23.43,7,13,20,424,1st line
450,C,82,18.58,230.7,27.2,18.38,36,20,417,83,27,25,5,31,62,53,82,105,198,90,25,6.87,11.4,8.94,5,11,11,313,1st line
451,L,64,20.45,155.07,20.33,12.46,9,21,276,51,21,11,2,14,28,93,26,12,125,65,23,4.14,8.3,7.88,4,9,8,213,1st line
452,L,80,19.42,224.36,23.82,16.95,30,23,398,74,21,19,4,11,22,5,49,50,216,74,18,8.23,8.9,6.69,9,8,4,308,1st line
453,L,17,10.85,18.3,1.42,1.21,0,0,31,1,1,1,0,1,2,23,1,2,19,5,1,0.59,0.6,0.23,0,1,0,25,3rd line
454,D,51,15.95,50.16,2.07,2.98,5,7,118,14,2,6,1,10,23,54,9,9,69,4,1,1.31,0.55,0.22,2,0,0,74,3rd pair
455,D,15,18.78,25.94,2.1,1.61,0,0,56,3,3,1,0,1,2,10,2,8,31,5,2,0.69,0.55,0.86,2,0,1,38,2nd pair
456,D,12,15.8,13.47,1.13,0.83,1,0,30,2,1,3,1,6,12,31,0,15,15,2,2,0.27,0.26,0.6,0,1,0,19,3rd pair
457,C,13,9.96,16.46,2.11,1.2,1,1,25,5,3,1,0,3,6,25,2,2,12,8,2,0.39,1.03,0.69,1,2,0,22,3rd line
458,D,43,12.57,28.92,1.39,1.67,2,1,59,5,2,3,0,13,29,64,7,12,37,5,0,0.69,0.7,0.0,0,2,0,42,3rd pair
459,C,81,20.48,216.2,32.69,17.39,15,11,363,68,42,15,4,11,33,50,61,45,155,113,33,6.03,14.04,12.62,11,19,12,301,1st line
460,D,82,21.77,264.51,13.43,16.08,27,25,562,74,22,24,0,25,50,64,21,74,340,34,4,8.2,3.72,1.5,14,6,2,378,1st pair
461,L,82,20.53,275.19,33.07,20.33,31,18,497,80,31,19,2,10,20,43,42,40,253,90,36,9.47,10.53,13.07,16,7,8,379,1st line
462,D,17,12.72,29.54,1.62,1.84,2,1,66,3,0,5,0,1,2,11,2,5,39,4,1,0.85,0.39,0.37,0,0,0,44,3rd pair
463,D,77,20.62,112.13,5.22,6.21,14,10,257,29,5,10,0,9,18,107,36,59,148,10,3,3.38,1.04,0.8,4,1,0,161,1st pair
464,D,82,19.59,83.74,3.15,4.92,10,11,204,23,2,3,0,26,66,198,18,47,121,5,0,2.41,0.74,0.0,2,0,0,126,2nd pair
465,C,36,10.86,19.48,1.36,1.18,4,3,36,10,3,0,0,3,6,15,13,11,23,4,1,0.6,0.54,0.21,2,1,0,28,3rd line
466,C,35,9.13,27.54,4.06,2.18,0,0,46,0,0,3,0,4,8,55,4,4,19,10,7,0.84,1.32,1.9,0,0,0,36,3rd line
467,C,80,21.73,260.54,35.67,18.79,60,16,423,128,52,22,7,12,24,66,77,102,215,105,29,7.54,12.19,15.94,14,22,16,349,1st line
468,D,54,20.18,85.24,2.5,5.17,12,8,197,22,2,7,0,11,22,58,11,25,125,2,0,2.32,0.19,0.0,2,0,0,127,1st pair
469,C,82,18.33,150.1,17.83,10.78,20,16,252,54,18,6,4,24,53,81,27,32,132,51,20,4.57,6.12,7.15,6,5,7,203,1st line
470,C,82,14.62,132.56,16.81,9.53,12,10,221,32,10,10,4,15,30,54,45,38,102,52,23,3.42,6.51,6.89,2,2,6,177,2nd line
471,L,30,14.57,64.05,6.79,4.5,3,3,99,12,6,8,2,7,14,52,10,5,61,12,12,2.07,1.48,3.25,2,2,2,85,2nd line
472,D,13,13.12,8.41,0.48,0.53,2,1,17,3,0,1,0,3,4,11,0,7,9,3,0,0.21,0.27,0.0,0,0,0,12,3rd pair
473,L,75,14.36,152.53,20.21,9.71,8,4,273,40,28,8,3,2,4,16,24,22,148,41,20,5.12,5.02,10.07,9,10,9,209,2nd line
474,L,68,15.71,154.57,18.81,10.71,13,6,264,31,12,18,1,27,60,88,38,41,142,45,23,4.42,5.69,8.69,5,3,4,210,2nd line
475,L,45,15.65,149.49,11.67,9.84,15,11,293,38,12,14,2,4,11,36,30,23,165,34,8,5.19,4.04,2.45,6,1,5,207,2nd line
476,C,81,17.5,262.49,33.86,19.41,14,17,470,73,42,24,6,23,46,29,35,56,230,85,38,7.95,10.86,15.05,17,12,13,353,1st line
477,C,53,17.94,99.16,13.45,7.41,8,6,163,30,16,9,5,8,16,18,46,10,75,36,19,2.74,4.48,6.23,3,6,7,130,1st line
478,C,38,10.79,65.72,6.41,4.62,3,3,109,8,2,8,0,7,14,12,9,6,63,17,8,1.98,1.95,2.47,0,2,0,88,3rd line
479,C,44,11.58,66.28,6.82,4.6,7,7,120,20,6,8,2,4,8,28,12,10,66,19,5,2.11,2.54,2.17,1,3,2,90,3rd line
480,C,54,11.02,48.25,5.92,3.09,1,1,80,6,4,3,1,10,26,173,12,7,39,19,7,0.97,2.4,2.56,0,2,2,65,3rd line
481,C,72,14.24,106.07,12.78,7.81,9,6,183,29,14,14,2,13,26,27,33,31,86,42,14,3.0,5.23,4.54,4,5,5,142,2nd line
482,D,81,17.43,64.22,2.34,3.47,2,3,127,6,1,5,0,26,58,151,9,34,89,2,0,2.05,0.29,0.0,0,1,0,91,3rd pair
483,C,82,15.31,105.58,13.86,7.46,10,10,171,27,7,14,1,4,8,74,57,30,84,36,20,2.9,4.65,6.31,3,3,1,140,2nd line
484,C,55,17.1,134.3,16.1,10.05,12,5,240,33,16,16,2,12,24,76,13,20,110,64,10,3.98,7.69,4.43,6,7,3,184,1st line
485,C,22,9.18,18.13,2.08,1.3,1,1,30,3,1,1,0,5,10,35,6,12,17,7,1,0.52,0.99,0.57,0,1,0,25,3rd line
486,D,82,25.62,198.51,12.42,13.18,42,34,505,101,25,20,1,13,26,33,81,101,260,16,11,6.7,2.01,3.71,16,3,6,287,1st pair
487,D,11,13.07,5.68,0.35,0.36,0,2,16,2,0,0,0,2,4,3,2,7,7,1,0,0.16,0.19,0.0,0,0,0,8,3rd pair
488,D,78,16.29,89.03,3.29,5.3,5,8,196,16,3,11,0,26,58,143,29,32,123,7,0,2.58,0.71,0.0,2,1,0,130,3rd pair
489,D,82,21.2,173.39,8.5,10.44,12,10,362,30,8,21,1,24,63,218,32,49,234,11,7,4.94,1.35,2.22,5,1,2,252,1st pair
490,C,82,19.67,242.31,39.6,21.3,23,21,393,95,51,24,8,2,7,37,51,45,145,127,48,5.84,15.92,17.85,8,21,22,320,1st line
491,C,70,17.42,113.23,11.26,8.83,11,5,209,25,9,11,2,7,14,38,42,23,108,39,10,3.4,4.79,3.08,3,5,1,157,1st line
492,L,78,15.66,214.31,27.36,16.78,9,12,338,48,27,19,5,16,37,197,35,39,160,82,41,5.56,9.86,11.95,11,10,6,283,2nd line
493,D,79,21.28,108.42,6.44,6.82,6,4,258,14,4,12,1,30,71,104,17,35,139,15,6,3.23,1.5,1.7,1,2,1,160,1st pair
494,D,46,14.98,49.15,2.02,2.86,3,1,117,5,1,6,0,11,22,114,5,25,68,4,1,1.34,0.44,0.24,1,0,0,73,3rd pair
495,D,77,17.42,92.14,4.57,5.3,6,6,204,15,3,12,0,13,29,93,36,90,120,8,4,2.83,0.82,0.91,3,0,0,132,3rd pair
496,L,17,10.2,21.14,3.13,1.58,1,1,38,5,3,4,0,2,4,7,2,4,16,8,4,0.76,1.01,1.36,0,2,1,28,3rd line
497,C,77,15.15,151.93,17.56,10.87,9,3,259,24,12,14,3,17,37,167,44,43,132,52,22,4.25,6.5,6.81,4,4,4,206,2nd line
498,C,82,15.48,156.71,19.87,11.37,10,7,281,41,24,23,5,10,20,22,47,55,123,62,22,4.57,8.09,7.21,5,8,11,207,2nd line
499,D,81,18.09,106.99,5.13,6.27,9,5,248,17,3,9,1,14,31,117,19,25,148,7,3,2.94,0.82,1.38,0,3,0,158,2nd pair
500,C,79,11.52,71.81,13.19,6.08,5,7,106,23,11,14,6,19,50,222,30,13,34,29,27,1.18,3.99,8.02,0,5,6,90,3rd line
501,C,80,15.37,162.67,18.48,12.96,18,8,269,43,17,27,5,21,44,55,29,32,130,69,17,4.81,8.55,5.12,5,9,3,216,2nd line
502,C,82,18.16,119.16,13.62,8.36,23,10,204,42,9,12,1,11,25,32,26,44,107,38,17,3.21,4.76,5.65,3,3,3,162,1st line
503,L,25,14.55,65.23,6.33,4.57,4,1,107,16,11,5,2,5,10,14,9,9,55,26,5,1.62,3.33,1.38,2,8,1,86,2nd line
504,D,36,14.17,20.93,1.06,1.21,3,4,49,8,1,2,1,10,20,39,1,17,26,3,1,0.44,0.36,0.26,0,0,1,30,3rd pair
505,C,12,12.6,16.55,1.66,0.99,2,0,23,4,2,3,0,0,0,4,4,5,13,7,1,0.39,0.97,0.31,0,2,0,21,3rd line
506,D,80,20.24,52.78,3.9,3.16,2,14,109,18,2,3,2,18,39,151,28,56,64,6,5,1.3,0.73,1.87,0,1,1,75,1st pair
507,C,78,18.59,306.48,34.18,21.25,27,20,542,94,47,22,1,18,39,55,43,40,278,93,39,9.66,11.44,13.07,12,18,17,410,1st line
508,C,82,19.8,200.69,31.19,14.41,28,39,328,104,37,20,5,15,35,48,56,31,149,81,36,5.35,9.95,15.88,8,13,16,266,1st line
509,L,61,15.35,120.68,15.35,10.26,8,9,197,29,12,15,0,14,28,18,24,10,94,45,23,2.74,5.61,6.99,1,5,6,162,2nd line
510,R,77,17.1,230.94,26.18,15.3,25,8,418,59,26,19,3,12,24,25,19,35,219,64,32,7.23,7.51,11.44,9,6,11,315,1st line
511,R,82,18.8,219.98,25.26,14.18,27,17,357,79,35,9,3,17,34,75,52,32,182,86,25,5.5,10.67,9.1,5,17,13,293,1st line
512,C,80,17.09,159.09,20.0,11.72,18,15,270,57,24,8,5,1,2,79,55,48,141,58,19,4.84,7.45,7.7,10,8,6,218,1st line
513,D,66,22.55,115.34,6.77,7.34,13,16,238,36,7,14,1,11,22,137,30,49,140,21,1,3.86,2.52,0.38,5,2,0,162,1st pair
514,D,46,12.6,29.41,1.7,1.84,2,5,72,8,1,3,1,1,2,28,12,26,39,1,3,0.82,0.09,0.79,0,0,1,43,3rd pair
515,C,67,13.87,74.46,10.52,6.19,8,10,125,28,10,7,3,14,28,63,17,20,54,27,16,1.7,3.26,5.56,1,5,4,97,2nd line
516,D,67,22.3,102.03,7.05,6.67,20,25,225,52,7,6,1,25,54,84,26,45,127,10,6,3.38,1.34,2.32,3,1,3,143,1st pair
517,R,56,11.68,124.17,14.52,8.98,8,7,227,28,13,14,2,6,12,40,8,14,112,43,14,4.15,5.1,5.26,2,6,5,169,3rd line
518,R,67,12.21,94.77,11.2,6.87,8,3,150,27,16,13,2,6,12,56,36,13,81,37,9,3.26,4.62,3.32,7,5,4,127,3rd line
519,D,14,17.03,19.33,0.83,1.24,4,0,47,6,2,4,0,1,2,7,1,6,25,3,0,0.54,0.29,0.0,2,0,0,28,3rd pair
520,D,63,14.93,46.37,1.35,2.4,2,4,117,8,2,6,0,11,25,91,20,39,66,2,0,1.07,0.28,0.0,2,0,0,68,3rd pair
521,R,51,9.16,26.64,3.24,1.98,0,0,45,2,2,3,1,12,30,32,9,19,17,13,4,0.43,1.55,1.25,1,0,1,34,3rd line
522,D,79,21.81,148.35,8.97,8.99,11,12,290,34,11,10,1,7,14,66,15,20,188,21,3,4.95,2.4,1.62,4,5,2,212,1st pair
523,L,70,12.15,82.58,10.57,5.61,0,1,144,9,8,7,1,18,40,117,29,13,69,28,16,2.34,3.38,4.85,3,2,3,113,3rd line
524,D,81,22.64,178.15,8.77,11.54,17,14,382,38,7,22,1,14,33,76,58,53,236,15,7,4.92,1.78,2.06,2,3,2,258,1st pair
525,D,75,19.3,135.04,4.54,7.44,14,9,278,27,4,15,0,23,46,79,31,33,180,9,0,3.51,1.03,0.0,4,0,0,189,2nd pair
526,C,14,8.4,14.65,1.0,1.04,1,1,25,4,2,0,0,1,2,15,2,0,15,6,0,0.31,0.69,0.0,1,1,0,21,3rd line
527,D,16,15.76,15.74,0.75,0.92,1,2,34,3,0,0,0,2,4,4,1,5,20,3,0,0.42,0.33,0.0,0,0,0,23,3rd pair
528,L,35,8.99,35.06,5.7,2.63,1,3,55,7,3,5,1,15,57,92,10,13,21,14,11,0.72,1.65,3.33,1,1,1,46,3rd line
529,C,73,16.37,145.92,16.55,10.03,11,10,261,33,12,11,2,19,43,29,37,41,132,47,17,3.93,6.14,6.48,4,4,4,196,2nd line
530,R,49,12.48,60.74,9.3,4.8,7,2,109,19,10,9,2,5,10,45,16,12,31,35,13,1.09,4.58,3.63,2,6,2,79,3rd line
531,L,81,16.24,155.2,23.96,13.52,14,21,276,74,39,17,3,4,8,13,32,29,113,69,28,4.21,8.71,11.03,6,19,14,210,2nd line
532,C,65,8.89,71.92,8.33,5.86,2,2,119,11,7,6,1,19,62,154,19,15,62,27,11,2.11,3.32,2.9,2,3,2,100,3rd line
533,R,70,19.37,211.16,25.34,16.14,22,16,352,61,23,27,1,11,22,12,43,27,179,82,22,6.92,10.36,8.06,7,12,4,283,1st line
534,C,80,17.66,296.53,45.11,27.16,27,17,464,80,36,40,4,17,34,112,46,54,204,124,64,6.99,15.9,22.23,3,16,17,392,1st line
535,C,81,20.68,222.56,24.64,16.09,37,13,404,82,32,20,4,24,60,200,58,46,224,62,25,6.97,7.4,10.27,11,5,16,311,1st line
536,D,82,23.5,190.42,9.11,11.02,15,16,401,43,12,13,0,28,64,146,41,76,250,19,3,5.87,2.41,0.83,7,4,1,272,1st pair
537,C,14,14.56,22.55,2.85,1.57,2,0,42,6,4,2,2,1,2,4,12,11,23,3,4,0.75,0.32,1.78,1,0,3,30,2nd line
538,C,75,19.5,226.23,32.97,17.88,24,7,377,67,36,28,2,21,42,59,63,63,168,107,36,5.93,13.35,13.69,7,17,12,311,1st line
539,D,23,11.74,15.16,0.37,0.72,1,2,36,4,1,1,0,6,27,55,3,8,22,0,0,0.37,0.0,0.0,1,0,0,22,3rd pair
540,D,62,16.12,70.94,2.6,4.8,13,13,155,29,3,2,0,11,22,19,11,21,100,6,0,1.89,0.72,0.0,3,0,0,106,3rd pair
541,L,68,18.05,122.07,18.32,10.18,21,11,217,47,15,20,7,10,20,40,28,35,82,64,22,2.8,8.17,7.35,2,5,8,168,1st line
542,D,67,16.84,76.47,4.13,4.56,2,7,162,12,3,5,1,26,66,250,3,23,103,7,2,2.52,0.83,0.78,2,0,1,112,3rd pair
543,C,79,18.0,264.9,25.9,17.41,24,12,470,73,37,7,3,12,22,14,54,55,268,71,20,8.75,8.57,8.58,14,14,9,359,1st line
544,L,64,16.78,190.38,23.93,15.76,16,7,298,50,27,23,5,8,16,85,28,18,136,84,25,4.74,11.06,8.14,6,12,9,245,1st line
545,D,20,17.84,13.45,0.42,0.74,1,0,41,2,1,0,0,3,6,27,7,10,19,0,0,0.42,0.0,0.0,1,0,0,19,2nd pair
546,R,30,13.25,51.15,3.66,3.22,4,5,91,13,4,4,0,4,10,27,21,10,57,12,2,1.63,1.55,0.48,1,3,0,71,3rd line
547,C,82,18.41,255.51,26.9,17.14,32,11,438,71,28,19,7,16,32,57,45,65,254,66,29,8.44,7.74,10.72,9,6,13,349,1st line
548,D,82,14.04,82.84,3.7,4.61,8,4,197,16,4,3,3,14,28,101,12,25,113,4,2,2.59,0.45,0.66,2,0,2,119,3rd pair
549,D,42,14.06,33.05,0.85,1.61,0,5,77,6,1,1,0,7,20,63,13,23,46,1,0,0.76,0.08,0.0,1,0,0,47,3rd pair
550,R,33,17.62,82.05,10.48,5.93,6,3,141,22,13,14,1,23,58,97,13,10,66,30,14,1.89,3.53,5.06,1,8,4,110,1st line
551,C,51,17.62,103.04,13.69,7.44,10,6,164,27,11,6,2,8,16,41,31,19,76,41,16,2.45,5.23,6.02,3,4,4,133,1st line
552,C,82,14.17,90.53,10.72,6.61,12,8,158,31,11,8,1,20,58,122,30,33,73,41,9,2.49,5.07,3.16,1,7,3,123,2nd line
553,C,82,17.5,174.76,21.87,14.24,14,10,279,43,19,15,4,20,42,83,35,41,130,80,25,4.78,9.99,7.09,5,8,6,235,1st line
554,D,73,23.98,159.83,9.49,10.21,19,24,335,54,11,16,2,8,16,65,56,52,219,10,7,5.04,1.19,3.26,7,3,1,236,1st pair
555,D,36,19.17,50.6,2.82,3.22,5,5,104,14,4,1,0,8,16,61,12,13,65,4,2,1.63,0.57,0.62,2,1,1,71,2nd pair
556,R,14,10.0,14.62,2.14,0.88,2,2,20,4,0,1,0,3,6,11,7,5,11,7,2,0.43,0.81,0.9,0,0,0,20,3rd line
557,L,28,10.21,31.88,3.73,2.36,3,0,58,4,1,4,0,1,2,32,7,4,29,11,5,0.98,1.4,1.35,0,1,0,45,3rd line
558,D,65,20.12,69.87,1.69,3.21,5,7,163,13,1,8,0,10,21,51,24,34,97,2,0,1.52,0.17,0.0,1,0,0,99,1st pair
559,D,48,22.7,144.4,11.51,8.82,7,17,281,33,9,10,1,15,30,55,18,46,175,21,9,4.81,2.29,4.41,3,3,3,205,1st pair
560,R,82,19.56,397.45,45.36,28.79,31,21,728,113,61,36,3,18,38,91,52,109,373,125,44,12.25,15.39,17.71,27,15,19,542,1st line
561,R,74,19.15,225.38,28.9,14.85,29,14,363,79,36,21,3,10,20,54,64,38,216,58,33,7.31,6.89,14.69,10,11,15,307,1st line
562,R,66,11.42,152.6,13.66,10.37,19,6,280,46,21,16,1,7,14,33,21,21,165,34,12,4.86,4.48,4.32,9,4,8,211,3rd line
563,C,74,20.28,335.05,38.49,26.85,29,16,568,85,40,38,4,10,20,78,68,55,288,127,38,10.78,15.23,12.49,21,9,10,453,1st line
564,D,17,12.8,12.27,0.34,0.64,0,2,22,3,1,0,0,0,0,6,3,5,17,1,0,0.26,0.08,0.0,1,0,0,18,3rd pair
565,C,81,19.02,124.49,19.0,9.85,28,21,203,65,16,14,3,9,26,74,64,30,94,50,21,3.41,6.62,8.97,2,6,8,165,1st line
566,L,15,10.88,26.01,2.41,1.91,0,3,48,5,2,1,0,0,0,18,7,5,28,6,2,1.06,0.86,0.48,0,2,0,36,3rd line
567,C,73,9.08,104.9,8.39,6.55,5,1,178,11,5,13,0,4,8,29,24,10,105,32,7,2.73,3.86,1.8,3,2,0,144,3rd line
568,L,56,10.28,43.06,4.32,2.75,4,4,78,10,2,4,0,8,25,82,8,6,36,18,5,1.02,1.98,1.32,1,1,0,59,3rd line
569,D,72,21.6,67.57,5.93,4.33,1,6,147,11,4,4,0,12,24,129,42,27,79,8,8,1.82,1.06,3.05,2,0,2,95,1st pair
570,L,41,18.7,139.39,15.79,9.6,6,6,258,28,16,15,0,25,53,124,14,32,121,56,13,4.37,6.91,4.51,5,8,3,190,1st line
571,D,80,21.25,88.03,3.34,4.6,2,5,188,13,6,7,0,11,22,180,24,31,121,4,1,2.38,0.36,0.6,5,1,0,126,1st pair
572,L,16,13.49,23.27,2.73,1.91,1,0,41,3,2,0,1,2,4,21,5,9,18,10,3,0.8,1.14,0.79,1,0,1,31,3rd line
573,R,44,11.21,46.64,5.43,3.71,2,2,83,8,4,2,0,5,10,28,12,7,42,16,6,1.7,2.09,1.65,2,1,1,64,3rd line
574,D,74,16.11,75.11,4.13,4.55,6,10,200,18,2,7,0,19,38,49,28,48,100,9,1,2.41,1.05,0.67,2,0,0,110,3rd pair
575,R,74,11.47,65.41,7.85,5.38,10,0,113,18,8,7,0,20,58,279,14,16,45,37,5,1.46,4.83,1.56,1,7,0,87,3rd line
576,L,10,8.86,11.32,1.39,0.76,0,0,16,0,0,1,0,1,2,2,2,1,9,4,2,0.28,0.57,0.54,0,0,0,15,3rd line
577,C,59,16.28,134.53,18.06,9.62,13,7,226,32,12,10,4,9,18,54,34,22,118,38,25,3.98,4.73,9.36,2,2,8,181,2nd line
578,R,77,17.43,234.52,24.25,16.3,11,11,414,49,27,20,2,8,16,125,44,25,230,61,24,7.26,7.88,9.09,11,8,8,315,1st line
579,C,23,8.86,19.31,2.56,1.27,3,0,33,7,4,2,2,4,11,44,7,6,16,5,4,0.6,0.62,1.34,1,1,2,25,3rd line
580,C,10,8.59,4.76,0.79,0.42,1,1,8,3,1,1,1,1,2,2,1,1,2,4,0,0.13,0.66,0.0,0,1,0,6,3rd line
581,D,46,17.67,53.79,2.35,2.99,2,2,116,6,2,2,0,9,16,33,9,17,70,3,2,1.4,0.42,0.53,0,1,1,75,2nd pair
582,R,78,16.29,173.14,24.46,14.57,8,9,302,41,24,14,6,10,22,165,33,22,124,80,31,4.47,10.05,9.95,8,7,9,235,2nd line
583,D,75,15.25,94.98,3.62,5.4,9,7,221,21,5,6,0,21,44,88,38,33,131,7,0,2.76,0.85,0.0,5,0,0,138,3rd pair
584,C,59,11.29,84.85,6.85,5.14,5,5,153,17,7,5,1,18,59,87,17,18,91,15,8,2.19,2.04,2.62,3,2,2,114,3rd line
585,C,31,15.43,60.97,7.33,4.23,5,3,99,13,5,7,1,13,32,63,12,6,52,23,8,1.64,2.63,3.07,1,2,2,83,2nd line
586,D,80,24.13,237.1,16.92,16.27,26,31,459,73,16,23,4,28,57,92,33,52,298,25,16,7.23,3.01,6.69,7,5,4,339,1st pair
587,C,56,11.43,39.99,4.59,2.53,5,3,74,11,3,3,0,29,84,203,6,20,37,13,6,1.18,1.58,1.83,2,0,1,56,3rd line
588,R,50,11.1,43.29,4.29,2.83,1,2,77,9,6,8,2,0,0,9,21,13,42,15,2,1.64,2.0,0.65,1,4,1,59,3rd line
589,C,27,11.93,27.2,3.82,2.12,3,0,45,6,3,3,1,10,26,68,5,4,18,13,5,0.63,1.63,1.56,0,2,1,36,3rd line
590,D,17,16.22,18.6,0.74,1.04,0,2,43,3,1,3,1,2,4,14,4,10,25,1,1,0.39,0.12,0.23,0,0,1,27,3rd pair
591,C,70,14.61,100.71,11.28,6.42,8,7,164,27,12,7,1,13,37,125,27,34,94,29,12,2.75,3.98,4.55,4,8,0,135,2nd line
592,C,81,12.78,77.66,8.31,5.46,6,5,146,20,9,4,1,15,30,152,30,17,71,26,8,2.54,3.17,2.59,4,3,2,105,3rd line
593,L,75,10.23,83.28,8.38,5.22,1,1,139,11,9,7,1,27,93,165,19,21,82,25,8,2.31,3.15,2.91,2,3,4,115,3rd line
594,D,53,20.25,43.2,2.4,2.58,1,6,109,10,3,6,1,18,39,131,8,31,59,1,3,1.21,0.11,1.08,1,0,2,63,1st pair
595,L,45,10.18,42.74,4.17,3.0,5,2,79,9,2,5,0,23,64,131,6,6,40,14,4,1.26,1.74,1.17,1,0,1,58,3rd line
596,D,11,11.18,6.21,0.26,0.4,1,1,19,4,2,1,0,2,4,6,1,6,9,1,0,0.18,0.09,0.0,2,0,0,10,3rd pair
597,D,78,18.71,64.41,2.83,3.56,8,9,137,23,6,3,0,7,14,78,23,38,87,4,1,1.72,0.55,0.56,3,2,1,92,2nd pair
598,D,46,16.46,23.46,0.59,1.27,3,4,50,8,1,4,0,10,20,95,7,23,35,0,0,0.59,0.0,0.0,1,0,0,35,3rd pair
599,D,75,17.77,64.13,2.32,3.6,2,3,139,5,0,5,0,15,30,116,13,30,90,4,0,1.91,0.41,0.0,0,0,0,94,2nd pair
600,D,82,24.17,125.26,8.36,8.69,21,17,294,48,10,12,2,9,14,18,34,48,157,17,7,3.61,2.01,2.74,5,1,4,181,1st pair
601,L,79,20.15,284.62,51.19,24.59,27,20,431,83,36,30,6,18,39,77,33,30,161,141,66,6.44,18.08,26.67,4,12,20,368,1st line
602,D,44,20.52,45.95,2.3,2.72,9,5,107,18,4,2,0,12,27,84,23,51,57,8,0,1.46,0.84,0.0,3,1,0,65,1st pair
603,D,82,21.05,89.52,5.48,5.8,8,16,213,31,7,9,0,16,35,80,14,43,116,9,3,3.02,1.16,1.3,4,2,1,128,1st pair
604,L,82,16.15,174.84,27.16,14.03,10,3,275,34,21,29,4,12,24,89,18,25,113,68,49,4.23,8.69,14.24,7,6,8,230,2nd line
605,D,47,14.57,40.98,1.87,2.31,1,3,97,5,1,3,0,9,18,90,14,10,55,2,2,1.08,0.25,0.54,1,0,0,59,3rd pair
606,D,29,12.79,35.63,1.92,2.08,0,1,70,1,0,6,0,2,4,30,3,6,45,4,2,1.0,0.41,0.52,0,0,0,51,3rd pair
607,L,76,14.25,113.6,14.95,8.93,6,6,190,18,6,14,4,30,97,290,29,30,82,58,14,3.17,7.56,4.22,0,3,3,154,2nd line
608,D,15,11.7,8.46,0.51,0.52,0,0,14,0,0,0,0,4,8,30,2,8,11,1,0,0.36,0.14,0.0,0,0,0,12,3rd pair
609,C,66,14.66,76.72,10.33,5.78,10,5,117,25,10,6,1,15,30,20,27,26,57,34,11,2.06,4.26,4.0,1,6,3,102,2nd line
610,L,82,18.84,299.08,30.92,21.78,39,24,565,109,46,30,8,10,20,57,62,66,301,81,30,9.28,9.66,11.97,16,17,13,412,1st line
611,C,17,9.32,25.63,1.82,1.51,0,1,42,2,1,1,0,4,8,9,6,4,29,5,2,0.85,0.54,0.43,0,0,1,36,3rd line
612,R,36,7.0,32.26,2.69,2.08,2,1,60,4,1,4,0,17,52,67,6,6,29,13,1,0.72,1.72,0.25,0,1,0,43,3rd line
613,D,78,14.12,101.38,4.9,5.84,5,3,215,14,6,8,0,16,35,78,28,21,134,9,3,2.94,1.15,0.82,5,0,1,146,3rd pair
614,C,71,18.32,176.73,20.49,13.11,18,16,319,56,22,16,3,11,32,27,35,60,154,69,16,6.26,8.13,6.1,5,11,6,239,1st line
615,L,68,16.91,137.67,12.32,9.51,18,7,235,37,12,15,1,8,16,15,36,49,151,31,13,4.72,3.48,4.12,6,2,4,195,1st line
616,D,75,19.56,93.1,5.21,5.31,10,11,194,27,6,6,0,25,50,120,20,46,124,8,4,2.46,0.97,1.78,4,1,1,136,2nd pair
617,L,82,15.78,190.28,28.32,14.12,22,23,330,78,33,17,7,14,34,97,55,48,138,74,40,4.22,8.97,15.13,9,10,14,252,2nd line
618,C,82,16.06,130.41,16.91,9.86,18,18,220,57,21,10,3,8,16,67,31,35,100,62,17,3.55,7.71,5.66,9,7,5,179,2nd line
619,D,65,24.42,153.15,8.88,9.68,9,14,299,35,12,14,0,12,26,97,42,60,189,18,8,3.91,2.22,2.75,5,5,2,215,1st pair
620,R,13,10.17,14.79,0.95,0.85,1,0,24,1,0,1,0,2,4,2,8,1,16,4,0,0.43,0.52,0.0,0,0,0,20,3rd line
621,C,10,11.6,8.86,0.66,0.6,1,1,17,3,1,0,1,1,2,4,3,1,9,2,1,0.19,0.21,0.26,0,0,1,12,3rd line
622,L,34,17.23,58.56,10.04,5.14,4,2,98,20,14,4,3,5,10,57,11,17,26,39,13,0.89,4.94,4.21,1,8,5,78,1st line
623,R,58,16.72,134.93,20.4,10.83,8,8,228,35,19,16,5,20,49,125,44,26,102,57,28,3.58,6.29,10.53,4,8,7,187,1st line
624,C,55,10.0,38.56,4.22,2.93,2,4,64,8,2,3,0,3,6,47,10,6,35,15,3,1.21,2.13,0.89,1,1,0,53,3rd line
625,C,82,20.14,260.63,33.31,19.79,36,24,443,93,33,35,5,16,32,71,59,67,205,106,37,6.29,14.03,12.99,12,10,11,348,1st line
626,D,27,15.09,17.9,0.53,1.16,7,5,52,14,2,0,0,4,8,23,6,17,27,0,0,0.53,0.0,0.0,2,0,0,27,3rd pair
627,D,82,20.91,122.65,5.04,7.9,10,11,301,26,5,17,0,7,14,140,22,37,176,7,2,3.58,0.85,0.61,3,1,1,185,1st pair
628,L,14,13.83,14.22,2.46,1.12,5,1,27,8,2,3,2,1,2,8,6,10,11,5,3,0.44,0.75,1.27,0,1,1,19,2nd line
629,C,82,15.99,136.07,17.79,10.11,11,15,244,43,17,14,3,12,28,64,47,42,104,65,19,3.99,8.15,5.65,6,6,5,188,2nd line
630,D,60,26.38,175.89,12.26,12.79,29,20,403,66,17,16,1,14,30,65,50,48,227,21,10,6.24,2.37,3.65,10,4,3,258,1st pair
631,C,82,16.2,193.25,25.2,15.05,16,9,325,39,14,20,3,6,12,73,37,30,144,76,37,5.02,9.25,10.93,2,7,5,257,2nd line
632,D,11,11.54,17.84,0.53,0.91,0,2,37,3,1,3,0,2,4,31,9,5,25,1,0,0.44,0.08,0.0,1,0,0,26,3rd pair
633,L,18,9.89,18.1,1.65,1.24,2,1,28,3,0,1,0,2,4,20,1,1,16,7,1,0.62,0.82,0.22,0,0,0,24,3rd line
634,D,63,18.84,70.82,3.81,3.99,10,7,159,18,1,6,0,21,45,68,13,17,92,7,2,1.83,0.78,1.2,0,0,1,101,2nd pair
635,C,48,10.59,64.48,6.17,4.36,1,3,108,8,4,6,0,8,16,61,17,6,60,20,5,1.98,2.55,1.65,1,3,0,85,3rd line
636,L,82,17.22,226.15,36.6,19.7,12,10,336,50,28,33,7,22,50,125,25,35,153,101,49,5.64,13.19,17.77,6,14,8,303,1st line
637,D,76,20.61,106.01,4.79,6.21,7,7,231,19,5,6,0,24,51,147,9,19,145,7,3,3.24,0.72,0.83,5,0,0,155,1st pair
638,R,67,14.22,115.84,13.28,8.26,10,6,203,27,11,10,2,11,31,68,23,33,99,47,10,3.9,5.98,3.41,2,5,4,156,2nd line
639,C,28,9.81,30.1,3.67,2.16,3,1,43,7,3,2,1,3,8,28,3,4,21,13,6,0.54,1.54,1.59,0,1,2,40,3rd line
640,C,79,17.83,128.34,19.2,9.99,20,11,222,41,10,12,3,10,20,78,38,33,98,49,25,3.44,6.21,9.54,1,3,6,172,1st line
641,C,81,17.57,213.95,17.93,14.56,26,10,387,54,18,19,1,10,23,52,40,35,225,55,15,6.16,6.63,5.14,8,4,6,295,1st line
642,L,77,11.31,81.51,9.78,6.03,9,3,144,19,7,4,0,16,43,168,29,27,63,33,13,2.41,4.04,3.33,2,4,1,109,3rd line
643,L,72,13.95,97.9,13.22,7.02,6,6,190,24,12,12,1,3,6,124,30,17,73,46,15,2.67,5.53,5.02,1,7,4,134,2nd line
644,L,81,13.61,120.49,15.58,8.71,7,7,206,25,11,13,1,7,20,98,56,29,100,43,19,3.91,5.13,6.54,1,6,4,162,2nd line
645,R,11,15.96,14.48,1.72,1.22,2,3,27,6,1,0,0,0,0,2,4,1,17,3,1,0.61,0.38,0.73,0,0,1,21,2nd line
646,L,61,13.38,59.46,6.57,4.41,6,4,114,18,8,4,1,9,21,160,16,17,56,22,7,1.89,2.58,2.1,4,2,2,85,3rd line
647,C,58,18.5,112.76,14.72,8.94,15,9,185,38,14,10,3,21,43,53,27,31,87,45,19,2.73,6.12,5.86,0,8,6,151,1st line
648,R,46,18.05,170.37,15.47,11.62,2,8,294,36,26,9,3,1,2,18,19,23,166,48,14,5.19,5.48,4.8,9,11,6,228,1st line
649,D,14,15.7,14.68,0.72,0.99,0,5,32,6,1,3,0,3,6,13,8,3,20,1,0,0.54,0.18,0.0,1,0,0,21,3rd pair
650,R,61,14.52,120.3,11.37,7.84,7,6,218,31,18,10,1,7,14,91,20,12,118,44,6,3.73,5.52,2.12,7,8,3,168,2nd line
651,R,82,16.61,266.5,29.78,18.35,19,20,477,73,34,22,6,12,28,59,41,32,260,67,38,8.17,7.98,13.62,6,11,17,365,1st line
652,R,72,17.04,142.72,21.06,10.24,23,16,254,55,16,14,3,23,46,54,45,27,125,48,25,4.17,6.19,10.7,2,5,9,198,1st line
653,L,24,14.18,48.04,6.68,3.61,2,2,84,7,3,6,0,1,2,15,12,10,41,20,6,1.48,2.45,2.75,0,1,2,67,2nd line
654,L,82,20.54,146.6,18.6,12.42,22,13,255,52,17,13,4,15,33,37,28,28,134,54,21,5.29,6.96,6.34,5,7,5,209,1st line
655,C,70,17.62,127.05,18.71,9.71,15,12,204,40,13,11,3,7,14,175,33,35,102,46,25,3.21,5.86,9.64,2,2,9,173,1st line
656,D,17,14.4,19.53,0.42,1.08,1,0,49,3,2,1,0,1,2,26,2,13,29,0,0,0.42,0.0,0.0,2,0,0,29,3rd pair
657,D,77,21.92,133.23,7.65,8.57,11,17,279,32,4,14,1,6,12,43,33,52,172,15,5,3.94,1.68,2.03,3,0,1,192,1st pair
658,C,82,14.74,134.58,17.57,10.31,8,17,243,43,18,19,3,25,50,105,29,48,111,48,25,3.22,6.28,8.08,5,7,6,184,2nd line
659,C,10,7.69,7.02,0.79,0.53,0,0,14,0,0,2,0,3,6,26,3,1,6,1,2,0.2,0.1,0.49,0,0,0,9,3rd line
660,L,78,20.12,247.95,38.93,21.55,26,11,446,73,36,27,2,22,46,83,44,48,174,123,47,6.57,14.26,18.11,7,12,17,344,1st line
661,C,64,13.31,98.71,11.06,7.09,5,3,179,11,3,12,1,11,22,105,17,15,96,28,13,3.59,3.22,4.25,1,0,2,137,3rd line
662,C,25,17.37,53.2,6.78,4.4,7,4,84,17,6,4,2,3,6,10,18,14,44,15,11,1.46,1.96,3.36,0,0,6,70,1st line
663,L,82,16.92,192.1,20.78,14.08,20,12,350,56,24,21,0,26,52,107,40,32,183,63,21,5.83,7.32,7.63,7,12,5,267,1st line
664,C,81,12.35,160.5,17.5,11.97,10,6,269,32,16,15,5,17,40,188,38,20,136,62,18,4.83,7.67,5.0,2,8,6,216,3rd line
665,D,10,11.73,5.84,0.14,0.3,0,0,11,1,1,0,0,1,2,31,1,4,8,0,0,0.14,0.0,0.0,1,0,0,8,3rd pair
666,C,77,16.45,122.72,12.02,8.49,20,13,218,44,11,13,1,5,10,42,31,45,109,45,10,3.64,5.44,2.93,1,5,5,164,1st line
667,L,79,16.34,208.66,20.36,13.82,19,11,396,70,40,18,5,7,14,65,56,28,213,48,26,6.47,6.13,7.77,16,12,12,287,2nd line
668,L,81,11.15,90.75,9.14,5.99,8,4,163,19,7,10,1,16,53,295,15,20,89,21,13,2.88,2.76,3.51,3,1,3,123,3rd line
669,C,71,17.42,159.62,25.23,13.4,12,7,291,40,21,14,4,11,22,55,44,31,127,61,33,4.53,7.64,13.06,3,7,11,221,1st line
670,R,73,19.31,214.86,18.08,14.91,20,16,371,57,21,11,2,8,16,13,31,61,237,44,15,7.15,5.47,5.47,12,4,5,296,1st line
671,R,33,13.11,54.76,5.71,3.7,3,6,108,15,6,3,1,5,10,18,10,15,53,14,7,1.58,1.42,2.72,0,2,4,74,3rd line
672,C,82,12.12,140.94,11.6,8.52,7,4,224,20,9,12,3,9,18,158,29,13,144,29,15,3.77,3.36,4.46,3,2,4,188,3rd line
673,R,66,13.2,125.45,9.75,7.99,8,2,227,17,7,9,0,5,10,43,16,34,126,34,8,3.49,4.37,1.89,3,4,0,168,3rd line
674,D,27,17.69,35.09,2.07,1.85,6,2,71,10,2,4,1,18,42,64,20,13,44,5,2,0.86,0.59,0.62,0,1,1,51,2nd pair
675,D,85,19.78,149.61,8.95,10.98,22,20,329,55,13,19,3,18,36,55,32,48,201,13,6,5.09,1.59,2.27,9,1,3,220,2nd pair
676,D,77,14.49,75.76,3.32,4.67,7,3,164,14,4,3,0,22,56,126,9,24,100,7,2,1.85,0.95,0.52,3,1,0,109,3rd pair
677,R,82,20.75,218.67,24.95,16.13,38,11,383,86,37,16,2,19,39,18,58,63,212,68,22,7.56,7.76,9.63,16,8,13,302,1st line
678,C,81,16.69,164.33,22.11,13.29,24,18,275,65,23,25,6,12,24,20,45,42,123,68,29,4.36,8.58,9.17,8,8,7,220,1st line
679,D,63,18.58,124.39,6.81,7.74,13,12,251,32,7,6,1,13,29,40,19,30,167,6,6,4.15,0.63,2.03,3,2,2,179,2nd pair
680,L,14,7.68,13.84,1.6,1.0,0,0,24,1,1,2,1,5,13,26,0,2,13,2,4,0.36,0.25,1.0,0,0,1,19,3rd line
681,R,14,9.72,19.21,1.78,1.27,1,0,32,1,0,2,0,3,6,26,3,0,17,7,1,0.6,0.87,0.3,0,0,0,25,3rd line
682,C,57,12.97,125.15,12.79,8.99,6,1,204,17,10,11,4,13,32,97,25,10,123,30,15,4.65,3.6,4.54,2,4,4,168,3rd line
683,C,21,10.46,23.5,3.07,1.7,0,0,41,1,1,0,0,5,10,17,10,4,19,6,7,0.53,0.77,1.77,0,0,1,32,3rd line
684,D,23,10.04,15.12,0.51,0.82,0,0,33,0,0,0,0,2,4,61,0,16,22,0,0,0.51,0.0,0.0,0,0,0,22,3rd pair
685,L,82,17.01,142.85,14.98,10.37,10,14,258,39,15,19,4,16,41,71,25,40,129,43,20,4.16,5.16,5.66,4,6,5,192,1st line
686,C,61,11.38,68.13,5.38,4.36,4,4,122,12,4,1,1,13,34,167,9,13,73,19,6,1.74,1.96,1.68,1,1,2,98,3rd line
687,D,58,21.22,50.0,2.59,3.08,3,9,101,14,2,6,0,8,14,47,26,43,65,9,0,1.45,1.14,0.0,2,0,0,74,1st pair
688,D,76,21.99,138.66,7.49,8.0,10,10,297,27,7,17,1,4,8,36,88,40,178,16,4,4.24,2.03,1.22,5,1,1,198,1st pair
689,C,74,13.84,82.31,8.51,6.01,9,8,143,26,9,5,0,21,50,93,19,28,77,24,9,2.73,3.23,2.57,3,4,2,110,2nd line
690,R,53,11.35,76.22,7.57,5.09,3,5,133,12,4,8,0,17,40,117,14,18,66,32,4,2.34,4.18,1.04,2,2,0,102,3rd line
691,D,24,15.22,28.38,1.26,1.6,2,2,55,4,0,3,0,2,4,20,7,7,38,2,1,0.8,0.24,0.22,0,0,0,41,3rd pair
692,D,64,21.7,116.41,5.55,7.08,13,17,259,39,9,7,0,15,24,102,12,32,153,12,3,3.39,1.24,0.92,8,1,0,168,1st pair
693,C,79,12.62,74.72,7.55,4.85,5,4,131,19,10,3,2,17,34,55,24,9,75,22,7,2.68,2.73,2.14,5,2,3,104,3rd line
694,R,39,11.84,47.54,4.77,3.25,2,1,70,7,4,4,0,3,9,52,8,16,43,16,4,1.34,1.96,1.47,3,1,0,63,3rd line
695,R,78,20.19,200.2,20.43,13.98,30,15,381,67,22,18,3,13,26,51,45,44,187,75,17,5.69,8.77,5.97,7,11,4,279,1st line
696,C,63,12.91,80.07,11.1,5.86,10,2,128,16,4,9,2,5,10,71,26,16,52,38,15,1.42,5.11,4.57,1,2,1,105,3rd line
697,D,78,18.95,105.75,4.86,6.06,8,12,232,24,4,6,0,25,53,60,20,48,147,4,3,2.79,0.5,1.57,1,2,1,154,2nd pair
698,D,76,19.48,94.39,4.44,5.01,10,12,185,25,3,7,1,18,46,163,32,42,124,8,3,2.71,1.06,0.67,2,1,0,135,2nd pair
699,R,55,12.11,97.31,9.77,6.97,7,8,180,22,7,5,0,3,6,16,16,9,89,37,8,2.96,4.47,2.34,2,4,1,134,3rd line
700,C,49,11.93,53.2,6.63,3.97,1,1,86,5,3,3,1,9,21,138,15,5,38,21,10,1.07,2.74,2.82,0,2,1,69,3rd line
701,L,80,16.16,130.2,17.48,9.26,8,7,217,32,17,6,0,15,33,111,60,35,110,46,21,4.15,5.6,7.73,5,5,7,177,2nd line
702,D,17,16.54,14.48,0.56,0.76,0,2,24,3,1,2,0,4,6,11,1,6,20,1,0,0.43,0.14,0.0,0,1,0,21,3rd pair
703,C,82,16.76,130.76,17.04,10.25,16,13,218,45,16,10,0,17,42,182,49,40,91,69,17,3.38,7.88,5.78,2,8,6,177,1st line
704,C,82,14.2,94.4,10.38,6.41,12,7,174,28,9,7,0,23,54,125,22,25,90,38,6,3.43,4.43,2.51,4,4,1,134,2nd line
705,C,79,13.71,134.3,18.97,9.96,9,7,240,29,13,25,0,14,30,80,26,33,114,43,27,3.4,5.68,9.89,2,6,5,184,2nd line
706,C,82,15.83,99.86,14.63,6.89,5,13,179,30,12,13,1,10,20,164,32,27,75,39,22,2.51,4.64,7.48,1,4,7,136,2nd line
707,C,82,19.13,204.52,25.65,16.49,23,17,342,67,27,21,1,8,19,128,71,35,177,73,29,5.8,9.21,10.64,6,12,9,279,1st line
708,C,63,17.41,191.75,22.92,13.77,15,9,321,40,16,16,3,26,54,150,38,40,170,51,32,5.86,6.36,10.69,3,8,5,253,1st line
709,C,11,11.67,17.07,1.54,1.16,0,0,27,1,1,3,0,0,0,16,3,7,14,7,1,0.4,0.93,0.21,0,0,1,22,3rd line
710,C,71,22.32,348.48,30.83,24.95,42,27,629,111,42,25,0,15,30,53,43,47,375,83,22,12.21,9.9,8.72,17,13,12,480,1st line
711,R,75,13.85,137.67,14.93,10.39,12,11,257,37,14,19,1,6,15,43,28,30,118,55,13,4.47,6.49,3.98,6,6,2,186,2nd line
712,C,79,19.28,194.44,27.31,16.61,19,22,342,63,22,18,5,21,42,91,50,39,138,81,37,5.06,10.26,12.0,3,8,11,256,1st line
713,D,79,19.04,85.88,5.9,4.85,6,6,177,15,3,7,0,20,52,115,18,23,109,9,4,2.41,1.22,2.27,3,0,0,122,2nd pair
714,C,48,12.17,72.23,6.76,5.26,4,2,125,14,8,8,1,5,13,16,12,10,74,25,5,1.98,2.83,1.95,3,4,1,104,3rd line
715,C,82,20.3,177.54,23.9,12.69,24,22,290,74,28,17,2,2,4,68,46,49,141,69,29,4.95,8.64,10.3,3,14,11,239,1st line
716,L,79,18.41,250.44,36.79,20.82,13,5,382,54,36,25,5,13,26,128,31,39,179,108,48,5.44,14.15,17.2,5,13,18,335,1st line
717,D,33,15.1,21.76,1.12,1.28,0,4,51,4,0,1,0,7,14,24,7,12,27,5,0,0.54,0.58,0.0,0,0,0,32,3rd pair
718,C,58,18.72,140.77,13.37,10.7,22,15,254,51,14,18,0,11,22,25,49,68,142,42,11,5.33,4.82,3.21,6,7,1,195,1st line
719,L,64,12.91,91.09,11.79,6.96,10,12,142,33,11,10,3,8,18,39,21,21,71,39,13,2.31,4.8,4.69,1,4,6,123,3rd line
720,D,47,12.11,36.27,1.24,1.87,2,2,72,4,0,2,0,10,35,133,9,8,49,2,1,0.8,0.22,0.22,0,0,0,52,3rd pair
721,D,79,23.81,152.38,7.27,9.98,28,26,352,64,10,17,1,25,53,128,55,45,212,9,4,5.06,1.0,1.21,9,0,1,225,1st pair
722,L,62,13.5,107.13,12.17,7.49,2,3,190,11,6,13,2,14,26,107,12,13,94,35,13,3.11,4.55,4.51,1,2,3,142,2nd line
723,C,67,18.77,209.18,20.71,13.89,22,17,359,66,27,16,3,3,6,59,47,54,207,53,23,5.74,6.8,8.17,10,9,8,283,1st line
724,C,81,19.29,257.06,37.92,19.13,32,17,418,80,31,30,4,5,10,34,64,41,190,103,50,6.48,12.74,18.7,11,9,11,343,1st line
725,D,55,21.43,125.28,7.24,8.52,15,18,282,41,8,9,1,9,18,16,28,24,163,17,3,4.2,1.93,1.12,4,2,2,183,1st pair
726,L,78,21.26,240.29,32.58,17.78,30,21,442,90,39,21,3,27,54,114,61,62,180,109,33,6.48,13.04,13.05,6,18,15,322,1st line
727,L,82,18.63,366.74,46.9,31.13,29,19,559,83,35,47,3,36,96,242,30,51,286,146,54,9.03,19.09,18.78,7,14,14,486,1st line
728,C,76,16.62,184.88,24.02,12.8,15,14,303,50,21,13,1,12,24,84,28,33,171,56,27,6.52,6.94,10.57,5,6,10,254,1st line
729,D,19,13.71,14.92,0.52,0.8,1,1,38,3,1,0,1,9,21,44,3,10,21,1,0,0.39,0.13,0.0,0,1,0,22,3rd pair
730,R,49,12.22,46.44,6.17,3.06,2,4,79,12,6,5,0,10,20,194,10,15,42,17,6,1.65,2.23,2.28,1,3,2,65,3rd line
731,C,79,14.06,105.5,12.91,7.35,7,3,178,24,14,12,4,3,6,39,31,15,90,41,14,3.19,5.12,4.6,4,6,4,145,2nd line
732,C,66,10.09,57.53,5.57,3.54,8,4,96,15,3,6,0,6,12,80,16,12,49,21,6,1.51,2.54,1.52,1,1,1,76,3rd line
733,D,54,18.87,53.21,2.69,3.23,6,5,126,12,1,6,0,9,21,86,14,26,71,4,3,1.4,0.58,0.71,1,0,0,78,2nd pair
734,C,82,21.1,161.52,18.09,12.02,25,15,294,66,26,17,2,10,23,50,42,52,146,49,22,4.65,6.08,7.36,7,12,7,217,1st line
735,L,74,17.38,126.13,16.11,9.66,12,16,245,45,17,12,2,11,24,43,33,27,108,48,18,3.58,5.89,6.65,4,7,6,174,1st line
736,L,82,17.77,112.75,17.43,9.3,14,11,198,38,13,17,3,6,12,86,60,13,75,49,27,2.96,6.14,8.33,2,4,7,151,1st line
737,C,12,12.23,13.91,1.06,0.92,1,1,23,2,0,1,0,4,8,12,4,3,14,5,0,0.42,0.64,0.0,0,0,0,19,3rd line
738,D,79,25.49,196.57,12.06,12.55,34,28,441,73,11,28,0,16,32,49,53,65,251,22,8,6.08,2.44,3.54,7,2,2,281,1st pair
739,C,82,17.21,281.1,28.01,19.11,17,15,490,56,24,24,5,18,36,99,34,50,278,78,27,7.99,8.93,11.1,3,11,10,383,1st line
740,C,78,19.97,312.23,36.58,22.68,35,21,555,99,43,23,2,3,6,12,60,85,279,111,33,10.59,14.0,12.0,16,16,11,423,1st line
741,L,73,18.45,228.67,29.91,19.49,18,18,380,63,27,24,7,37,77,71,40,47,188,85,35,7.06,10.86,11.99,8,11,8,308,1st line
742,L,14,10.54,19.76,2.67,1.58,1,1,29,3,1,2,0,2,4,8,4,5,11,12,3,0.42,1.36,0.9,0,1,0,26,3rd line
743,C,81,18.83,183.78,15.24,12.79,24,18,369,65,23,9,3,29,58,46,31,75,205,41,11,6.99,4.98,3.28,7,10,6,257,1st line
744,R,27,10.2,45.09,3.37,2.79,4,0,79,11,7,8,2,2,4,55,5,3,48,10,3,1.59,1.02,0.77,4,2,1,61,3rd line
745,D,72,21.97,87.51,6.68,5.46,6,7,167,19,6,10,2,19,38,74,27,19,96,21,7,2.18,2.54,1.96,0,5,1,124,1st pair
746,C,30,12.2,40.81,5.66,3.13,3,2,61,8,3,3,0,6,12,58,4,6,23,21,10,0.73,2.52,2.41,1,2,0,54,3rd line
747,D,67,20.0,89.75,6.52,5.27,5,5,189,16,6,10,0,14,31,217,13,33,100,18,6,2.32,2.24,1.96,3,2,1,124,2nd pair
748,C,82,15.98,163.5,22.27,13.22,6,9,269,35,20,20,2,9,18,71,38,32,122,69,30,4.74,8.47,9.05,3,9,8,221,2nd line
749,R,82,16.68,178.93,18.68,13.26,32,11,321,63,20,15,2,16,34,44,55,33,171,58,17,6.09,6.85,5.74,5,11,4,246,1st line
750,D,82,23.15,141.29,5.1,8.54,17,20,297,42,5,10,1,20,40,207,29,46,194,5,2,3.97,0.5,0.64,3,0,2,201,1st pair
751,R,81,15.18,140.04,11.2,8.24,10,6,230,26,10,9,2,16,32,10,28,19,145,36,9,3.45,4.07,3.68,2,4,4,190,2nd line
752,C,69,17.86,174.0,21.34,12.17,14,9,311,39,16,12,3,15,30,34,29,32,154,56,25,5.3,6.99,9.04,3,6,7,235,1st line
753,D,58,12.04,73.67,5.26,4.89,3,4,140,8,1,8,0,11,23,69,10,34,86,14,4,2.45,1.78,1.03,1,0,0,104,3rd pair
754,R,69,16.8,173.5,17.93,12.98,16,16,303,50,18,13,1,4,8,75,24,26,162,56,16,5.65,6.64,5.65,4,10,4,234,1st line
755,R,63,15.6,119.19,17.5,10.51,10,8,207,41,23,16,4,9,18,41,23,16,80,57,24,3.0,6.89,7.61,7,11,5,161,2nd line
756,R,57,8.63,55.33,5.46,3.8,3,2,94,14,9,4,1,3,6,105,13,10,47,20,6,1.41,2.5,1.54,4,5,0,73,3rd line
757,L,14,6.58,8.44,0.67,0.53,0,0,13,0,0,0,0,2,4,18,1,0,8,2,1,0.21,0.23,0.23,0,0,0,11,3rd line
758,D,46,14.53,27.99,1.63,1.62,3,3,57,6,0,2,0,4,8,34,7,12,33,4,2,0.73,0.41,0.49,0,0,0,39,3rd pair
759,D,12,13.31,14.32,0.72,0.76,0,1,29,1,0,1,0,1,2,28,3,9,18,1,1,0.37,0.09,0.26,0,0,0,20,3rd pair
760,C,60,11.39,46.46,4.96,3.06,5,1,87,10,4,4,0,11,25,60,14,17,43,17,5,1.54,2.0,1.41,0,3,1,65,3rd line
761,D,54,19.65,53.57,3.49,4.1,10,8,122,20,2,4,1,9,18,44,13,23,66,10,2,1.81,1.09,0.58,2,0,0,78,2nd pair
762,R,37,14.28,91.42,10.7,6.57,5,1,177,14,8,8,1,16,35,18,5,17,78,36,10,2.49,4.43,3.78,3,3,2,124,2nd line
763,D,78,18.18,96.07,6.18,6.18,11,19,194,34,4,8,0,23,49,53,17,49,114,18,3,3.2,2.12,0.86,2,2,0,135,2nd pair
764,L,79,17.4,245.03,30.53,20.08,30,17,433,82,35,29,6,13,29,21,41,46,205,96,29,7.68,11.94,10.91,12,14,9,330,1st line
765,D,42,21.88,68.22,6.45,4.5,8,6,140,24,10,5,2,16,38,82,13,20,77,12,6,2.49,1.35,2.61,4,2,4,95,1st pair
766,L,73,10.57,71.51,7.67,5.29,4,5,133,15,6,7,1,9,18,64,15,13,66,27,7,2.31,3.45,1.91,0,6,0,100,3rd line
767,C,26,12.6,40.46,2.77,2.39,5,4,75,11,2,1,0,3,6,1,8,7,48,6,1,1.73,0.65,0.39,1,1,0,55,3rd line
768,D,82,23.64,142.51,6.94,8.02,12,13,299,33,8,12,0,23,47,222,32,30,191,11,6,3.83,1.4,1.72,3,3,2,208,1st pair
769,C,46,10.96,51.31,5.85,3.4,2,4,76,8,2,5,1,2,4,23,8,4,37,24,7,0.96,2.81,2.08,0,1,1,68,3rd line
770,L,16,7.8,3.21,0.34,0.24,2,0,7,2,0,1,0,9,27,34,1,1,3,2,0,0.1,0.23,0.0,0,0,0,5,3rd line
771,D,82,21.94,151.23,7.0,8.39,7,16,296,33,10,7,0,19,44,169,29,51,203,7,5,4.51,0.81,1.68,6,2,2,215,1st pair
772,C,61,10.08,56.42,5.64,3.73,7,2,96,16,7,10,2,7,14,103,19,6,54,19,6,1.8,2.21,1.62,3,1,3,79,3rd line
773,D,82,18.78,127.67,7.4,7.56,7,10,251,26,9,5,1,11,22,119,7,45,170,12,5,3.84,1.5,2.06,3,4,2,187,2nd pair
