name,minutes/game,games_played,icetime,I_F_xOnGoal,I_F_xGoals,I_F_xRebounds,I_F_shotAttempts,I_F_points,I_F_rebounds,I_F_takeaways,I_F_giveaways,I_F_lowDangerShots,I_F_mediumDangerShots,I_F_highDangerShots,I_F_lowDangerxGoals,I_F_mediumDangerxGoals,I_F_highDangerxGoals,I_F_lowDangerGoals,I_F_mediumDangerGoals,I_F_highDangerGoals,I_F_unblockedShotAttempts
Ilya Lyubushkin,17.46,77,80654,51.47,1.91,2.99,104,15,0,15,37,73,2,0,1.65,0.26,0,2,0,0,75
Dominic Toninato,8.40,77,38801,48.28,6.85,3.49,88,14,1,11,10,34,19,11,1.32,2.41,3.12,1,4,2,64
Buddy Robinson,9.25,32,17754,35.32,3.27,2.1,51,6,4,7,6,32,11,3,0.88,1.4,0.99,0,0,1,46
Logan O'Connor,13.87,81,67415,117.94,12.23,8.13,202,24,10,38,17,102,42,12,3.56,5.1,3.57,2,5,1,156
T.J. Tynan,10.84,2,1301,2.13,0.04,0.11,4,0,0,0,0,3,0,0,0.04,0,0,0,0,0,3
Declan Chisholm,12.95,2,1554,2.87,0.07,0.14,9,0,0,1,1,4,0,0,0.07,0,0,0,0,0,4
Jayden Halbgewachs,13.09,3,2357,6.14,0.49,0.38,10,1,0,1,1,8,1,0,0.31,0.17,0,0,0,0,9
Shea Theodore,23.13,78,108267,187.65,11.33,13.12,417,52,16,60,58,231,35,7,5.38,3.81,2.14,7,4,3,273
Nick Merkley,12.41,9,6702,8.91,0.88,0.63,15,3,0,7,3,8,3,1,0.26,0.31,0.3,0,0,1,12
Kevin Connauton,13.08,39,30599,26.35,1.44,1.63,67,3,2,6,16,35,3,1,0.75,0.33,0.37,1,0,0,39
Alex Steeves,7.97,3,1435,3.05,0.36,0.25,5,1,0,3,0,3,1,0,0.19,0.17,0,0,0,0,4
Victor Hedman,25.08,82,123372,230.46,14.75,15.35,462,85,19,52,56,298,22,11,7.52,2.65,4.59,11,3,6,331
Alexander Kerfoot,15.21,82,74856,119.99,14.74,8.82,193,51,7,36,40,91,54,14,3.27,6.6,4.87,4,6,3,159
Isaac Ratcliffe,10.75,10,6448,15.26,1.37,1.17,22,4,3,2,1,15,4,1,0.54,0.59,0.24,0,0,1,20
Johan Larsson,15.91,43,41048,46.72,4.86,3.05,88,21,0,13,13,52,8,5,2.01,0.94,1.91,5,0,2,65
Matt Grzelcyk,18.73,73,82025,105.12,3.94,6.12,211,24,1,21,41,150,3,1,3.17,0.47,0.3,4,0,0,154
Charlie McAvoy,24.66,78,115386,153.21,8.86,9.59,295,56,12,29,65,207,16,4,4.88,1.88,2.1,5,2,3,227
Pavel Dorofeyev,6.50,2,780,0.97,0.31,0.11,2,0,0,2,0,0,0,1,0,0,0.31,0,0,0,1
Simon Benoit,14.09,53,44814,43.79,1.62,2.52,87,5,2,7,21,61,3,0,1.31,0.3,0,1,0,0,64
Brendan Gallagher,15.02,56,50462,141.83,17.66,11.72,250,24,14,17,20,124,50,20,4.13,6.44,7.09,1,1,5,194
Thomas Hickey,19.48,2,2337,0,0,0,1,0,0,1,1,0,0,0,0,0,0,0,0,0,0
Petteri Lindbohm,14.06,9,7590,11.11,0.58,0.65,25,1,0,4,8,14,1,1,0.22,0.08,0.28,0,0,0,16
Alex Iafallo,18.50,79,87703,211.4,22.26,15.38,345,37,13,46,14,199,70,24,6.14,8.6,7.52,5,7,5,293
Jake DeBrusk,15.04,77,69468,166.37,20.88,11.75,278,42,12,35,26,139,62,24,4.57,7.61,8.71,5,12,8,225
Brett Seney,7.02,2,842,0.81,0.13,0.05,2,0,0,0,1,0,1,0,0,0.13,0,0,0,0,1
Keegan Kolesar,12.65,77,58445,86.12,12.68,6.57,142,24,9,33,36,69,29,19,2.79,3.76,6.13,3,3,1,117
Brenden Dillon,18.83,79,89267,87.25,4.18,5.03,203,20,5,16,51,121,5,4,2.35,0.57,1.26,1,1,1,130
Kyle Burroughs,12.94,42,32600,33.32,1.62,2.08,83,5,2,7,7,46,1,2,1.02,0.12,0.48,1,0,0,49
Cameron Hillis,10.25,1,615,1.43,0.03,0.05,2,0,1,0,0,2,0,0,0.03,0,0,0,0,0,2
Tyler Ennis,12.54,57,42896,90.17,7.86,6.83,157,24,5,19,23,89,30,5,2.82,3.84,1.2,2,6,0,124
Sean Kuraly,15.86,77,73273,118.33,14.2,7.43,190,30,5,35,26,115,31,15,3.83,3.81,6.56,4,5,5,161
Ryan Poehling,12.20,57,41708,86.21,9.95,6.65,138,17,9,21,24,77,25,13,2.25,3.33,4.38,3,3,3,115
Christian Jaros,11.01,11,7267,9.8,0.61,0.59,21,0,0,1,5,12,2,0,0.34,0.26,0,0,0,0,14
Brayden Pachal,9.76,2,1171,1.26,0.05,0.08,3,0,0,1,1,2,0,0,0.05,0,0,0,0,0,2
Nicolas Deslauriers,11.37,81,55236,89.59,9.9,6.05,158,13,9,7,14,84,30,9,2.69,3.55,3.66,2,3,3,123
Eric Robinson,13.89,67,55846,103.37,12.51,6.93,187,27,5,30,12,81,39,16,2.82,4.75,4.94,4,1,5,136
Jonathan Marchessault,17.58,76,80161,239.39,24.36,16.84,413,66,15,38,46,244,64,23,7.31,7.66,9.38,9,10,11,331
Victor Rask,12.20,47,34391,56.06,5.58,3.67,95,21,6,14,14,57,16,6,1.98,1.9,1.69,4,3,2,79
Matt Martin,11.44,71,48733,62.49,7.17,4.33,106,7,3,11,17,56,22,8,1.87,2.68,2.62,1,0,2,86
Andrew Peeke,21.48,82,105665,74.11,3.43,4.07,167,15,5,15,31,101,5,3,1.82,0.46,1.15,0,0,2,109
Travis Boyd,16.52,74,73329,92.97,12.95,8.12,155,35,6,20,28,66,51,14,2.71,6.42,3.83,3,10,4,131
Trevor Zegras,17.91,75,80582,179.42,16.67,12.99,333,61,15,40,71,191,49,11,6.9,5.79,3.98,10,9,4,251
Danny DeKeyser,18.50,59,65505,50.61,2.37,2.98,119,11,3,7,21,65,7,1,1.38,0.79,0.2,0,0,0,73
Jonas Rondbjerg,10.01,30,18022,31.6,3.51,2.33,50,6,2,8,5,21,19,2,0.74,2.24,0.52,1,1,0,42
Jason Zucker,14.82,41,36458,92.95,9.93,7.21,146,17,10,15,22,86,34,7,3.04,4.26,2.63,2,4,2,127
Troy Stecher,16.67,29,29003,47.05,1.5,2.57,87,3,2,7,19,66,2,0,1.24,0.26,0,1,0,0,68
Sam Reinhart,17.76,78,83112,199.41,30.51,16.19,325,82,18,37,43,137,94,35,4.9,11.76,13.85,3,13,17,266
Cale Fleury,12.99,2,1559,1.35,0.03,0.08,4,0,0,0,0,2,0,0,0.03,0,0,0,0,0,2
Evander Kane,19.45,43,50182,151.65,18.53,11.3,260,39,13,16,27,127,64,15,4.53,7.81,6.19,3,13,6,206
Adam Raska,8.06,5,2417,4.16,0.76,0.28,7,0,0,0,2,3,2,1,0.13,0.31,0.32,0,0,0,6
Anthony Mantha,15.17,37,33675,78.71,9.18,5.65,132,23,5,13,13,66,24,14,2.28,2.94,3.97,2,2,5,104
Zack Kassian,11.78,58,41010,62.5,7.31,4.5,103,19,5,13,22,50,28,6,1.86,3.7,1.74,1,3,2,84
Marc McLaughlin,10.49,11,6921,12.27,1.34,0.95,19,3,1,2,4,9,6,1,0.29,0.84,0.2,0,2,1,16
Andy Andreoff,9.99,6,3595,5.52,0.3,0.27,9,1,0,1,3,7,1,0,0.21,0.09,0,1,0,0,8
Brandon Baddock,8.40,1,504,0,0,0,0,0,0,0,0,0,0,0,0,0,0,0,0,0,0
Nicolas Aube-Kubel,9.82,74,43584,86.59,9.12,6.26,152,23,6,17,20,84,24,11,2.83,3.13,3.16,6,1,4,119
Jakub Zboril,15.73,10,9435,10.77,0.8,0.63,20,3,0,1,4,13,1,1,0.33,0.1,0.36,0,0,0,15
Robin Salo,16.69,21,21031,19.18,0.74,1.32,43,5,3,5,14,29,0,0,0.74,0,0,1,0,0,29
Nolan Foote,10.37,7,4354,9.69,1.51,0.64,15,4,1,1,2,6,5,1,0.23,0.73,0.54,0,2,1,12
Jaycob Megna,19.12,44,50478,34.64,1.29,1.96,84,8,4,18,23,48,2,1,0.84,0.25,0.2,1,1,0,51
Joel Farabee,17.59,63,66479,115.35,14.19,8.46,208,34,5,25,22,95,40,19,2.94,5.25,6,5,6,6,154
Miro Heiskanen,24.89,70,104526,152.48,9.92,10.15,312,36,16,45,84,186,26,6,4.62,3.34,1.96,0,5,0,218
Mitchell Stephens,11.18,27,18109,19.24,1.28,1.2,38,6,4,5,7,23,2,1,0.65,0.35,0.28,0,0,0,26
Zach Werenski,25.66,68,104700,220.11,13.65,14.45,428,48,13,39,39,273,32,8,7.13,3.41,3.1,7,2,2,313
Nathan Bastian,11.91,72,51432,107.88,15.08,8.56,165,18,7,13,15,78,47,20,2.52,5.93,6.64,1,4,7,145
J.J. Moser,18.69,43,48228,43.58,2.89,3.06,99,15,4,10,24,59,3,3,1.69,0.36,0.83,2,0,2,65
Linus Hogberg,17.06,5,5119,1.75,0.05,0.11,6,2,0,3,4,3,0,0,0.05,0,0,0,0,0,3
Brandon Hagel,16.36,77,75568,120.55,17.92,8.6,223,44,7,53,33,100,48,18,3.4,5.48,9.04,5,10,10,166
Sean Monahan,14.06,65,54831,109.6,11.08,8.75,197,23,9,32,28,99,44,8,3.4,5.55,2.13,0,6,2,151
Kevin Labanc,13.29,21,16747,33.65,3.01,2.23,62,6,1,6,6,40,2,5,1.21,0.24,1.56,1,0,2,47
Andy Greene,17.41,69,72083,56.92,1.83,3.38,126,10,2,14,45,85,0,1,1.61,0,0.22,2,0,0,86
William Karlsson,18.28,67,73493,138.14,15.33,10.22,237,35,15,44,34,122,54,16,4.42,6.39,4.53,2,6,4,192
Robert Thomas,18.78,72,81115,122.22,18.57,9.95,191,77,6,60,50,82,62,22,3.49,7.44,7.64,5,10,5,166
Morgan Geekie,12.61,73,55224,102.04,9.72,7.43,189,22,3,25,26,100,35,7,3.57,4.16,1.99,3,3,1,142
David Pastrnak,18.60,72,80372,312.42,31.08,21.8,560,77,16,36,77,323,89,26,10.4,10.73,9.96,11,19,10,438
Jonny Brodzinski,10.86,22,14330,32.62,2,2.04,52,2,2,5,4,40,6,0,1.29,0.7,0,1,0,0,46
Curtis Lazar,11.99,70,50375,90.84,10.13,6.41,147,16,7,17,11,77,36,11,2.95,4.41,2.77,3,2,3,124
Matias Maccelli,14.20,23,19592,20.02,1.81,1.37,42,6,1,10,19,23,3,2,0.9,0.35,0.56,0,0,1,28
Ryan Graves,20.71,75,93211,110.8,5.25,6.53,241,28,11,27,51,146,15,1,3.25,1.74,0.26,4,2,0,162
Juho Lammikko,12.28,75,55242,69.65,8.52,4.6,118,15,6,17,9,55,24,13,1.56,2.91,4.05,1,3,3,92
Mark Scheifele,21.13,67,84958,154.1,20.43,11.91,264,70,17,49,60,115,79,21,4.11,9.4,6.93,9,15,5,215
Kris Letang,25.78,78,120638,189.16,9.69,11.6,403,68,15,59,79,255,12,5,6.42,1.37,1.91,4,3,3,272
Noah Hanifin,21.31,81,103554,191.46,8.4,11.89,397,48,14,38,62,266,11,4,5.41,1.3,1.7,7,0,3,281
Adam Fox,23.91,78,111886,136.12,7.06,9.04,275,74,13,78,58,180,11,6,3.98,1.31,1.77,6,3,2,197
John Marino,20.64,81,100295,89.01,4.35,5.62,191,25,6,43,35,117,11,1,2.83,1.24,0.28,0,1,0,129
Sam Steel,12.31,68,50233,64.88,6.86,4.67,125,20,5,18,20,58,25,6,2.06,2.99,1.81,1,3,2,89
Tanner Jeannot,15.99,81,77699,128.62,17.98,9.93,215,41,10,32,32,98,65,17,3.79,7.53,6.67,5,11,8,180
Mike Hoffman,17.04,67,68509,152.56,14.98,10.03,285,35,19,32,46,158,31,18,4.38,4.02,6.59,7,1,7,207
Nick Holden,19.85,76,90510,80.09,3.5,4.65,169,19,7,16,48,109,8,1,2.33,0.84,0.32,4,1,0,118
Henrik Borgstrom,10.52,52,32819,41.53,5.02,3.04,85,7,3,22,8,42,8,7,1.45,1.03,2.54,0,1,3,57
Danny O'Regan,10.06,5,3017,1.6,0.26,0.13,6,1,0,1,0,1,0,1,0.02,0,0.24,0,0,0,2
Corey Schueneman,16.60,24,23903,32.1,1.41,1.91,65,6,2,6,13,44,3,0,1.09,0.32,0,2,0,0,47
Dmitrij Jaskin,14.78,12,10645,23.66,2.15,1.83,43,1,1,3,8,25,7,1,0.96,0.9,0.3,0,0,0,33
Zachary Hayes,10.88,3,1959,1.39,0.04,0.07,6,0,0,0,3,2,0,0,0.04,0,0,0,0,0,2
Josiah Slavin,12.03,15,10827,11.44,1.14,0.89,23,1,2,4,3,11,5,0,0.48,0.66,0,0,0,0,16
John Carlson,23.81,78,111435,191.6,11.71,12.4,388,71,14,42,55,251,18,9,5.65,2.3,3.76,11,1,5,278
Grigori Denisenko,15.50,1,930,2.35,0.27,0.19,3,0,0,0,0,2,1,0,0.14,0.13,0,0,0,0,3
Carl Hagelin,14.24,53,45274,71.17,7.39,4.83,117,14,4,14,15,66,23,7,1.76,2.84,2.79,1,1,1,96
Bobby Brink,15.45,10,9269,19.68,2.14,1.5,31,4,2,1,4,15,9,2,0.57,1.1,0.46,0,0,0,26
Casey Cizikas,13.75,74,61036,95.44,9.78,6.76,147,16,8,33,32,81,38,9,2.81,4.34,2.63,2,6,2,128
Stefan Matteau,3.65,1,219,0,0,0,0,0,0,0,0,0,0,0,0,0,0,0,0,0,0
Filip Hronek,22.03,78,103086,132.45,7.46,7.88,280,38,8,16,46,172,14,5,3.79,1.59,2.08,3,0,2,191
Barclay Goodrow,16.71,79,79216,111.7,15.93,8.25,182,33,11,39,37,95,42,20,3.46,5.13,7.34,3,6,4,157
Wade Allison,8.27,1,496,1.6,0.14,0.13,2,0,0,1,1,2,0,0,0.14,0,0,0,0,0,2
Jake Evans,15.60,72,67371,111.69,11.11,8.14,195,29,5,39,33,105,41,9,3.76,5.04,2.31,6,5,2,155
Beck Malenstyn,9.04,12,6512,10.33,0.92,0.89,17,1,0,2,1,11,4,0,0.36,0.56,0,0,1,0,15
Sean Walker,18.37,6,6614,15.01,1.04,0.94,32,2,2,1,1,20,0,2,0.44,0,0.6,0,0,0,22
Patrick Brown,12.43,44,32825,51.68,4.92,3.57,83,9,4,9,14,49,15,5,1.57,1.83,1.52,0,3,1,69
Alex Goligoski,18.93,72,81784,72.97,3.56,4.36,173,30,7,6,31,104,2,2,2.6,0.18,0.79,2,0,0,108
Quinn Hughes,25.23,76,115056,136.23,6.36,9.58,342,68,12,41,42,186,12,4,3.84,1.3,1.22,5,2,1,202
Danton Heinen,12.71,76,57980,137.47,16.93,9.81,217,33,9,36,24,114,47,22,4.35,5.63,6.95,6,6,6,183
Phillip Danault,18.13,79,85916,194.56,25.97,15.35,299,51,21,22,29,145,80,35,4.98,10.12,10.87,2,9,16,260
Alexander Holtz,12.27,9,6626,12.64,0.94,0.95,23,2,0,5,1,13,4,0,0.47,0.47,0,0,0,0,17
Brett Murray,12.99,19,14804,16.98,2.7,1.39,25,6,6,4,5,10,8,4,0.42,0.95,1.33,0,0,2,22
Marcus Pettersson,15.66,72,67630,91.25,3.24,5.39,189,19,6,17,14,133,2,1,2.7,0.27,0.27,2,0,0,136
Jacob Moverare,16.34,19,18629,11.04,0.31,0.62,28,2,0,1,3,17,0,0,0.31,0,0,0,0,0,17
Zach Parise,15.28,82,75198,131.77,16.98,9.64,203,35,12,27,25,116,47,17,4.4,5.69,6.89,5,5,5,180
Boone Jenner,20.46,59,72445,161.33,21.51,12.38,266,44,9,33,29,138,57,26,4.42,7.15,9.94,2,7,14,221
Jacob Middleton,18.68,66,73990,65.24,3.94,3.96,124,14,5,27,19,85,10,1,2.06,1.16,0.72,2,1,1,96
Connor Dewar,9.90,35,20782,43.34,3.54,2.88,81,6,3,9,6,47,10,2,1.79,1.31,0.43,2,0,0,59
Nick Seeler,13.08,43,33742,32.25,1.21,1.99,67,3,1,4,17,46,2,0,0.96,0.26,0,1,0,0,48
Evgeny Kuznetsov,20.28,79,96129,214.66,23.03,15.86,345,78,11,54,51,206,64,19,6.45,7.87,8.71,9,6,9,289
Frank Vatrano,13.16,71,56058,154.54,13.97,9.57,266,32,12,22,27,150,50,9,5.07,5.96,2.94,8,6,4,209
Cody Eakin,13.59,69,56250,68.44,5.38,4.17,117,12,4,22,20,70,21,3,2.05,2.42,0.91,1,2,1,94
Evan Rodrigues,15.84,82,77918,224.4,22.84,15.4,393,43,17,33,32,218,70,22,6.4,8.36,8.07,7,8,4,310
Hayden Hodgson,13.20,6,4752,9.69,1.65,0.74,14,3,1,1,0,6,5,2,0.24,0.77,0.63,0,0,1,13
Vinni Lettieri,12.52,31,23279,51.35,4.25,3.63,86,10,5,6,10,55,14,2,1.71,2,0.53,3,2,0,71
Rasmus Kupari,11.80,57,40359,62.38,5.26,4.47,99,13,5,10,19,62,18,5,1.89,2.09,1.28,1,2,2,85
Mackenzie MacEachern,7.97,14,6694,12.84,1.47,1.03,19,2,3,7,2,9,5,2,0.39,0.62,0.46,0,0,0,16
Nino Niederreiter,14.84,75,66779,153.57,23.55,11.96,243,44,25,21,51,108,64,34,3.62,8.2,11.74,4,12,8,206
Ryan O'Reilly,19.08,78,89298,157.29,23.2,12.41,252,58,11,50,26,119,73,23,4.46,9.28,9.46,4,9,8,215
Radek Faksa,15.77,77,72852,94.87,11.9,6.81,150,19,14,27,27,81,31,18,2.63,3.33,5.94,0,2,3,130
Michael Pezzetta,7.84,51,23978,47.64,5.45,3.31,77,11,4,4,24,41,17,7,1.24,1.97,2.25,1,2,2,65
Conor Sheary,15.29,71,65118,132.04,15.88,9.63,214,43,5,38,12,124,41,17,4.38,4.95,6.56,6,6,7,182
Axel Jonsson-Fjallby,11.18,23,15431,28.6,2.29,1.87,47,4,4,3,5,29,8,2,0.84,0.97,0.48,2,0,0,39
Christian Fischer,13.11,53,41698,73.32,8.4,5.31,123,10,7,17,24,64,20,11,2,2.71,3.69,2,1,2,95
Alex DeBrincat,20.86,82,102613,259.84,31.16,17.59,470,78,18,67,47,245,81,28,9.27,9.24,12.66,13,13,15,354
Michael Rasmussen,14.52,80,69687,130.09,16.63,10.42,195,27,18,29,16,101,57,15,3.71,7.01,5.91,4,6,5,173
Morgan Frost,13.92,55,45944,80.86,8.46,5.72,152,16,14,27,22,76,25,10,2.16,3.01,3.3,0,2,3,111
Ben Hutton,15.47,58,53819,69.82,2.58,4.03,166,13,4,16,19,99,3,1,1.86,0.43,0.3,3,0,0,103
Kirill Semyonov,10.04,3,1807,2.16,0.07,0.11,4,0,0,0,1,3,0,0,0.07,0,0,0,0,0,3
Matt Duchene,19.01,78,88984,231.7,34.82,18.26,383,86,14,31,77,186,93,39,7.45,11.04,16.34,12,13,18,318
Jesper Fast,14.81,82,72868,101.23,15.65,7.79,171,34,6,17,26,69,54,19,2.58,6.9,6.17,6,6,2,142
Ryan MacInnis,10.00,1,600,1.4,0.1,0.09,2,0,0,0,0,2,0,0,0.1,0,0,0,0,0,2
Anze Kopitar,20.77,81,100940,204.32,20.76,14.78,353,67,15,48,30,188,73,19,6.5,8.56,5.71,7,6,6,280
Zemgus Girgensons,14.79,56,49692,85.32,8.89,6.22,145,18,6,24,10,84,28,8,2.94,3.53,2.42,4,4,2,120
Adam Ruzicka,10.22,28,17176,32.59,3.18,2.34,58,10,2,6,11,32,10,3,1.06,1.29,0.84,1,3,1,45
Nick Jensen,19.35,76,88215,96.45,3.97,5.42,204,21,3,23,44,131,8,2,2.46,1,0.51,3,2,0,141
Dmitry Orlov,20.96,76,95590,123.45,7.39,7.13,238,35,11,37,44,157,12,5,3.56,1.35,2.49,8,1,3,174
Steven Fogarty,10.30,2,1236,1.5,0.14,0.11,2,0,0,1,1,1,1,0,0.06,0.09,0,0,0,0,2
Carl Dahlstrom,13.65,3,2457,2.61,0.05,0.15,5,2,1,2,3,4,0,0,0.05,0,0,0,0,0,4
Casey Mittelstadt,16.12,40,38689,72.34,6.96,4.98,120,19,2,13,17,72,18,9,2.13,2.16,2.67,1,3,2,99
Karson Kuhlman,11.90,44,31425,69.16,7.34,4.99,116,10,4,12,10,60,25,7,2.08,3.27,1.99,0,2,1,92
Michael McCarron,10.39,51,31791,47.18,5.84,3.73,84,14,2,14,19,41,21,5,1.81,2.56,1.47,2,5,0,67
Pierre-Luc Dubois,18.92,81,91951,242.34,35.25,20.77,393,60,18,22,42,175,113,41,6.89,14.17,14.18,4,10,14,329
Dakota Joshua,8.49,30,15287,31.23,4.37,2.77,49,8,6,7,8,17,20,4,0.91,2.45,1.01,1,1,1,41
Frederick Gaudreau,16.31,76,74391,130.47,12.23,9.28,227,44,10,38,25,119,53,7,3.75,6.53,1.96,6,6,2,179
Glenn Gawdin,9.24,2,1109,2.02,0.07,0.12,4,0,0,0,1,3,0,0,0.07,0,0,0,0,0,3
Cole Reinhardt,8.58,1,515,0.72,0.03,0.05,1,0,0,0,1,1,0,0,0.03,0,0,0,0,0,1
Nils Lundkvist,13.93,25,20898,29.61,0.76,1.74,59,4,2,3,15,42,1,0,0.68,0.08,0,1,0,0,43
Nathan Smith,14.15,10,8490,13.37,1.72,1.02,22,4,2,1,12,10,5,3,0.36,0.61,0.76,0,2,0,18
Paul Byron,12.60,27,20413,28.91,3.55,2.2,43,7,5,9,15,19,15,3,0.68,2.19,0.69,1,2,1,37
Gemel Smith,7.21,2,865,0.74,0.01,0.03,1,0,0,0,0,1,0,0,0.01,0,0,0,0,0,1
Jansen Harkins,9.48,77,43782,71.79,6.43,4.91,142,13,2,26,24,71,26,3,2.2,3.47,0.75,3,3,1,100
David Gustafsson,2.47,2,296,0,0,0,0,0,0,1,0,0,0,0,0,0,0,0,0,0,0
Carter Rowney,10.67,26,16643,15.09,2.7,1.04,27,6,3,4,5,12,6,3,0.4,0.77,1.53,1,1,2,21
Anton Stralman,21.34,74,94747,84.51,4.21,4.97,181,23,7,32,28,108,10,3,2.09,1.29,0.83,4,4,0,121
Michael Amadio,12.16,56,40857,62.44,7.1,4.34,109,18,4,26,11,53,23,7,1.77,3,2.33,3,4,4,83
Andre Burakovsky,16.26,80,78040,155.93,14.8,10.76,313,61,12,28,39,165,38,12,5.79,4.34,4.68,13,5,4,215
Rasmus Sandin,16.96,51,51896,52.82,3.09,3.54,122,16,3,18,24,66,7,3,1.64,0.72,0.72,2,2,1,76
Benoit-Olivier Groulx,10.99,18,11874,16.07,2.19,1.02,31,3,2,4,3,13,7,1,0.41,0.91,0.86,0,0,1,21
Mark Borowiecki,13.12,57,44869,47.36,1.69,2.51,91,4,1,7,14,64,3,0,1.37,0.31,0,0,0,0,67
Josh Brown,14.22,52,44356,42.62,1.13,2.19,87,6,3,9,22,62,1,0,1.01,0.13,0,0,0,0,63
Ronnie Attard,16.59,15,14935,19.38,1.05,1.31,45,4,2,6,9,26,1,1,0.7,0.1,0.26,2,0,0,28
Andrei Svechnikov,17.26,78,80776,269.91,31.74,18.69,467,69,29,44,72,248,77,38,8.17,8.88,14.69,9,5,16,363
Michael Raffl,14.54,76,66285,94.03,10.08,6.48,151,16,5,36,36,80,36,11,2.57,4.66,2.85,2,2,3,127
Pavel Zacha,16.85,70,70788,153.6,18.47,10.55,264,36,7,33,40,136,58,17,5.49,6.81,6.17,5,3,7,211
Eeli Tolvanen,13.43,75,60425,149.37,13.98,9.97,266,23,8,15,21,155,42,12,5.63,4.69,3.66,4,3,4,209
Chandler Stephenson,19.30,79,91504,119.07,18.07,8.61,195,64,9,40,32,94,40,24,3.26,5.38,9.43,5,7,9,158
Brian Boyle,10.79,66,42724,82.53,8.03,5.6,122,21,6,20,10,68,32,9,1.78,3.8,2.44,1,9,1,109
John Leonard,11.28,14,9475,23.19,1.02,1.34,36,2,1,1,5,30,2,0,0.83,0.19,0,0,1,0,32
Derek Ryan,11.43,75,51439,67.67,8.93,4.88,118,22,5,26,15,56,26,13,1.86,3.17,3.9,2,4,4,95
Marian Studenic,11.15,33,22071,42.69,5.18,2.91,72,4,3,13,10,36,13,8,1.3,1.58,2.3,0,1,1,57
Colton White,13.25,27,21470,21.09,0.89,1.18,45,4,4,1,10,27,3,0,0.56,0.33,0,0,0,0,30
Greg Pateryn,14.12,10,8472,15.03,0.51,0.72,23,2,2,0,3,21,0,0,0.51,0,0,1,0,0,21
Jaden Schwartz,18.46,37,40974,98.05,8.92,8.07,168,23,5,28,16,99,37,4,3.25,4.55,1.13,2,5,1,140
Pierre-Olivier Joseph,18.23,4,4374,6.33,0.37,0.38,13,0,1,5,1,8,0,1,0.16,0,0.21,0,0,0,9
Josh Archibald,9.04,8,4340,4.25,0.31,0.21,9,1,0,3,1,5,1,0,0.2,0.11,0,0,0,0,6
Jack Rathbone,13.82,9,7465,10.89,0.47,0.67,22,0,0,2,4,15,1,0,0.39,0.08,0,0,0,0,16
Jonathan Huberdeau,19.44,80,93324,208.47,27.52,16,344,115,23,63,85,160,85,35,5.04,10.35,12.12,6,13,11,280
Dylan Coghlan,14.20,59,50269,106.11,4.7,6.16,218,13,9,20,28,150,4,3,3.2,0.41,1.09,1,0,2,157
Reilly Walsh,14.38,1,863,1.41,0.02,0.05,3,1,0,0,1,2,0,0,0.02,0,0,0,0,0,2
Jacob Larsson,15.27,6,5498,4.6,0.12,0.25,8,1,0,0,3,7,0,0,0.12,0,0,0,0,0,7
Joel Edmundson,19.58,24,28200,27.88,1.18,1.69,59,6,2,5,27,38,3,0,0.82,0.36,0,2,1,0,41
Tyler Toffoli,16.30,74,72387,187.88,20.81,13.02,329,49,8,27,35,181,57,20,5.35,7.18,8.27,4,9,7,258
Anthony Greco,9.73,1,584,3.84,0.61,0.35,5,0,2,0,1,2,2,1,0.09,0.18,0.34,0,0,0,5
Dustin Brown,14.74,64,56595,145.47,14.71,10.82,238,28,10,13,19,140,41,15,3.99,5.27,5.45,3,3,3,196
Noah Dobson,21.46,80,103012,182.14,8.91,12.14,401,51,14,27,82,254,10,5,5.61,1.18,2.13,9,2,2,269
Ville Heinola,14.89,12,10723,22.62,1.04,1.3,44,5,2,5,5,30,3,0,0.71,0.33,0,0,0,0,33
Josh Bailey,16.89,74,74990,82.88,10.39,5.93,156,44,8,31,43,74,31,10,2.96,3.77,3.65,4,5,5,115
Derek Grant,14.31,71,60976,113.76,13.94,8.1,193,29,6,21,17,96,42,17,2.54,5.11,6.29,2,6,7,155
Cam York,19.08,30,34346,30.23,1.27,2.2,72,10,4,5,12,42,4,0,0.88,0.39,0,2,1,0,46
Ryan Pulock,21.14,56,71014,106.34,5.85,6.69,226,21,7,15,33,147,7,5,2.86,0.81,2.18,3,0,2,159
Erik Brannstrom,19.77,53,62854,78.54,3.73,4.89,168,14,8,10,36,107,6,2,2.41,0.77,0.55,0,0,0,115
Jujhar Khaira,13.60,27,22032,28.96,2.77,1.97,51,3,1,2,2,26,10,3,0.87,1.11,0.8,1,1,1,39
Hampus Lindholm,22.51,71,95877,136.19,6.28,8.29,275,27,6,35,47,187,10,4,3.93,1.3,1.05,4,0,1,201
Alex Formenton,15.45,79,73241,158.04,22.6,11.73,256,32,17,44,25,105,76,28,3.83,9.52,9.24,4,7,7,209
Andrew Mangiapane,15.73,82,77377,172.26,26.63,13.29,300,55,14,52,42,121,87,27,4.93,10.49,11.21,2,16,17,235
P.K. Subban,18.30,77,84528,114.04,4.41,7.12,264,22,7,23,51,165,6,1,3.38,0.74,0.29,5,0,0,172
Matty Beniers,16.94,10,10164,19.02,2.5,1.28,36,9,1,6,5,19,5,2,0.44,0.69,1.38,0,1,2,26
Alexander True,8.25,8,3959,4.32,0.32,0.26,7,0,0,1,1,4,2,0,0.09,0.23,0,0,0,0,6
Jeremy Lauzon,17.67,66,69979,68.18,2.87,4.04,151,7,3,10,24,94,4,2,1.94,0.51,0.42,1,0,1,100
Anthony Beauvillier,16.83,75,75750,147.74,16.05,10.9,252,34,17,36,54,148,36,17,5.79,4.34,5.93,2,3,7,201
Alex Turcotte,11.25,8,5400,12.94,1.2,1,19,0,3,3,3,11,4,1,0.41,0.52,0.27,0,0,0,16
Timo Meier,19.16,77,88501,322.18,31.03,22.9,573,76,26,49,53,329,91,28,11.4,10.77,8.87,17,9,9,448
Mason Appleton,14.89,68,60731,96.5,11.27,6.71,171,21,6,15,13,91,31,14,2.8,3.93,4.55,3,1,4,136
Zach Aston-Reese,13.04,69,53975,73.71,8.18,5.1,130,15,8,19,10,66,28,8,2,3.26,2.91,0,2,3,102
Ryan Getzlaf,18.96,56,63699,102.81,8.4,7.04,192,37,7,35,67,117,26,5,3.52,2.89,1.99,2,0,1,148
Jordan Gross,8.32,1,499,0,0,0,0,0,0,0,0,0,0,0,0,0,0,0,0,0,0
Fredrik Claesson,9.86,9,5327,4.62,0.1,0.29,11,0,1,1,3,7,0,0,0.1,0,0,0,0,0,7
Jack Johnson,16.72,82,82251,65.34,2.58,3.82,149,14,5,12,25,93,1,3,1.75,0.11,0.71,0,0,2,97
Brayden Tracey,9.35,1,561,0.72,0.14,0.06,1,0,0,0,0,0,1,0,0,0.14,0,0,0,0,1
Bryan Rust,18.77,60,67573,184.69,25.45,15.4,302,58,14,22,36,153,70,29,5.4,8.86,11.19,2,12,10,252
Nic Dowd,14.26,64,54769,82.81,9.61,6.16,135,24,8,28,14,76,22,15,2.62,2.75,4.25,3,3,4,113
Adam Boqvist,17.05,52,53183,65.53,4.9,4.46,130,22,4,11,28,75,10,6,1.9,1.14,1.85,4,3,4,91
Jalen Chatfield,14.79,16,14197,25.49,1.05,1.42,51,3,2,6,3,34,1,1,0.77,0.08,0.2,0,0,0,36
C.J. Smith,9.37,1,562,1.51,0.1,0.06,2,0,0,0,2,1,1,0,0.01,0.09,0,0,0,0,2
Jordan Staal,16.63,78,77838,148.94,22.38,11.62,234,36,17,34,51,117,59,31,4.95,7.33,10.1,5,3,9,207
Andrew Cogliano,12.67,74,56254,73.94,7.49,4.51,128,16,4,29,23,76,20,8,2.36,2.27,2.86,1,1,2,104
Kevin Bahl,15.75,17,16060,14.85,0.46,0.82,30,4,1,4,3,22,0,0,0.46,0,0,1,0,0,22
Janne Kuokkanen,13.49,57,46141,62.71,6.47,4.3,109,17,6,26,11,57,28,4,2.18,3.2,1.1,1,3,2,89
Roman Josi,25.55,80,122661,265.2,18.23,17.59,563,96,22,48,71,344,28,13,9.06,3.46,5.71,11,5,7,385
Isaak Phillips,12.34,4,2961,3.47,0.07,0.18,6,0,1,2,4,5,0,0,0.07,0,0,0,0,0,5
Radko Gudas,18.02,77,83234,98.43,4.09,5.5,222,16,6,28,57,137,4,3,2.75,0.49,0.86,3,0,0,144
Kyle Rau,8.82,5,2645,2.25,0.04,0.09,5,0,0,0,0,3,0,0,0.04,0,0,0,0,0,3
Robert Bortuzzo,13.74,73,60170,46.31,2.59,2.96,87,6,3,8,20,59,8,1,1.48,0.88,0.22,1,0,0,68
Jared Spurgeon,21.15,65,82485,106.96,5.8,7.11,234,40,8,13,14,144,12,1,3.99,1.38,0.43,8,2,0,157
Kyle Okposo,16.78,74,74489,169.6,13.52,11.79,304,45,8,24,34,192,41,8,6.1,4.78,2.64,8,9,4,241
Nikita Okhotiuk,15.21,5,4564,4.78,0.17,0.26,13,2,0,1,2,7,0,0,0.17,0,0,1,0,0,7
Kevin Shattenkirk,21.42,82,105372,150.54,7.01,8.73,295,35,7,38,58,198,12,4,4.51,1.36,1.14,6,1,1,214
Vladislav Gavrikov,22.29,80,106978,100.66,7.88,5.73,204,33,8,22,34,122,15,8,2.66,1.86,3.36,2,0,3,145
Riley Stillman,15.06,52,46999,49.8,1.93,2.94,117,12,1,11,29,69,4,0,1.45,0.48,0,1,1,0,73
Anthony Cirelli,18.31,76,83504,150.18,18.23,11.37,260,43,12,60,13,122,57,23,4.56,7.28,6.39,1,9,7,202
Ben Meyers,9.95,5,2984,8.86,0.98,0.68,12,1,1,1,0,5,6,0,0.16,0.83,0,0,1,0,11
Dryden Hunt,12.29,76,56031,101.14,11.7,7.62,177,17,9,21,20,93,39,10,3.19,4.83,3.69,1,3,2,142
Jared McCann,16.14,74,71653,208.34,21.8,15.16,353,50,15,43,37,206,60,21,6.47,7.28,8.05,11,10,6,287
Aliaksei Protas,11.83,33,23430,32.51,4.35,2.78,61,9,6,8,15,22,16,6,0.94,1.89,1.51,2,0,1,44
Walker Duehr,8.78,1,527,0,0,0,1,0,0,0,0,0,0,0,0,0,0,0,0,0,0
Loui Eriksson,12.92,73,56591,76.23,7.24,5.14,122,19,8,22,26,67,33,4,2.14,3.93,1.18,1,1,1,104
Justin Schultz,16.92,74,75125,94.66,5.11,6.32,205,23,10,13,25,125,9,3,3.13,1.11,0.87,2,1,1,137
Fredrik Karlstrom,6.20,3,1116,0.93,0.21,0.09,1,1,1,0,2,0,0,1,0,0,0.21,0,0,0,1
Dylan Gambrell,12.14,63,45875,65.72,7.57,4.48,102,7,4,11,13,61,19,10,2.26,2.21,3.1,0,2,1,90
Samuel Fagemo,13.72,4,3293,4.61,0.54,0.37,11,0,0,2,1,4,1,1,0.23,0.1,0.21,0,0,0,6
Yanni Gourde,18.48,74,82066,132.77,15.36,9.6,246,48,5,54,38,117,53,16,3.95,6.5,4.9,9,9,3,186
Mikhail Maltsev,8.07,18,8717,21.76,1.68,1.36,38,0,2,7,1,23,6,1,0.65,0.69,0.34,0,0,0,30
Adam Gaudette,11.32,58,39392,93.09,8.19,6.27,162,14,4,21,17,94,24,8,3.31,2.76,2.12,0,3,2,126
Josh Norris,18.58,66,73573,182.15,26.17,13.4,319,55,13,24,32,140,76,30,4.56,9.65,11.95,5,13,17,246
Nic Petan,10.29,18,11110,21.07,1.89,1.52,41,2,3,7,6,25,2,3,0.8,0.24,0.85,0,0,0,30
Brendan Lemieux,10.75,50,32235,73.08,7.31,5.32,132,13,3,11,17,70,26,6,2.74,3.13,1.44,1,4,3,102
Lukas Vejdemo,10.64,6,3829,8.18,1.35,0.56,11,1,0,4,3,6,3,2,0.18,0.34,0.82,0,0,1,11
Rasmus Asplund,14.28,80,68533,126.52,14.42,8.48,192,27,11,21,23,125,31,18,4.26,3.62,6.54,1,1,6,174
Joseph Cramarossa,6.92,1,415,0.74,0.07,0.05,1,1,0,1,0,1,0,0,0.07,0,0,0,0,0,1
Tyler Seguin,17.82,81,86598,203.96,22.88,13.5,345,49,10,26,48,182,78,20,5.42,9.88,7.57,2,12,10,280
Gustav Lindstrom,16.12,63,60926,34.72,1.3,1.97,79,13,5,9,23,49,2,0,1,0.3,0,1,0,0,51
Kirill Kaprizov,19.11,81,92864,289.14,31.19,20.64,515,108,19,57,72,286,82,32,9.62,9.68,11.89,21,13,13,400
Clark Bishop,8.34,9,4505,10.75,0.89,0.81,22,1,1,0,2,12,3,1,0.33,0.34,0.23,0,0,0,16
Ivan Barbashev,16.44,81,79906,112.04,18.55,8.8,188,60,10,44,46,72,57,21,2.72,7.3,8.53,6,9,11,150
Erik Gustafsson,16.22,59,57412,76.41,3.17,5.05,173,18,4,10,39,107,5,1,2.26,0.58,0.33,2,0,1,113
Zach Whitecloud,18.80,59,66551,90.48,4.18,5.49,188,19,7,13,26,124,7,3,2.46,0.86,0.86,6,2,0,134
Jeff Skinner,17.10,80,82098,241.3,29.39,19.73,406,63,17,51,52,201,100,30,7.07,12.27,10.04,12,9,12,331
Tim Gettinger,9.46,8,4542,3.56,0.22,0.19,6,0,0,0,1,4,1,0,0.13,0.09,0,0,0,0,5
Luke Witkowski,9.30,1,558,0,0,0,0,0,0,0,0,0,0,0,0,0,0,0,0,0,0
Artemi Panarin,19.22,75,86501,189.57,17.7,12.67,370,96,12,56,71,222,27,16,6.72,3.18,7.81,8,5,9,265
Jackson Cates,9.08,11,5992,8.16,0.55,0.5,13,1,0,2,0,9,2,0,0.33,0.23,0,1,0,0,11
Ilya Mikheyev,15.26,53,48524,136.21,17.15,10.23,205,32,8,24,26,111,52,16,4.17,6.71,6.28,6,9,6,179
Jonathan Drouin,17.09,34,34873,63.79,4.64,4.38,104,20,3,6,18,67,19,1,1.91,2.5,0.23,1,5,0,87
Seth Jones,26.36,63,99650,142.81,7.08,9.06,300,45,9,25,59,188,17,3,4.33,1.94,0.8,4,1,0,208
Thomas Novak,11.79,27,19106,26.05,2.67,1.71,47,7,1,14,5,30,5,2,1.24,0.54,0.89,0,0,1,37
Nick Cousins,12.47,68,50871,101.23,11.08,7.6,171,22,9,16,23,94,42,7,2.97,5.24,2.88,2,5,2,143
Sebastian Aho,16.46,36,35543,35.02,1.81,2.32,76,12,2,8,27,49,1,1,1.28,0.18,0.35,1,0,1,51
Michael Sgarbossa,9.90,10,5937,9.47,1.78,0.64,14,4,1,1,3,6,4,3,0.15,0.52,1.11,0,1,1,13
Alex Pietrangelo,24.64,80,118295,213.14,12.68,13.42,456,44,16,93,56,286,18,7,6.9,2.1,3.67,7,2,4,311
Mason McTavish,13.08,9,7063,11.23,1.65,0.76,16,3,0,2,0,7,5,3,0.26,0.63,0.75,0,0,2,15
Turner Elson,13.38,2,1605,1.31,0.02,0.08,2,0,0,0,0,2,0,0,0.02,0,0,0,0,0,2
Nolan Patrick,11.51,25,17260,33,3.43,2.49,51,7,3,13,10,29,10,4,1.1,1.2,1.13,0,1,1,43
Riley Tufte,7.20,10,4319,5.57,0.59,0.4,8,1,0,1,3,4,3,0,0.15,0.43,0,0,1,0,7
John Hayden,10.85,55,35797,61.07,5.36,4.13,103,4,3,12,10,60,20,3,2.14,2.53,0.69,0,1,1,83
Tyler Motte,14.01,58,48759,106.5,9.83,6.62,178,15,4,29,18,107,29,8,3.52,3.46,2.84,0,3,4,144
Jack Drury,15.96,2,1915,4.69,0.84,0.37,8,2,1,2,2,2,3,1,0.1,0.36,0.38,0,1,1,6
Pius Suter,16.92,82,83266,162.74,21.66,12.45,267,36,14,46,36,119,64,33,4.26,7.79,9.6,6,5,4,216
James van Riemsdyk,16.11,82,79273,187.87,28,15.91,285,38,24,30,29,141,68,36,4.75,8.83,14.42,5,8,11,245
Ben Chiarot,22.85,74,101449,124.85,6.13,7.03,268,26,12,20,69,161,11,5,3.32,1.33,1.48,4,4,1,177
Mathieu Olivier,10.10,10,6059,5.91,0.44,0.44,11,1,1,3,2,6,2,0,0.22,0.22,0,0,0,0,8
Connor Murphy,21.76,57,74428,64.11,2.04,3.71,150,10,4,19,47,96,2,0,1.85,0.2,0,2,2,0,98
Jesperi Kotkaniemi,12.02,66,47612,82.27,9.22,6.27,146,29,7,25,21,60,43,8,1.97,5.1,2.15,3,6,3,111
Michal Kempny,15.84,15,14255,13.51,0.51,0.79,40,2,3,1,6,19,1,0,0.39,0.12,0,1,0,0,20
Rasmus Dahlin,24.01,80,115269,149.39,7.68,10.12,321,53,6,27,51,210,9,4,4.58,1.23,1.87,10,2,1,223
Lias Andersson,10.62,20,12738,26.19,2.91,1.88,38,2,5,2,5,20,10,3,0.55,1.4,0.96,0,1,0,33
Matt Dumba,23.11,57,79020,104.37,6.83,6.96,251,27,11,15,26,132,16,6,3.17,1.82,1.83,2,4,1,154
Mikey Anderson,20.11,57,68790,58.78,3.09,3.69,133,8,2,10,26,77,6,2,1.75,0.92,0.42,1,0,1,85
Cam Atkinson,18.25,73,79920,204.74,24.76,14.93,331,50,26,37,28,166,78,29,5.44,10.07,9.25,7,9,7,273
Mark Giordano,20.88,75,93960,148.36,5.76,9.8,348,35,10,19,49,212,7,2,4.31,0.86,0.59,6,0,2,221
Nick Leddy,21.42,75,96386,70.54,2.71,4.46,138,24,4,30,33,98,6,0,2.01,0.71,0,3,0,0,104
Kailer Yamamoto,16.87,81,81993,114.38,18.74,9.21,188,41,7,34,38,70,58,27,3.17,7.2,8.37,4,9,7,155
Teuvo Teravainen,17.70,77,81772,192.04,18.95,12.55,326,65,16,34,52,189,60,15,6.06,7.35,5.55,4,14,4,264
Tyler Johnson,12.64,32,24274,31.13,3.24,2.39,56,8,3,7,3,31,12,2,1.07,1.57,0.6,2,1,0,45
Mattias Ekholm,23.48,76,107061,144.95,9.22,9.37,311,31,13,29,60,194,12,7,4.64,1.45,3.13,5,0,1,213
Ryan McLeod,12.76,71,54358,83.53,8.39,5.76,143,21,5,39,41,66,39,6,2.45,4.29,1.65,2,6,1,111
Arthur Kaliyev,12.65,80,60716,192.79,16.02,12.73,310,27,23,20,20,192,54,13,5.55,6.64,3.83,4,6,4,259
Tomas Nosek,13.36,75,60111,94.38,10.24,6.64,156,17,3,27,22,84,34,10,3.21,3.94,3.08,0,3,0,128
Brandon Tanev,14.57,30,26222,48.03,8.47,3.58,77,15,7,10,11,33,17,14,0.96,2.02,5.5,1,1,7,64
Lane Pederson,10.52,29,18302,23.57,1.93,1.48,40,2,1,6,6,25,7,1,0.8,0.78,0.35,0,0,0,33
Jesse Puljujarvi,16.23,65,63302,167.35,20.93,12.51,264,36,10,27,18,131,77,18,4.56,9.74,6.63,3,4,7,226
Kristian Vesalainen,8.67,53,27572,36.27,3.06,2.29,64,3,4,5,8,37,8,4,0.98,1.1,0.98,0,1,1,49
JJ Peterka,16.13,2,1935,2.77,0.18,0.19,6,0,0,2,0,4,0,0,0.18,0,0,0,0,0,4
Brett Leason,8.96,36,19344,38.4,2.99,2.63,67,6,1,9,4,43,9,2,1.42,1.02,0.55,2,1,0,54
Devin Shore,9.56,49,28111,38.77,4.07,2.61,65,11,4,15,8,32,16,4,1.02,1.84,1.21,0,4,1,52
Grant Hutton,14.19,16,13619,19.63,1.13,1.21,43,1,1,2,5,26,1,2,0.56,0.1,0.48,1,0,0,29
Jordan Eberle,17.95,79,85094,175.76,20.41,13.51,310,44,6,50,34,156,62,21,5.52,7.59,7.31,8,8,5,239
Cal Foote,13.13,56,44103,51.46,2.29,2.96,112,9,1,4,15,70,4,1,1.37,0.46,0.46,0,1,1,75
Jack Roslovic,14.28,81,69407,132.68,11.87,9.12,219,45,7,32,35,130,42,10,3.96,4.91,2.99,8,11,3,182
Morgan Barron,9.80,27,15875,29.19,2.76,2.05,46,5,4,6,4,26,11,2,0.83,1.38,0.55,1,0,1,39
Victor Mete,14.62,37,32466,29.81,1.59,1.75,55,7,0,7,18,37,4,1,0.8,0.35,0.45,0,0,0,42
Kyle Capobianco,16.00,45,43211,42.73,2.29,2.66,85,9,5,16,31,57,3,2,1.35,0.32,0.63,1,0,1,62
Jack Hughes,19.57,49,57522,164.97,18.2,11.72,296,56,11,49,60,144,65,14,5.49,7.75,4.95,6,12,8,223
Evgenii Dadonov,15.82,78,74048,168.45,18.6,13.17,300,43,16,17,30,156,58,18,4.97,6.76,6.87,3,8,9,232
Brock Nelson,17.67,72,76355,155.36,19.8,12.15,279,59,14,49,43,128,57,26,5.01,6.55,8.24,11,13,13,211
Jamie Oleksiak,19.33,72,83518,87.87,5.96,5.94,176,17,10,32,51,111,10,7,2.54,1.33,2.09,1,0,0,128
Erik Cernak,19.15,55,63205,86.22,2.91,5.06,176,13,5,21,17,122,5,0,2.4,0.51,0,1,0,0,127
Owen Power,22.09,8,10601,8.06,0.54,0.52,17,3,0,6,4,7,4,0,0.17,0.37,0,0,2,0,11
Victor Soderstrom,16.32,16,15668,13.47,0.5,0.72,31,0,0,1,6,18,1,0,0.37,0.12,0,0,0,0,19
Kevin Rooney,13.85,61,50691,62.43,7.05,4.22,110,12,7,22,19,52,24,8,1.61,2.81,2.63,1,2,3,84
Zac Jones,15.17,12,10925,10.13,0.4,0.64,17,2,2,15,12,13,1,0,0.25,0.15,0,0,0,0,14
Jani Hakanpaa,16.21,80,77800,68.38,2.63,3.52,158,12,5,9,38,95,2,2,1.69,0.28,0.65,2,0,2,99
A.J. Greer,7.86,9,4242,12.07,1.38,0.83,20,2,0,0,4,10,3,3,0.32,0.42,0.64,0,0,1,16
Chris Kreider,18.73,81,91028,255.65,38.9,19.7,412,77,22,27,45,195,102,46,6.25,12.46,20.19,12,16,24,343
Cam Dineen,15.64,34,31903,56.69,2.19,3.15,110,7,1,6,18,78,4,0,1.79,0.41,0,0,0,0,82
William Lagesson,12.58,33,24909,26,0.78,1.5,70,5,3,5,21,39,0,0,0.78,0,0,0,0,0,39
Filip Hallander,5.87,1,352,0,0,0,0,0,0,0,0,0,0,0,0,0,0,0,0,0,0
Alex Chiasson,11.60,67,46634,86.54,13.4,7.08,140,22,10,7,10,61,41,15,2,4.9,6.51,2,6,5,117
Ryan Carpenter,12.58,67,50579,67.26,6.76,4.78,117,12,5,19,11,65,21,7,2.21,2.64,1.92,1,2,0,93
Ben Harpur,13.74,19,15662,16.85,0.47,0.9,33,1,1,0,12,24,0,0,0.47,0,0,0,0,0,24
Mike Vecchione,5.10,1,306,2.5,0.33,0.2,3,0,1,0,0,1,2,0,0.05,0.27,0,0,0,0,3
Pavel Buchnevich,18.30,73,80155,184.28,22.29,12.82,304,76,11,46,41,181,47,24,6.52,5.03,10.74,10,8,12,252
Mika Zibanejad,19.63,81,95415,226.6,28.61,15.78,383,81,16,62,58,227,49,37,6.88,5.76,15.97,9,5,15,313
Libor Hajek,13.13,17,13391,10.37,0.29,0.6,22,1,0,2,4,15,0,0,0.29,0,0,0,0,0,15
Ondrej Kase,13.99,50,41962,118.13,13.71,8.08,205,27,4,28,16,105,35,18,3.41,4.28,6.02,2,5,7,158
Austin Czarnik,10.90,17,11118,15.25,1.29,1.04,29,7,0,6,4,19,1,2,0.64,0.09,0.56,0,1,1,22
Alex Biega,13.12,2,1574,2.26,0.03,0.08,4,0,0,0,1,3,0,0,0.03,0,0,0,0,0,3
Luke Glendening,14.12,82,69449,122.1,15.24,8.61,193,16,7,17,14,91,58,18,3.1,6.89,5.26,1,6,2,167
Patrick Kane,21.82,78,102133,264.47,21.26,18.6,514,92,6,42,49,300,54,17,8.93,6.12,6.21,12,7,7,371
Kyle Palmieri,15.62,69,64687,161.51,18.03,12.11,267,33,11,16,20,139,57,19,4.57,7.67,5.78,7,5,3,215
Josh Anderson,17.23,69,71313,166.2,18.71,12.49,283,32,13,33,31,149,58,19,4.89,6.85,6.98,5,6,8,226
Jordan Greenway,14.56,62,54172,107,14.37,7.87,166,27,12,14,16,93,33,19,3.17,3.69,7.52,1,2,7,145
Adam Henrique,17.42,58,60620,141.2,19.56,10.26,233,42,16,18,20,120,55,19,4.27,7.24,8.05,4,9,6,194
Justin Bailey,9.08,14,7626,11.82,0.57,0.7,25,0,0,7,4,16,1,0,0.45,0.12,0,0,0,0,17
Justin Faulk,23.20,76,105779,152.69,9.99,9.42,318,47,10,37,40,194,19,6,4.89,2.23,2.87,9,3,4,219
Christopher Tanev,20.45,82,100635,89.94,3.21,4.65,180,28,8,29,57,124,4,1,2.32,0.55,0.34,4,2,0,129
Jordie Benn,14.98,39,35052,35.55,1.36,2.08,77,8,2,6,15,51,3,0,1.05,0.31,0,0,1,0,54
Brandon Carlo,19.71,79,93403,107.43,3.69,6.23,213,15,4,32,25,156,6,0,3.04,0.65,0,5,1,0,162
Quinton Byfield,12.16,40,29176,45.99,5.56,3.67,77,10,3,15,14,33,26,4,1.25,3.25,1.06,3,1,1,63
Jonathan Dahlen,13.79,61,50479,102.69,13.77,8.32,178,22,9,21,23,73,47,17,2.56,5.88,5.34,3,2,7,137
Vladimir Tarasenko,16.91,75,76101,223.92,25.26,16.92,382,82,13,17,31,199,91,15,8.08,10.85,6.33,8,16,10,305
Kyle Clifford,8.80,25,13196,26.57,2.12,1.72,44,4,2,5,5,28,6,2,0.89,0.75,0.48,1,0,0,36
Rickard Rakell,17.99,70,75538,193.65,17.81,14.07,342,41,9,28,34,192,58,15,6.3,6.81,4.7,5,9,6,265
Milan Lucic,12.26,82,60302,99.19,11.68,7.34,171,21,8,20,41,103,24,12,3.61,3.17,4.9,4,4,2,139
Adam Lowry,15.48,79,73377,118.6,18.35,9.05,194,21,14,39,23,79,61,23,2.85,8.17,7.32,3,6,4,163
Alexandre Carrier,20.98,77,96933,91.22,5.57,6.02,188,30,8,27,39,117,16,2,2.95,1.8,0.82,1,1,1,135
Gabriel Carlsson,12.27,38,27969,15.02,0.68,0.87,38,9,1,7,4,20,2,0,0.47,0.21,0,2,0,0,22
Haydn Fleury,16.08,43,41478,53.5,2.81,3.16,118,4,4,7,19,71,5,2,1.23,0.58,1,1,0,1,78
Mario Ferraro,23.00,63,86943,52.85,2.32,3.18,108,14,2,31,35,72,5,0,1.71,0.61,0,1,1,0,77
Jake McCabe,20.31,75,91379,76.33,4.42,4.31,180,22,4,18,60,100,8,3,2.05,0.79,1.58,2,0,2,111
Dean Kukan,16.29,41,40078,38.54,2.51,2.44,76,11,2,9,14,48,6,2,1.18,0.71,0.62,1,0,2,56
Michael Bunting,15.54,79,73671,183.2,25.16,15.31,296,63,17,36,23,118,97,27,4.54,12.24,8.37,6,10,7,242
K'Andre Miller,20.60,82,101359,95.54,5.11,5.98,221,20,5,59,37,125,11,4,2.58,1.16,1.36,4,1,2,140
Paul LaDue,12.78,1,767,0.69,0.01,0.02,2,0,0,0,0,1,0,0,0.01,0,0,0,0,0,1
Marcus Johansson,16.13,69,66772,105.63,12.87,8.73,183,29,18,26,27,93,39,13,3.31,4.88,4.67,1,5,3,145
Joey Keane,13.63,1,818,1.33,0.04,0.08,2,0,0,0,1,2,0,0,0.04,0,0,0,0,0,2
Chris Tierney,12.41,70,52141,73.13,9.39,5.47,121,18,7,23,34,53,35,12,1.57,4.58,3.22,0,3,3,100
Braden Schneider,15.48,43,39929,28.25,1.08,1.67,65,11,1,7,20,39,3,0,0.77,0.32,0,1,1,0,42
Garnet Hathaway,13.39,76,61054,114.8,14.44,8.55,197,26,6,23,20,96,45,18,3.64,5.53,5.27,3,6,5,159
Jon Merrill,17.11,69,70847,56.77,2.2,3.34,118,20,2,6,21,78,5,0,1.69,0.51,0,3,1,0,83
Michael Dal Colle,14.57,1,874,1.39,0.08,0.09,2,0,0,0,1,2,0,0,0.08,0,0,0,0,0,2
Tim Stutzle,18.41,79,87270,180.78,25.97,13.89,314,58,16,38,51,141,69,31,5.68,7.91,12.38,4,7,11,241
Sam Gagner,13.62,81,66194,116.83,11.59,7.89,185,31,11,24,14,114,31,13,3.42,3.84,4.33,5,4,4,158
Jason Spezza,10.75,71,45778,95.45,11.07,6.57,175,25,7,32,31,88,28,15,2.4,3.1,5.58,2,1,9,131
Chris Wagner,15.95,1,957,2.31,0.17,0.17,3,0,0,0,0,2,1,0,0.05,0.13,0,0,0,0,3
Mark Stone,18.34,37,40722,69.34,11.04,5.99,118,30,6,56,29,56,20,18,2.09,2.68,6.27,1,2,6,94
Darren Raddysh,10.67,4,2561,2.1,0.04,0.08,5,0,0,1,0,3,0,0,0.04,0,0,0,0,0,3
Nils Hoglander,13.11,60,47213,123.77,14.08,9.29,190,18,15,25,25,102,47,15,3.56,5.66,4.86,4,1,5,164
Aleksander Barkov,20.30,67,81619,206.05,28.66,15.54,340,88,20,59,51,150,96,28,5.32,12.2,11.15,7,15,17,274
Pierre-Edouard Bellemare,13.76,80,66035,77.39,9.06,5.56,129,20,5,26,18,65,25,14,2.4,2.81,3.85,4,2,3,104
Denis Gurianov,14.19,73,62131,145.79,13.82,10.01,281,31,13,12,46,146,41,12,4.46,4.69,4.68,4,3,4,199
Nazem Kadri,19.24,71,81958,243.4,29.41,18.15,439,87,24,36,34,241,66,32,7.86,7.94,13.61,7,8,13,339
Matt Boldy,15.38,47,43382,104.01,8.49,7.49,197,39,3,27,22,112,30,5,4.04,3.2,1.25,9,3,3,147
Claude Giroux,19.05,75,85732,193.69,17.46,13.02,339,65,17,28,41,199,51,18,6.04,5.81,5.61,8,8,5,268
Connor McMichael,10.47,68,42710,99.59,11.5,7.66,164,18,16,15,10,84,39,14,3.17,4.57,3.76,3,4,2,137
Zac Dalpe,6.13,1,368,0,0,0,0,0,0,0,0,0,0,0,0,0,0,0,0,0,0
Jake Leschyshyn,11.30,41,27801,34.42,3.61,2.53,61,6,3,13,4,27,19,1,1.03,2.32,0.26,1,1,0,47
Mats Zuccarello,18.59,70,78075,145.4,14.81,10.65,268,79,10,48,43,148,43,12,4.88,5.15,4.79,10,9,5,203
Jay Beagle,13.79,33,27295,21.54,2.38,1.56,40,2,2,9,7,17,9,3,0.39,1.1,0.89,0,0,1,29
Tyler Benson,8.54,29,14858,18.03,1.09,1.07,35,2,1,3,6,22,3,0,0.67,0.43,0,0,1,0,25
Riley Nash,11.43,49,33597,41.18,4.48,2.87,64,4,3,18,12,44,9,3,1.72,1.11,1.65,0,0,0,56
Joel Kiviranta,9.52,56,31994,59.06,5.78,4.06,98,7,6,7,9,52,19,7,1.73,2.11,1.94,1,0,0,78
Matthew Highmore,12.69,46,35038,58.98,6.5,3.81,95,12,5,16,6,56,18,7,1.76,2.33,2.4,1,2,2,81
Philip Broberg,13.47,23,18588,27.89,1.06,1.61,60,3,3,5,14,40,1,0,0.97,0.09,0,1,0,0,41
Otto Koivula,10.74,8,5157,6,0.49,0.46,11,2,0,1,1,7,2,0,0.3,0.19,0,0,0,0,9
Brett Ritchie,9.72,41,23917,53.73,4.88,3.51,91,4,2,3,11,56,15,4,1.94,1.91,1.03,2,0,1,75
Christian Wolanin,14.70,9,7936,4.75,0.44,0.31,11,2,0,6,3,5,1,1,0.11,0.08,0.24,0,0,1,7
Henri Jokiharju,21.88,60,78766,68.46,3.83,4.32,146,19,5,12,36,95,4,3,1.88,0.5,1.45,2,0,1,102
Rocco Grimaldi,10.93,7,4590,7.25,0.88,0.55,13,0,1,5,3,9,0,1,0.33,0,0.55,0,0,0,10
Bo Horvat,19.49,70,81853,187.62,25.74,13.85,304,52,11,32,25,164,69,28,5.53,7.96,12.26,9,11,11,261
Sonny Milano,15.28,66,60501,98.73,12.87,7.93,177,34,5,29,34,88,39,14,2.81,4.43,5.62,2,6,6,141
Carson Soucy,17.66,64,67814,81.72,4.24,5.27,169,21,6,23,29,106,11,1,2.65,1.35,0.24,8,2,0,118
Vince Dunn,20.68,73,90559,121.65,6.52,8.17,282,35,12,25,48,162,14,3,3.82,1.61,1.09,5,0,2,179
Blake Speers,9.16,2,1099,0.74,0.03,0.05,2,0,0,1,1,1,0,0,0.03,0,0,0,0,0,1
Joe Veleno,13.21,66,52329,71.28,6.95,4.99,125,15,4,19,12,66,24,7,2.07,2.84,2.04,3,3,2,97
Marc Staal,17.42,71,74225,73.1,3.84,4.33,141,16,6,13,29,94,6,4,2.25,0.69,0.9,2,0,1,104
Cole Sillinger,13.70,79,64941,145.8,15.92,10.79,254,31,9,24,24,125,65,11,4.64,7.86,3.41,6,8,2,201
Travis Konecny,17.61,79,83489,220.85,23.47,16.1,382,52,19,22,28,199,74,24,6.16,9.36,7.94,6,2,8,297
Ryan Murray,14.09,37,31274,23.07,1.1,1.34,45,4,1,4,8,31,1,1,0.73,0.11,0.27,0,0,0,33
Liam Foudy,11.85,1,711,0.54,0.07,0.05,1,0,0,0,0,1,0,0,0.07,0,0,0,0,0,1
Brandon Duhaime,10.22,80,49047,89.16,8.58,6.12,161,17,4,16,13,81,32,7,2.46,4.25,1.87,4,2,0,120
Esa Lindell,22.05,76,100526,109.67,4.91,5.79,211,25,8,20,55,148,9,2,2.97,0.96,0.98,4,0,0,159
Boris Katchouk,9.92,59,35118,60.61,6.16,4.1,100,7,2,16,7,51,23,6,1.68,2.8,1.69,1,0,2,80
Casey Fitzgerald,16.88,36,36450,34.01,1.45,2.01,67,6,1,13,17,46,4,0,0.98,0.47,0,0,0,0,50
Taylor Hall,16.41,81,79761,192.99,20.58,14.05,322,61,13,33,48,181,62,18,5.65,7.75,7.19,5,6,9,261
Jake Bean,20.57,67,82684,92.98,4.68,5.66,209,25,8,21,23,121,11,2,2.71,1.35,0.62,6,1,0,134
Eetu Luostarinen,13.44,78,62887,82.01,10.25,6.16,153,26,8,38,27,61,36,13,2.4,4.31,3.54,1,5,3,110
Sean Couturier,20.39,29,35475,78.9,9.17,5.77,136,17,9,25,17,72,23,13,2.19,2.64,4.34,1,1,4,108
Nate Schmidt,20.21,77,93367,116.49,5.43,7.42,257,32,7,32,66,162,8,2,3.63,0.95,0.85,2,0,2,172
Trevor Lewis,12.83,80,61591,111.09,9.78,6.83,180,16,6,11,9,115,27,11,3.13,3.04,3.6,1,2,3,153
Scott Sabourin,7.60,7,3190,6.46,0.61,0.46,10,2,0,1,2,5,4,0,0.13,0.48,0,0,0,0,9
Sheldon Dries,10.30,11,6798,18.21,1.68,1.4,28,3,1,2,1,18,8,0,0.84,0.84,0,2,0,0,26
Drake Caggiula,14.64,18,15807,22.29,1.96,1.39,37,5,1,6,2,23,6,2,0.67,0.71,0.58,1,1,0,31
Josh Mahura,14.06,38,32058,37.61,1.5,1.83,82,7,2,5,17,50,1,1,1.08,0.08,0.34,2,1,0,52
Cole Schwindt,14.13,3,2544,4.62,0.38,0.35,10,0,0,1,2,4,2,0,0.13,0.25,0,0,0,0,6
Kevin Fiala,17.65,82,86824,262.5,28.33,19.79,453,85,18,38,54,241,90,27,8.26,10.84,9.23,9,15,9,358
Juuso Valimaki,15.71,9,8481,9.02,0.34,0.47,21,2,1,3,3,13,0,0,0.34,0,0,0,0,0,13
Alex Barre-Boulet,11.00,16,10562,15.16,1.91,1.28,28,6,2,4,3,13,6,2,0.49,0.89,0.53,2,1,0,21
Scott Reedy,11.19,35,23491,35,5.74,2.95,54,9,3,6,5,28,12,8,1.07,1.48,3.2,2,0,5,48
Alexander Alexeyev,10.58,1,635,0,0,0,1,0,0,0,0,0,0,0,0,0,0,0,0,0,0
Calle Jarnkrok,16.04,66,63509,99.67,11.72,7.08,175,30,8,27,12,104,23,15,3.54,2.81,5.37,3,2,7,142
Paul Stastny,17.78,71,75756,125.7,21.94,10.64,196,45,9,38,21,70,73,29,2.74,9.42,9.77,2,9,10,172
Moritz Seider,23.05,82,113384,171.47,8.96,10.8,355,50,15,41,48,233,7,6,5.48,0.78,2.7,4,2,1,246
Luke Schenn,17.21,66,68151,67.6,3.47,3.87,163,17,3,7,42,97,1,3,1.58,0.17,1.72,1,1,3,101
Gustav Nyquist,17.84,82,87776,128.48,17.41,9,208,53,13,46,25,102,49,18,3.48,6.3,7.63,4,7,7,169
Dillon Dube,12.84,79,60857,136.9,15.31,9.58,228,32,13,24,23,117,54,17,4.22,6.08,5.01,8,8,2,188
Erik Gudbranson,18.14,78,84892,124.71,3.61,6.57,268,17,8,20,42,176,5,0,3.09,0.52,0,6,0,0,181
Brendan Perlini,8.37,23,11554,24.71,2.05,1.62,44,5,1,3,2,26,6,2,0.81,0.78,0.46,1,2,1,34
Rafael Harvey-Pinard,13.09,4,3141,4.5,0.55,0.48,7,1,1,2,1,2,4,0,0.08,0.47,0,0,1,0,6
Will Butcher,16.48,37,36593,39.26,2.1,2.53,78,8,2,1,10,54,6,0,1.37,0.73,0,1,1,0,60
Alexandre Texier,14.61,36,31552,59.15,8.48,3.97,109,20,4,16,5,52,19,11,1.76,2.2,4.52,4,2,5,82
Tyler Lewington,12.44,2,1493,2.08,0.04,0.11,3,0,0,0,0,3,0,0,0.04,0,0,0,0,0,3
Barrett Hayton,16.12,60,58025,82.86,10.91,6.11,150,24,8,18,18,67,38,11,2.15,4.54,4.21,3,3,4,116
Jimmy Vesey,14.42,68,58850,115.95,12.45,7.63,185,15,5,57,33,97,50,8,3.43,6.35,2.67,1,6,1,155
Martin Frk,14.03,6,5051,15.61,2.06,1.16,28,2,0,0,5,12,7,3,0.36,0.73,0.97,1,0,1,22
Nikita Zaitsev,18.99,62,70643,68.3,2.33,4.04,138,11,3,13,35,101,0,1,1.99,0,0.34,1,0,1,102
Brayden McNabb,19.70,69,81558,90.7,3.61,4.99,195,18,6,37,28,125,6,2,2.22,0.78,0.6,2,0,1,133
Tony DeAngelo,19.81,64,76065,131.84,6.83,8.58,264,51,8,27,39,177,11,3,4.23,1.31,1.28,7,2,1,191
Logan Brown,10.19,39,23844,36.1,5.38,3.04,56,11,4,7,13,21,20,8,0.87,2.44,2.07,1,1,2,49
Jordan Martinook,11.20,59,39651,85.29,7.95,5.89,152,15,7,11,15,87,28,6,2.89,3.55,1.5,5,0,1,121
Brent Burns,26.15,82,128642,195.95,9.2,13.11,446,54,18,68,97,274,15,4,5.83,1.93,1.44,7,1,2,293
Ryan Lindgren,20.10,78,94070,68.81,4.05,4.02,154,15,5,19,32,89,8,3,1.69,0.94,1.41,1,2,1,100
William Carrier,11.62,63,43938,123.72,15.96,9.95,194,20,16,24,12,87,55,20,3.36,6.67,5.93,2,6,1,162
Tomas Tatar,14.83,76,67635,141.98,16.53,9.75,244,30,8,27,25,124,48,19,4.82,5.85,5.86,1,8,6,191
Blake Comeau,11.47,6,4129,1.51,0.14,0.1,5,1,0,1,4,1,1,0,0.03,0.11,0,1,0,0,2
Robby Fabbri,17.33,56,58227,128.54,15.01,9.95,211,30,7,13,21,101,52,17,3.41,6.69,4.91,3,9,5,170
Artemi Kniazev,11.98,1,719,2.16,0.12,0.13,3,0,0,0,0,3,0,0,0.12,0,0,0,0,0,3
Nicolas Meloche,16.88,50,50627,35.72,1.32,2.05,94,7,4,17,26,50,2,0,1.07,0.26,0,2,0,0,52
Andrej Sustr,14.72,38,33569,26.75,0.76,1.44,62,6,1,10,15,38,1,0,0.61,0.15,0,1,0,0,39
Ross Johnston,10.27,32,19721,8.2,1.38,0.68,18,7,0,4,10,8,2,2,0.4,0.32,0.66,0,1,1,12
Joel Armia,13.72,60,49405,98.8,10.13,7.22,179,14,8,30,28,93,32,10,2.82,4.13,3.18,2,1,3,135
Oskar Steen,11.07,20,13288,25.31,2.03,1.51,43,6,2,9,5,27,5,2,0.74,0.67,0.63,0,1,1,34
Vincent Trocheck,17.87,81,86867,185.8,25.09,14.29,300,51,14,50,42,150,79,25,5.51,9.54,10.04,2,10,9,254
Patrik Laine,18.83,56,63267,171.82,17.56,11.5,317,56,17,27,52,170,54,14,5.88,6.09,5.6,9,10,7,238
Michael Carcone,12.31,21,15515,36.2,4.13,2.64,64,6,2,8,9,31,12,6,1.03,1.41,1.68,1,2,1,49
Nathan Walker,11.54,30,20776,39.83,4.61,2.91,64,12,2,8,6,32,18,5,1.29,2.07,1.25,5,2,1,55
Hudson Fasching,9.88,11,6523,7.42,0.7,0.51,17,0,0,2,0,6,5,0,0.18,0.52,0,0,0,0,11
Kale Clague,16.74,36,36153,21.66,1.24,1.38,56,10,4,6,35,27,3,1,0.73,0.27,0.25,2,0,0,31
Sean Durzi,19.59,64,75243,102.26,5.89,7.3,247,27,12,26,53,133,14,3,3.32,1.62,0.95,2,0,1,150
Justin Holl,20.21,69,83662,62.68,3.46,3.83,128,23,3,18,56,82,4,4,1.79,0.59,1.08,2,1,0,90
Kyle Connor,21.78,79,103219,291.02,35.14,20.49,499,93,17,66,47,254,109,32,9.25,12.39,13.5,10,19,18,395
Adam Larsson,22.28,82,109622,119.18,4.5,6.64,260,25,9,23,35,165,9,0,3.42,1.08,0,4,4,0,174
Philipp Kurashev,12.85,67,51673,75.85,7.36,5.42,142,21,4,24,11,74,26,5,2.53,3.29,1.53,3,3,0,105
Martin Necas,16.19,78,75760,163.28,14.1,10.03,295,40,7,38,75,176,38,12,5.28,4.31,4.51,6,6,2,226
Charlie Coyle,17.41,82,85647,136.89,18.73,9.95,214,44,18,39,42,122,38,25,3.79,4.87,10.07,7,1,8,185
Jason Dickinson,13.04,62,48516,69.03,7.33,4.63,125,11,3,20,9,69,25,4,2.34,3.06,1.93,3,0,2,98
Dmitry Kulikov,18.20,80,87341,77.57,5.01,5.07,168,24,5,16,31,98,9,5,2.46,1.05,1.5,1,3,3,112
Adrian Kempe,18.58,78,86972,246.03,30.25,17.15,443,54,23,34,43,205,91,35,6.48,10.91,12.85,7,8,20,331
Brad Hunt,15.25,50,45759,61.25,2.03,3.51,127,17,6,11,19,89,1,0,1.84,0.19,0,3,0,0,90
Tom Wilson,18.58,78,86965,161.2,19.41,12.28,279,52,13,36,44,129,80,17,3.99,9.84,5.58,3,16,5,226
Radim Zohorna,10.33,17,10534,13.79,1.77,1.06,24,6,0,6,1,11,6,2,0.44,0.81,0.51,0,1,1,19
Matt Benning,16.34,65,63715,52.61,2,2.98,114,11,4,8,33,76,3,0,1.62,0.37,0,0,0,0,79
Tage Thompson,17.88,78,83676,250.54,26.09,17.35,457,68,22,49,42,246,84,18,8.14,10.06,7.9,16,15,7,348
Martin Fehervary,19.65,79,93155,86.35,4.41,4.99,181,17,5,14,36,117,7,2,2.33,0.93,1.14,4,3,1,126
Rem Pitlick,14.96,65,58355,62,9.85,5.46,94,37,6,31,39,40,29,13,1.75,3.97,4.13,2,6,7,82
Morgan Rielly,23.74,82,116791,202.45,9.35,12.49,384,68,13,40,76,267,19,4,5.87,2.35,1.12,6,3,1,290
Joonas Donskoi,14.84,75,66767,89.01,10.19,6.98,155,22,2,24,21,77,38,9,3.2,4.47,2.51,1,0,1,124
Alexander Edler,18.46,41,45418,54,2.48,3.03,119,19,5,9,16,75,2,3,1.45,0.23,0.81,2,1,0,80
Logan Couture,18.93,77,87469,188.45,23.25,13.78,314,56,16,62,31,176,57,27,6.11,7.19,9.95,7,5,11,260
Chris Wideman,14.88,64,57124,69.75,2.72,4.19,148,27,3,13,57,94,5,1,1.86,0.57,0.29,4,0,0,100
Dylan DeMelo,18.50,76,84356,66.16,3.48,3.82,141,13,7,17,49,92,4,2,1.9,0.53,1.03,1,0,0,98
Mattias Janmark,14.34,67,57664,88.69,10.69,6.85,144,25,10,29,19,67,44,11,2.01,5.6,3.09,1,7,1,122
Kyle Criscuolo,9.56,6,3440,4.76,0.33,0.3,10,2,0,0,0,6,1,0,0.24,0.1,0,0,0,0,7
Rasmus Andersson,22.68,82,111582,146.77,8.14,10.24,289,50,16,24,44,194,13,7,4.25,1.5,2.39,2,2,0,214
Oliver Kylington,18.16,73,79532,132.25,6.66,7.81,277,31,6,24,56,180,10,4,3.82,1.12,1.72,4,4,1,194
William Nylander,18.27,81,88807,270.44,28.22,21.32,467,80,21,59,33,253,90,22,8.72,11.31,8.2,14,11,9,365
Kent Johnson,12.44,9,6719,9.4,1.15,0.73,20,3,0,2,2,8,4,1,0.32,0.43,0.4,0,0,0,13
Urho Vaakanainen,19.32,29,33614,26.1,1.18,1.38,55,6,0,7,8,36,1,1,0.62,0.18,0.38,0,0,0,38
Philip Tomasino,11.54,76,52606,116.3,14.1,8.56,189,32,12,17,23,108,39,14,4.14,4.85,5.1,4,2,5,161
Markus Nutivaara,7.02,1,421,0,0,0,0,1,0,0,0,0,0,0,0,0,0,0,0,0,0
Dylan Samberg,14.85,15,13368,15.67,0.51,0.85,28,5,0,6,11,22,1,0,0.43,0.08,0,0,0,0,23
Mason Shaw,8.99,3,1618,6.41,0.32,0.41,10,0,0,3,1,8,1,0,0.22,0.11,0,0,0,0,9
Kole Sherwood,8.13,1,488,1.53,0.08,0.07,3,0,0,0,0,2,0,0,0.08,0,0,0,0,0,2
Guillaume Brisebois,4.22,1,253,0,0,0,0,0,0,0,0,0,0,0,0,0,0,0,0,0,0
Nicolas Roy,16.26,78,76092,143.94,21.82,12.36,238,39,23,34,38,91,74,31,3.59,9.29,8.95,3,6,6,196
Mikael Backlund,17.12,82,84222,206.81,18.8,13.08,355,39,19,55,44,210,64,14,6.5,7.59,4.71,6,3,3,288
Zach Sanford,14.30,80,68635,122.34,13.5,9.86,209,21,11,36,22,110,42,15,3.79,5.11,4.6,4,2,3,167
Kevin Stenlund,7.53,3,1355,2.4,0.19,0.16,4,0,0,1,0,2,1,0,0.04,0.15,0,0,0,0,3
Mason Geertsen,6.96,25,10435,12.59,0.98,0.8,20,0,0,4,3,11,6,0,0.26,0.72,0,0,0,0,17
Jonas Siegenthaler,20.57,70,86380,82.25,2.66,4.59,190,14,9,17,52,119,2,0,2.48,0.18,0,1,0,0,121
Brandon Biro,13.50,1,810,0.74,0.03,0.04,2,0,0,0,0,1,0,0,0.03,0,0,0,0,0,1
Greg McKegg,10.87,43,28037,23.34,3.16,1.64,38,5,0,14,15,16,12,3,0.48,1.46,1.22,0,1,1,31
Mitchell Marner,20.88,72,90214,228.85,26.51,16.07,420,97,13,72,63,209,75,31,6.48,8.97,11.06,8,11,16,315
Alexander Romanov,20.39,79,96669,99.57,3.32,5.58,244,13,1,24,78,143,5,0,2.83,0.49,0,2,1,0,148
Steven Stamkos,18.48,81,89803,236.56,26.74,16.9,401,106,12,30,24,215,87,21,8.02,10.03,8.69,18,14,10,323
Chase Priskie,14.00,4,3361,3.5,0.23,0.2,7,0,0,1,4,4,1,0,0.13,0.1,0,0,0,0,5
Patrik Nemeth,16.63,63,62879,53.04,2.4,3.24,114,7,2,11,18,71,6,1,1.35,0.83,0.22,2,0,0,78
Andrew Agozzino,6.87,1,412,0.72,0.03,0.04,1,0,0,0,0,1,0,0,0.03,0,0,0,0,0,1
Max McCormick,8.10,10,4860,9.34,0.69,0.65,15,0,1,2,1,10,3,0,0.41,0.28,0,0,0,0,13
Cale Makar,25.67,77,118586,218.64,15.02,14.71,494,86,21,49,40,283,24,12,6.8,2.68,5.54,17,3,8,319
Alex Killorn,18.70,82,91989,168.02,23.13,14.43,273,59,9,42,30,117,84,23,4.39,10.35,8.4,4,14,7,224
Ben Jones,8.04,2,965,1.6,0.06,0.08,3,0,0,0,0,2,0,0,0.06,0,0,0,0,0,2
Colin White,15.34,24,22086,46.09,5.96,4.08,72,10,3,4,10,33,19,8,1.09,2.44,2.43,1,1,1,60
Mitchell Chaffee,7.45,2,894,1.29,0.17,0.1,2,0,0,0,0,1,1,0,0.06,0.11,0,0,0,0,2
Artturi Lehkonen,15.10,74,67022,155.91,19.43,11.76,269,38,13,18,16,129,57,27,4,7.28,8.15,4,6,9,213
Cody Ceci,20.90,78,97795,96.36,3.3,4.95,213,28,3,15,39,132,5,1,2.6,0.43,0.27,2,2,1,138
Jack Quinn,14.88,2,1785,4.25,0.31,0.28,9,2,0,1,0,5,1,0,0.21,0.11,0,1,0,0,6
Mathieu Joseph,14.20,69,58780,93.03,11.36,6.85,150,30,2,45,20,72,42,11,2.79,5.25,3.32,3,5,4,125
Fabian Zetterlund,13.34,14,11208,31.95,3.25,2.08,50,8,2,3,1,29,13,2,0.97,1.58,0.7,0,3,0,44
Max Pacioretty,17.38,39,40666,150.29,15.06,10.13,262,37,9,15,23,153,34,17,4.8,4.07,6.19,7,5,7,204
Tanner Laczynski,9.45,1,567,0,0,0,1,0,0,1,0,0,0,0,0,0,0,0,0,0,0
Ryan Strome,18.33,74,81365,157.81,17.26,11.74,257,54,10,32,37,136,64,16,3.97,7.62,5.67,8,8,5,216
Connor Mackey,13.58,3,2444,4.95,0.25,0.33,8,1,0,1,1,6,1,0,0.15,0.1,0,0,0,0,7
Jeffrey Viel,8.80,34,17959,28.44,3.45,2.19,52,5,4,13,9,22,14,3,0.83,1.67,0.95,1,2,0,39
Max Willman,11.77,41,28958,59.92,4.61,3.78,100,6,4,14,8,60,18,2,1.81,2.13,0.67,0,3,1,80
Josh Leivo,9.23,7,3876,10.62,1.31,0.77,14,3,1,0,1,10,1,3,0.33,0.09,0.89,0,1,0,14
Darren Helm,10.55,68,43049,85.66,9.37,5.4,146,15,1,25,7,78,26,11,2.61,3.49,3.28,2,3,2,115
Jarred Tinordi,12.92,7,5427,6.61,0.16,0.29,15,1,0,0,1,9,0,0,0.16,0,0,1,0,0,9
Dante Fabbro,19.05,66,75447,88.27,3.52,5.08,189,24,7,22,35,126,4,1,2.6,0.43,0.49,3,0,0,131
Dylan Sikura,9.96,5,2987,3.26,0.47,0.27,4,1,1,2,0,1,2,1,0.01,0.25,0.22,0,0,0,4
Sasha Chmelevski,13.18,19,15030,35.84,2.41,2.06,60,8,4,8,3,42,6,1,1.32,0.82,0.27,0,0,0,49
Jaccob Slavin,23.53,79,111532,164.26,8.67,9.96,341,42,9,74,43,219,14,4,5.04,1.79,1.84,2,0,2,237
Jake Neighbours,9.35,9,5051,7.97,0.74,0.57,11,2,0,0,1,6,4,0,0.21,0.54,0,0,1,0,10
Daniel Sprong,12.99,63,49092,160.27,14,10.88,269,20,11,20,24,169,42,9,6,5.22,2.78,7,4,3,220
Andreas Athanasiou,15.23,28,25593,76.5,10.07,5.37,123,17,3,15,9,70,21,13,2.23,2.73,5.11,4,1,6,104
Sean Day,10.71,2,1285,1.29,0.03,0.08,3,0,0,1,0,2,0,0,0.03,0,0,0,0,0,2
Trey Fix-Wolansky,6.29,6,2263,5.95,0.45,0.35,9,2,0,2,3,5,3,0,0.14,0.32,0,0,1,0,8
Noah Gregor,14.94,63,56457,154.13,14.36,10.17,263,23,11,28,14,153,47,10,4.75,5.88,3.73,1,4,3,210
Jayson Megna,10.31,20,12366,17.74,1.94,1.17,32,3,1,8,1,16,5,2,0.58,0.68,0.68,0,0,0,23
Tyler Bertuzzi,19.88,68,81092,183.3,26.52,15.23,306,62,13,42,57,137,76,33,4.97,9.6,11.94,9,11,10,246
Jacob Bernard-Docker,14.77,8,7089,5.92,0.27,0.35,12,1,1,2,2,8,1,0,0.19,0.08,0,0,0,0,9
Jakub Voracek,17.46,79,82757,136.35,11.89,9.74,253,62,9,44,51,142,41,7,4.77,5.12,2,5,1,0,190
Erik Karlsson,23.47,50,70411,116.65,5.58,7.64,248,35,4,52,63,157,12,1,3.91,1.43,0.23,6,3,1,170
Alex Wennberg,17.85,80,85689,85.88,9.41,6.42,152,37,7,45,37,81,31,7,2.6,4.01,2.8,3,5,3,119
Kevin Hayes,17.92,48,51620,117.94,9.34,8.09,209,31,9,30,20,122,31,7,3.41,3.8,2.13,3,5,2,160
Cam Fowler,24.42,76,111338,117.37,9.21,7.31,300,42,8,31,46,148,11,11,3.53,1.37,4.31,2,1,6,170
Matt Tennyson,12.91,8,6197,5.3,0.17,0.31,11,3,1,1,7,8,0,0,0.17,0,0,0,0,0,8
Ian Mitchell,11.93,8,5727,3.34,0.08,0.17,9,1,0,0,1,5,0,0,0.08,0,0,0,0,0,5
Patrice Bergeron,18.17,73,79585,264.65,31.5,18.46,427,65,25,37,21,241,100,28,7.21,12.17,12.13,6,9,10,369
Tobias Bjornfot,16.76,70,70404,53.09,2.58,3.2,110,8,2,10,30,67,8,0,1.62,0.96,0,0,0,0,75
Adam Brooks,8.95,25,13422,14.27,1.63,1.13,21,3,0,3,3,12,4,2,0.47,0.59,0.57,1,0,1,18
Caleb Jones,18.74,66,74210,80.41,3.99,5.12,165,21,2,26,43,107,8,1,2.58,1.04,0.37,2,2,1,116
Paul Cotter,8.81,7,3701,9.79,0.89,0.62,17,2,0,1,0,10,4,0,0.36,0.53,0,0,2,0,14
Derek Forbort,18.12,76,82633,60.08,2,3.1,132,14,5,15,32,87,2,1,1.59,0.21,0.2,3,1,0,90
Evgeni Malkin,18.33,41,45091,115.04,14.65,9.16,203,42,13,41,48,105,35,18,3.79,4.24,6.62,6,7,7,158
Bowen Byram,18.81,30,33854,49.67,2.72,3.15,102,17,4,14,11,64,7,1,1.62,0.86,0.24,2,3,0,72
Jacob MacDonald,10.09,8,4844,15.85,1.33,1.23,26,0,3,0,2,19,2,1,0.78,0.25,0.3,0,0,0,22
Alex Newhook,13.56,71,57784,103.61,10.86,7.51,203,33,6,20,13,100,36,7,3.89,4.28,2.69,3,6,4,143
Adam Pelech,21.28,78,99595,93.82,4.76,5.92,225,28,9,49,48,126,9,2,2.83,1.1,0.83,2,1,0,137
Brendan Guhle,14.67,6,5280,8.4,0.41,0.49,18,0,0,0,5,12,1,0,0.31,0.1,0,0,0,0,13
Riley Sheahan,12.04,69,49865,64.45,6.54,4.58,109,17,4,18,12,60,22,7,1.85,2.71,1.97,1,1,2,89
Johnathan Kovacevic,10.81,4,2595,6.2,0.19,0.31,13,0,0,0,6,8,1,0,0.11,0.08,0,0,0,0,9
Marc-Edouard Vlasic,15.22,75,68469,65.92,2.38,3.94,145,14,6,17,31,95,3,1,1.81,0.32,0.24,3,0,0,99
Trevor van Riemsdyk,17.47,72,75462,70.91,2.97,4.44,147,17,5,30,19,96,6,0,2.31,0.66,0,1,0,0,102
Nicholas Paul,16.51,80,79257,175.52,18.75,12.12,303,32,13,59,32,163,59,18,5.87,7.36,5.52,6,6,4,240
Filip Chytil,13.18,67,52964,139.69,14.47,10.31,231,22,12,23,28,132,43,13,4.44,5.48,4.55,3,4,1,188
Joel Eriksson Ek,18.58,77,85831,209.09,27.48,16.29,331,49,16,30,12,168,75,34,4.91,9.5,13.08,3,8,15,277
Sam Lafferty,13.57,56,45599,73.13,8.07,5.35,123,13,5,23,19,60,33,7,2.47,3.84,1.75,2,3,0,100
Kurtis MacDermid,7.40,58,25749,43.58,2.68,2.75,89,5,6,5,12,55,6,2,1.34,0.67,0.68,2,0,0,63
Connor McDavid,22.07,80,105918,298.7,42.51,24.2,481,123,27,73,68,213,126,54,7.34,15.46,19.71,8,14,22,393
Nicholas Robertson,10.27,10,6163,12.53,0.65,0.73,21,1,3,3,4,16,1,0,0.56,0.09,0,0,1,0,17
Corey Perry,13.52,82,66516,159.05,25.11,13.76,242,40,15,19,22,103,71,32,4.12,8.77,12.23,5,1,13,206
Chase Pearson,6.76,3,1216,3.62,0.92,0.31,5,0,0,0,0,0,2,2,0,0.3,0.62,0,0,0,4
Marco Scandella,18.14,70,76189,70.68,3.61,4.43,142,14,5,18,38,97,7,1,2.39,0.95,0.27,2,1,0,105
Conor Garland,16.39,77,75706,192.63,18.45,13.91,331,52,17,50,36,196,56,14,6.97,6.56,4.93,9,6,4,266
Reilly Smith,17.78,56,59753,148.74,18.73,10.74,250,38,11,29,42,118,63,18,4.04,7.67,7.02,4,6,6,199
Jordan Harris,16.28,10,9768,7.24,0.36,0.44,15,1,2,3,8,10,1,0,0.26,0.1,0,1,0,0,11
Kurtis Gabriel,6.03,2,723,0,0,0,1,0,0,1,0,0,0,0,0,0,0,0,0,0,0
Scott Mayfield,19.78,61,72381,85.15,3.55,5,202,18,4,15,53,118,4,3,2.23,0.37,0.94,1,1,1,125
Lassi Thomson,17.24,16,16553,14.1,0.52,1.01,39,5,1,5,7,20,1,0,0.43,0.1,0,0,0,0,21
Derick Brassard,12.91,46,35627,53,6.25,4.59,91,19,4,10,10,41,19,10,1.52,2.2,2.52,3,3,2,70
Tyler Myers,21.98,82,108130,119.42,5.84,7.33,257,18,5,32,56,162,9,2,4.14,1.15,0.55,1,0,0,173
Jakub Vrana,14.93,26,23296,66.99,5.94,4.57,107,19,2,12,16,65,21,4,2.23,2.6,1.12,6,6,1,90
Matt Kiersted,14.05,10,8427,9.57,0.48,0.56,19,2,0,3,7,12,2,0,0.2,0.28,0,0,1,0,14
Linus Sandin,6.98,1,419,0.75,0.01,0.03,1,0,0,1,0,1,0,0,0.01,0,0,0,0,0,1
Jake Christiansen,9.77,8,4688,5.6,0.25,0.36,11,1,0,0,0,7,1,0,0.17,0.09,0,1,0,0,8
Jonas Brodin,23.44,73,102662,108.89,4.91,6.43,232,30,3,24,28,145,9,3,2.98,0.99,0.94,3,0,2,157
Dan Renouf,14.00,4,3361,2.71,0.08,0.16,5,0,0,1,1,4,0,0,0.08,0,0,0,0,0,4
Nikita Kucherov,19.98,47,56352,153.38,16.46,10.88,276,69,8,24,37,159,40,15,5.87,4.85,5.73,11,8,6,214
Ryan Suter,23.66,82,116385,126.35,6.86,7.47,265,32,12,19,46,169,10,4,3.35,1.2,2.31,5,0,2,183
Steven Lorentz,10.89,67,43772,84.56,11.09,6.58,142,13,8,24,17,61,38,14,1.93,4.9,4.26,0,4,4,113
Evan Bouchard,19.80,81,96252,188.87,8.14,11.49,400,43,17,37,79,262,14,2,5.96,1.7,0.48,8,2,2,278
Isac Lundestrom,15.49,80,74331,87.85,11.7,6.57,145,29,6,22,31,72,30,15,2.76,3.96,4.97,2,5,9,117
Taylor Raddysh,12.34,74,54771,103.77,14,8.07,163,22,11,23,15,75,51,16,2.91,6.15,4.95,1,6,4,142
James Neal,11.96,19,13639,26.21,2.46,2.26,45,4,2,2,4,24,13,0,0.84,1.63,0,0,2,0,37
Austin Watson,11.99,67,48206,85.82,8.85,5.39,148,16,11,15,15,80,28,11,2,3.36,3.49,2,5,3,119
Maxim Mamin,11.90,40,28568,52.15,7.9,4.13,81,14,10,9,19,29,26,11,1.3,3.43,3.17,3,1,3,66
Cedric Paquette,8.86,24,12759,14.83,1.27,0.98,26,2,1,5,4,17,2,2,0.54,0.25,0.48,0,0,0,21
Arttu Ruotsalainen,11.89,18,12840,20.49,1.9,1.21,37,4,2,5,0,20,6,2,0.56,0.79,0.56,0,1,1,28
Evgeny Svechnikov,10.76,72,46462,69.56,7.67,5.12,123,19,7,24,28,58,36,5,2.1,4.24,1.32,1,6,0,99
Gabriel Vilardi,13.51,25,20271,37.41,4.15,2.99,60,7,3,6,5,37,12,3,1.37,1.42,1.36,2,2,1,52
Michael Stone,17.46,11,11522,22.86,1.09,1.3,59,6,0,1,4,33,0,1,0.48,0,0.61,1,0,1,34
Elias Pettersson,18.60,80,89256,209.15,23.84,14.89,387,68,10,56,39,189,83,18,6.7,10.08,7.06,15,8,9,290
Will Borgen,15.28,36,33012,44.2,1.5,2.48,97,8,4,4,14,63,3,0,1.22,0.28,0,2,0,0,66
Valtteri Puustinen,10.23,1,614,1.42,0.17,0.13,3,1,0,0,1,1,1,0,0.05,0.12,0,0,0,0,2
Alexei Toropchenko,10.72,28,18013,44.2,4.63,3.28,66,2,4,5,5,35,22,2,1.44,2.71,0.48,0,2,0,59
Mark Pysyk,17.82,68,72693,64.85,3.25,4.01,126,12,2,21,20,92,6,1,2.28,0.75,0.23,1,1,1,99
Kaapo Kakko,15.45,43,39850,63.47,8.45,4.2,113,18,13,12,15,49,23,14,1.38,2.46,4.6,0,3,4,86
Vladislav Namestnikov,14.65,75,65931,93,14.45,7.29,153,30,7,21,22,61,40,22,2.11,4.72,7.63,2,3,11,123
Trent Frederic,11.65,60,41953,94.67,10.81,5.99,157,18,11,23,12,80,31,15,2.21,3.7,4.9,1,3,4,126
Carter Verhaeghe,16.03,78,75043,171.57,21.11,13.04,312,55,13,63,47,127,87,18,4.78,10.57,5.76,8,12,4,232
Christian Dvorak,17.38,56,58380,83.7,11.86,6.65,144,33,6,16,32,66,37,13,2.21,4.55,5.09,2,5,4,116
Gabriel Fortier,9.28,10,5569,12.24,1.27,0.85,21,1,1,1,3,9,6,1,0.25,0.8,0.22,0,1,0,16
Jeff Malott,4.10,1,246,0,0,0,0,0,0,0,0,0,0,0,0,0,0,0,0,0,0
Anders Bjork,12.04,58,41888,46.15,4.08,3.27,93,8,4,16,11,45,18,1,1.58,2.3,0.2,0,5,0,64
John Moore,17.57,7,7378,6.85,0.23,0.38,15,1,1,2,2,10,0,0,0.23,0,0,0,0,0,10
Justin Dowling,9.59,22,12665,15.5,2.11,0.91,28,4,2,4,1,15,5,2,0.43,0.66,1.02,0,1,1,22
Tyson Jost,12.82,80,61536,86.27,8.92,6.25,157,20,5,38,10,82,29,7,3.3,3.6,2.02,3,2,3,118
Lawson Crouse,17.43,65,67979,131.93,14.97,10.15,224,34,11,29,23,117,51,15,3.78,6.11,5.08,4,11,5,183
Viktor Lodin,10.42,1,625,2.11,0.15,0.16,3,0,0,0,0,2,1,0,0.04,0.11,0,0,0,0,3
Nico Sturm,11.90,74,52855,95.29,10.87,6.42,150,20,6,10,16,84,34,11,2.54,4.24,4.09,0,4,5,129
Mark Friedman,13.28,26,20713,29.34,1.9,1.76,49,5,2,4,4,36,3,2,0.93,0.43,0.54,0,1,0,41
Jordan Kyrou,16.58,74,73601,176.72,17.13,12.77,323,75,12,36,32,160,70,12,5.89,8.44,2.8,10,15,2,242
Richard Panik,14.92,4,3580,4.94,0.67,0.4,10,1,0,1,1,4,4,0,0.19,0.48,0,0,0,0,8
Alex Ovechkin,20.57,77,95042,339.93,36.37,22.72,642,90,18,32,50,365,67,36,11.72,7.8,16.84,19,10,21,468
Austin Poganski,9.32,16,8949,10.43,1.1,0.8,19,0,0,1,1,12,3,1,0.49,0.38,0.24,0,0,0,16
Craig Smith,14.42,74,64016,178.54,15.73,12.27,318,36,21,21,30,173,64,11,5.18,7.56,2.98,6,7,3,248
Dysin Mayo,20.92,67,84082,72.39,2.7,4.12,158,12,5,14,39,100,6,0,2.04,0.66,0,3,1,0,106
Kris Russell,15.44,31,28719,30.71,1.4,1.73,66,9,1,3,14,40,5,0,0.83,0.58,0,1,1,0,45
Ryan Donato,13.79,74,61246,167.07,17.4,13.8,268,31,21,39,24,150,51,21,4.82,6.34,6.25,5,6,5,222
Elias Lindholm,19.94,82,98129,223.87,27.52,18.09,381,82,15,55,41,184,103,23,6.67,12.35,8.51,15,19,8,310
Niko Mikkola,16.98,54,55022,55.47,2.43,3.31,110,13,5,7,25,74,5,0,1.87,0.56,0,1,2,0,79
Conor Timmins,17.75,6,6389,7.09,0.33,0.45,17,0,2,3,2,9,1,0,0.18,0.15,0,0,0,0,10
Oskar Sundqvist,14.00,59,49558,65.77,7.84,4.53,117,23,4,12,25,62,16,11,2.31,1.95,3.58,2,1,5,89
Scott Perunovich,15.46,19,17622,11.33,0.44,0.8,25,6,0,6,7,16,1,0,0.35,0.09,0,0,0,0,17
Joe Thornton,11.14,34,22735,25.25,4,1.99,44,10,4,18,18,19,8,8,0.68,0.87,2.46,0,1,4,35
Jacob Perreault,11.08,1,665,1.54,0.21,0.1,2,0,0,0,1,1,1,0,0.03,0.18,0,0,0,0,2
Anthony Duclair,15.02,74,66669,154.42,22.95,12.25,253,58,17,37,55,107,75,24,3.86,9.11,9.98,9,9,13,206
Bokondji Imama,4.52,4,1085,2.44,0.48,0.26,4,1,0,0,1,1,1,1,0.04,0.16,0.28,0,0,1,3
Vladimir Tkachev,13.98,4,3356,1.41,0.2,0.11,4,2,0,0,2,1,1,0,0.07,0.13,0,0,0,0,2
Marco Rossi,15.58,2,1870,4.69,0.69,0.3,7,0,1,1,1,5,1,1,0.21,0.13,0.36,0,0,0,7
Colin Blackwell,11.93,58,41530,71.59,7.71,4.69,126,20,6,18,17,62,22,12,1.71,2.61,3.4,1,4,5,96
Travis Hamonic,18.85,43,48622,73.25,3.08,4.18,171,10,2,6,31,105,3,1,2.27,0.43,0.37,4,0,0,109
Anders Lee,16.63,76,75841,164.86,24.07,13.93,266,46,22,16,25,130,63,35,4.54,7.74,11.79,6,12,10,228
Cooper Marody,6.07,1,364,0.48,0.1,0.05,1,1,0,1,0,0,1,0,0,0.1,0,0,0,0,1
Mason Marchment,14.12,54,45744,126.13,18.11,9.61,207,47,13,25,17,90,54,20,3.48,7.29,7.35,4,8,6,164
Nick Ritchie,12.70,57,43439,98.39,11.6,8,159,23,11,9,17,71,51,12,2.11,6.14,3.35,1,8,3,134
Egor Zamula,16.35,10,9808,3.87,0.23,0.24,11,0,0,3,8,5,1,0,0.07,0.16,0,0,0,0,6
Rasmus Ristolainen,21.44,66,84906,100.19,6.07,6.48,200,16,11,12,33,118,17,5,2.68,2.16,1.24,1,1,0,140
Nico Hischier,19.34,70,81245,156.71,20.35,11.99,270,60,12,45,31,131,59,24,4.95,7.05,8.35,6,5,10,214
T.J. Oshie,17.45,44,46070,78.44,11.66,6.05,138,25,8,19,18,73,27,13,2.16,3.41,6.09,4,2,5,113
Jan Jenik,10.68,13,8327,21.66,1.84,1.64,35,3,4,1,3,21,7,1,0.62,0.94,0.28,0,1,1,29
Dylan Strome,17.44,69,72204,115.07,15.46,8.47,183,48,3,47,22,91,49,16,3.78,5.86,5.82,8,9,5,156
Rhett Gardner,8.10,4,1945,0.73,0.04,0.04,1,0,0,4,1,1,0,0,0.04,0,0,0,0,0,1
Matt Luff,9.41,23,12982,25.02,2.48,1.81,43,6,2,3,3,23,8,3,0.62,1.1,0.76,0,1,2,34
Jacob Bryson,18.33,73,80302,35.52,1.69,2.1,85,10,0,24,25,47,3,1,1.13,0.27,0.3,0,0,1,51
Mark Kastelic,9.18,16,8816,14.31,1.46,1.12,22,4,0,9,5,11,6,2,0.4,0.58,0.48,1,1,0,19
Bryce Kindopp,6.10,1,366,1.39,0.05,0.08,3,0,0,0,0,2,0,0,0.05,0,0,0,0,0,2
Jonathan Toews,17.48,71,74445,116.94,13.12,8.74,188,37,9,48,34,104,42,12,3.6,5.28,4.25,2,5,5,158
Shayne Gostisbehere,22.19,82,109178,146.16,7.2,9.46,314,51,8,44,78,203,9,4,4.89,0.92,1.38,11,2,1,216
Ryan Merkley,15.38,39,35984,30.06,0.88,1.7,85,6,1,13,28,42,2,0,0.63,0.26,0,1,0,0,44
Yegor Sharangovich,16.51,76,75275,173.98,19.11,11.33,294,46,11,48,44,151,72,15,5.31,8.19,5.61,6,10,8,238
Jeremy Davies,12.25,6,4411,4.86,0.18,0.26,9,2,0,2,5,7,0,0,0.18,0,0,0,0,0,7
Lucas Carlsson,12.71,40,30507,39.42,1.96,2.51,85,9,6,7,12,55,3,0,1.6,0.36,0,3,0,0,58
Olli Juolevi,12.75,18,13774,16.39,0.46,0.92,34,0,1,2,7,25,0,0,0.46,0,0,0,0,0,25
Jesper Froden,12.87,7,5405,7.4,1.05,0.59,14,1,0,0,0,8,1,2,0.35,0.15,0.56,1,0,0,11
Blake Lizotte,12.16,70,51088,88.6,9.7,5.98,141,24,10,31,10,78,34,10,2.79,3.96,2.94,3,4,3,122
Torey Krug,20.55,64,78916,118.58,6.03,7.82,245,43,7,16,32,155,16,2,3.63,1.83,0.58,6,2,1,173
Oliver Ekman-Larsson,22.31,79,105758,158.92,6.45,9.58,352,29,16,26,42,221,11,2,4.67,1.21,0.57,3,0,2,234
Sami Niku,15.28,13,11921,11.29,0.29,0.76,27,6,0,2,5,17,0,0,0.29,0,0,0,0,0,17
Nicolas Beaudin,6.16,2,739,0.75,0.11,0.07,1,0,0,0,0,0,1,0,0,0.11,0,0,0,0,1
Kristian Reichel,10.40,13,8115,17.4,1.82,1.2,30,2,3,7,1,15,6,2,0.39,0.66,0.77,1,0,0,23
Dougie Hamilton,21.22,62,78952,200.98,11.35,12.24,402,30,12,20,54,249,30,6,6.02,3.36,1.97,3,4,2,285
Dennis Cholowski,15.81,11,10437,13.46,0.5,0.85,33,3,0,1,5,19,1,0,0.39,0.11,0,0,0,0,20
Pat Maroon,12.40,81,60245,106.78,12.86,8.38,156,27,9,16,17,79,44,14,2.59,5.65,4.61,3,3,5,137
Gavin Bayreuther,13.06,43,33685,43.6,1.41,2.64,85,8,3,12,12,63,2,0,1.22,0.19,0,0,0,0,65
Carson Meyer,8.23,13,6417,13.42,1.6,1.02,25,3,0,4,1,11,6,1,0.4,0.84,0.36,0,1,0,18
Devon Toews,25.37,66,100462,139.78,9.33,8.65,267,57,10,45,34,175,18,9,3.96,2.32,3.04,6,3,4,202
Connor Brown,20.06,64,77018,128.39,15.03,9.36,235,39,9,51,50,102,47,20,3.58,6.05,5.39,1,6,3,169
Kasperi Kapanen,14.53,79,68883,131.64,11.13,8.85,235,32,14,40,30,129,45,4,4.52,5.6,1.01,3,7,1,178
Travis Sanheim,22.97,80,110257,121.95,7.04,7.49,249,31,10,23,55,149,22,3,3.45,2.73,0.86,3,3,1,174
Troy Terry,18.24,75,82064,195.51,24.77,14.36,327,67,15,35,46,165,71,28,6.55,8.73,9.5,10,17,10,264
David Savard,20.79,62,77341,62.28,4.69,4.07,127,17,8,7,63,73,9,6,1.88,1.29,1.52,0,2,1,88
Jacob Trouba,22.42,81,108985,189.86,10.69,12.07,388,39,23,24,63,244,23,10,5.03,2.5,3.16,7,2,2,277
Tyce Thompson,14.42,2,1730,2.92,0.27,0.2,5,0,0,2,2,3,1,0,0.16,0.11,0,0,0,0,4
Jason Robertson,18.11,74,80414,216,30.15,16.17,400,79,25,48,50,191,66,36,6.66,8.01,15.48,13,9,19,293
Jakub Galvas,18.16,6,6537,6.51,0.29,0.45,17,0,1,1,4,10,0,0,0.29,0,0,0,0,0,10
Anthony Angello,6.63,4,1591,1.54,0.05,0.08,2,0,0,0,0,2,0,0,0.05,0,0,0,0,0,2
Marcus Foligno,16.41,74,72851,101.6,17.67,7.45,163,42,9,28,27,75,37,22,2.77,4.77,10.13,3,9,11,134
Warren Foegele,12.61,82,62052,144.77,17.37,10.45,245,26,11,44,29,124,51,16,4.51,6.31,6.54,3,4,5,191
J.T. Miller,21.06,80,101075,207.31,28.79,14.77,350,99,22,56,62,181,77,35,6.6,9.88,12.31,12,9,11,293
Cal Clutterbuck,14.04,59,49708,67.88,6.97,4.54,113,15,2,21,14,67,21,7,2.19,2.25,2.52,2,1,3,95
Oliver Bjorkstrand,17.95,80,86159,230.12,27.85,17.48,402,57,19,57,33,204,82,26,6.93,9.94,10.98,9,8,11,312
Antoine Roussel,12.14,53,38614,61.81,6.95,4.37,103,8,7,9,16,54,23,8,1.92,2.95,2.08,0,2,2,85
Hendrix Lapierre,9.59,6,3452,5.13,0.71,0.43,9,1,0,3,1,2,5,0,0.1,0.61,0,1,0,0,7
Vasily Podkolzin,12.79,79,60629,115.78,11.14,7.62,191,26,5,32,18,107,41,9,3.65,4.59,2.9,8,3,3,157
Yakov Trenin,14.67,80,70405,138.16,16.98,9.99,243,24,5,37,24,123,52,16,4.36,6.43,6.2,4,7,6,191
Riley Damiani,8.54,7,3585,9.62,1.47,0.79,18,2,0,3,1,7,3,3,0.32,0.37,0.79,1,0,0,13
Phil Kessel,16.68,82,82055,171.48,16.11,12.1,310,52,20,39,53,172,43,15,5.78,5.14,5.19,4,2,2,230
Roope Hintz,18.04,80,86573,225.6,32.46,16.84,367,72,23,24,49,169,95,40,6.75,11.53,14.18,5,13,19,304
Taro Hirose,10.66,15,9594,10.09,1.89,0.6,19,4,0,3,4,7,6,1,0.24,0.7,0.95,0,0,1,14
Nikita Zadorov,16.91,74,75081,113.29,4.17,6.23,225,22,8,32,61,155,10,1,2.92,1.03,0.22,3,1,0,166
Nicholas Abruzzese,10.21,9,5516,7.55,1.52,0.74,12,1,1,0,3,3,6,2,0.19,0.75,0.57,0,1,0,11
Lucas Raymond,18.16,82,89332,168.91,21.34,13.1,287,57,17,26,36,126,75,23,4.35,9.82,7.17,4,10,9,224
Ivan Provorov,24.89,79,117982,153.19,8.34,9.81,322,31,7,17,84,197,18,6,4.06,2.05,2.22,4,4,1,221
Jaret Anderson-Dolan,13.79,7,5792,7.52,0.57,0.59,17,0,0,2,2,8,3,0,0.28,0.29,0,0,0,0,11
Alexis Lafreniere,14.00,79,66339,110.18,11.4,7.69,193,31,4,44,28,112,32,9,3.92,4.01,3.48,6,10,3,153
Nicklas Backstrom,17.49,47,49324,70.3,7.4,5.64,121,31,3,25,13,64,26,8,1.78,3.14,2.49,3,2,1,98
John Tavares,18.07,79,85671,251.53,33.38,22.63,429,76,27,40,65,195,110,42,6.67,13.68,13.03,3,13,11,347
Auston Matthews,20.61,73,90270,354.29,41.86,26.78,599,106,32,92,48,317,127,40,11.42,15.28,15.16,23,18,19,484
Jamie Drysdale,19.89,81,96642,139.86,6.97,8.53,290,32,13,19,49,187,10,5,4.27,1.15,1.56,4,0,0,202
Erik Haula,15.09,78,70637,134.95,16.08,9.53,217,44,6,25,21,113,52,19,3.73,6.35,6,5,8,5,184
Pierre Engvall,13.28,78,62164,160.54,17.2,10.55,270,35,8,32,41,148,53,16,4.72,6.36,6.13,7,5,3,217
Matt Nieto,14.40,70,60495,76.39,7.95,5.3,120,17,4,21,17,71,29,6,2.33,4,1.62,2,4,0,106
Andrew Ladd,14.12,51,43208,58.57,8.46,4.7,107,12,5,17,26,47,24,9,1.42,3.32,3.72,1,3,3,80
Derek Stepan,10.80,58,37569,92.97,10.65,6.19,145,19,10,22,13,82,29,13,2.76,3.87,4.02,2,5,2,124
Ross Colton,12.80,79,60662,162.06,19.41,12.05,259,39,15,29,8,128,66,21,4.5,8.14,6.78,5,11,6,215
Jon Lizotte,14.72,1,883,0.71,0.03,0.04,1,0,0,0,0,1,0,0,0.03,0,0,0,0,0,1
Jonah Gadjovich,8.76,43,22590,39.51,5.02,2.88,69,3,1,7,10,33,12,8,1.32,1.51,2.18,0,0,1,53
Timothy Liljegren,16.40,61,60025,76.48,3.65,4.61,162,23,6,19,43,99,9,2,2.13,1.06,0.45,3,1,1,110
Alex Tuch,18.41,50,55225,140.7,16.46,9.95,228,38,9,40,25,127,48,16,4.34,6.09,6.02,3,4,5,191
Dylan Cozens,15.89,79,75330,155.55,16.17,10.87,265,38,13,33,30,139,52,19,4.52,6.15,5.5,2,5,6,210
Jordan Oesterle,18.29,45,49375,54.25,1.9,2.85,101,8,2,6,17,75,2,0,1.68,0.22,0,1,1,0,77
Jake Walman,14.02,51,42913,84.21,4.92,5.19,173,10,4,9,22,109,9,4,2.78,1.12,1.01,2,0,1,122
Nick Foligno,12.46,64,47860,93.5,7.34,5.84,149,13,6,22,14,98,23,7,2.61,2.86,1.88,0,1,1,128
Robert Hagg,16.02,64,61514,63.65,2.08,3.59,140,9,2,10,23,92,3,0,1.8,0.28,0,1,0,0,95
Duncan Keith,19.73,64,75751,76.13,3.11,4.48,175,21,5,36,64,106,5,1,2.31,0.57,0.23,0,0,1,112
Tyler Pitlick,11.09,40,26608,41.93,4.34,2.88,80,5,6,14,10,37,12,8,1,1.32,2.02,0,1,0,57
Zach Bogosian,15.36,48,44244,51.55,2.26,3.15,108,8,3,7,16,73,3,0,1.89,0.37,0,2,1,0,76
Mike Reilly,18.95,70,79577,119.92,5.5,7.49,230,17,5,19,35,169,7,2,4.18,0.81,0.51,3,0,1,178
Drew O'Connor,10.28,22,13574,39.9,3.77,3.05,62,5,3,9,5,34,18,2,1.29,1.83,0.65,2,1,0,54
Jakob Chychrun,22.99,47,64837,151.88,6.72,9.19,293,21,7,19,37,212,8,3,4.56,1.03,1.13,4,2,1,223
Ryan Hartman,18.18,82,89448,246.02,26.13,17.51,421,65,21,35,30,252,66,23,8.22,8.28,9.63,15,10,9,341
Ryan Nugent-Hopkins,19.32,63,73023,136.16,15.14,10.02,231,50,8,43,34,123,46,15,4.32,5.83,4.99,3,4,4,184
Justin Barron,17.18,7,7215,10.55,0.51,0.54,18,2,1,2,3,13,2,0,0.29,0.22,0,1,0,0,15
Clayton Keller,20.14,67,80958,167.7,20.52,12.37,274,63,16,61,53,161,40,27,5.35,4.84,10.33,8,6,14,228
Wyatt Kalynuk,12.00,5,3599,3.49,0.12,0.15,7,0,0,1,2,5,0,0,0.12,0,0,0,0,0,5
Jakob Silfverberg,17.04,53,54184,113.58,8.12,7.35,183,21,12,30,16,117,33,4,3.42,3.71,0.99,2,3,0,154
Zach Hyman,19.46,76,88760,228.09,34.26,19.43,353,54,25,29,33,151,99,43,5.95,12.66,15.64,8,7,12,293
Kaedan Korczak,16.62,1,997,0.61,0.01,0.03,1,0,1,0,0,1,0,0,0.01,0,0,0,0,0,1
Alexander Radulov,14.10,71,60052,105.86,14.47,8.81,189,22,10,30,27,79,53,16,2.92,6.57,4.99,0,0,4,148
Oskar Lindblom,13.80,79,65417,125.66,12.78,8.48,212,26,13,19,18,118,35,13,3.81,4.73,4.22,5,3,4,166
Kristians Rubins,11.75,3,2115,3.48,0.34,0.28,6,0,0,0,3,3,2,0,0.07,0.28,0,0,0,0,5
Nick Blankenburg,17.57,7,7380,10.05,0.37,0.65,24,3,0,1,0,15,0,0,0.37,0,0,1,0,0,15
Riley Barber,8.44,4,2026,5.1,0.35,0.37,8,0,1,1,3,5,2,0,0.16,0.2,0,0,0,0,7
Kiefer Sherwood,8.57,11,5654,7.44,0.84,0.48,14,2,0,4,1,7,2,1,0.33,0.31,0.2,0,1,0,10
Matthew Tkachuk,17.90,82,88065,275.19,34.58,22.9,455,104,21,41,91,226,113,35,7.64,13.5,13.43,11,16,15,374
Connor Bunnaman,10.01,15,9009,11.71,1.5,0.68,17,0,0,0,2,9,3,3,0.28,0.36,0.86,0,0,0,15
Brett Kulak,17.75,74,78831,82.12,2.89,4.68,179,21,9,21,55,114,5,0,2.39,0.5,0,3,2,0,119
Garrett Pilon,9.41,2,1129,1.36,0.13,0.09,3,1,0,1,2,1,1,0,0.02,0.11,0,0,1,0,2
Sammy Blais,13.46,14,11305,18.4,1.96,1.56,33,4,0,2,4,16,7,2,0.6,0.8,0.56,0,0,0,25
Seth Jarvis,13.88,68,56610,121.39,14.4,9.14,203,40,16,15,33,102,50,15,4.16,5.96,4.28,4,10,3,167
Lukas Reichel,13.20,11,8709,13.42,1.39,1.04,23,1,0,6,7,11,8,0,0.51,0.88,0,0,0,0,19
Dawson Mercer,16.54,82,81383,144.15,17.87,10.72,247,42,9,56,53,108,68,17,4.31,8.37,5.19,5,9,3,193
Calvin de Haan,18.96,69,78485,102.88,3.8,5.9,225,8,4,18,59,143,8,1,2.67,0.88,0.25,2,2,0,152
Matt Roy,20.98,67,84354,140.88,6.25,8.46,276,21,20,8,49,189,12,3,3.81,1.55,0.9,1,1,0,204
Miles Wood,14.76,3,2657,4.35,0.24,0.25,8,0,0,0,4,5,1,0,0.14,0.09,0,0,0,0,6
Ryan McDonagh,22.44,71,95610,88.93,5.51,5.74,180,26,5,26,24,117,10,4,2.73,1.2,1.58,1,1,2,131
Jake Guentzel,20.10,76,91644,256.24,37.28,21.85,434,84,29,41,23,192,115,41,7.82,13.69,15.78,12,14,14,348
Thomas Harley,13.69,34,27927,41.33,2.12,2.48,85,4,1,9,18,53,6,1,1.13,0.73,0.26,0,1,0,60
Remi Elie,10.95,1,657,1.39,0.11,0.1,3,0,0,0,0,1,1,0,0.02,0.09,0,0,0,0,2
Chad Ruhwedel,15.33,78,71747,87.7,2.9,4.87,181,13,7,19,21,124,5,0,2.23,0.67,0,2,2,0,129
Damon Severson,23.60,80,113268,151.93,10.96,9.77,312,46,10,38,63,199,14,11,4.62,1.71,4.63,5,1,5,224
Hunter Drew,9.86,2,1183,0,0,0,1,0,0,0,0,0,0,0,0,0,0,0,0,0,0
Brad Marchand,19.25,70,80855,226.23,26.52,16.02,397,80,23,40,62,208,64,34,6.7,7.65,12.16,5,9,18,306
Gregory Hofmann,12.51,24,18008,26.87,2.89,2.11,51,7,1,7,9,19,15,2,0.62,1.85,0.43,0,2,0,36
Valeri Nichushkin,19.03,62,70777,170.03,24.62,12.85,264,52,11,38,24,123,75,29,4.22,9.45,10.95,4,13,8,227
Josh Morrissey,23.66,79,112145,171.29,11.57,11.83,351,37,10,26,63,225,19,7,6.36,2,3.21,5,4,3,251
Rudolfs Balcers,15.04,61,55035,96.98,9.81,6.58,160,23,3,35,30,82,44,7,2.77,5.03,2.01,4,5,2,133
Connor Clifton,16.06,60,57831,72.17,2.43,3.96,149,10,4,16,14,105,2,0,2.24,0.2,0,2,0,0,107
Andrew Copp,19.18,72,82852,177.5,23.24,13.41,283,53,17,34,43,154,62,26,5.26,8.07,9.9,7,8,6,242
Jasper Weatherby,11.24,50,33722,47.02,5.18,3.55,82,11,5,18,14,42,18,4,1.49,2.38,1.31,3,1,1,64
Jack Ahcan,16.03,6,5771,5.36,0.22,0.37,14,1,0,1,4,8,0,0,0.22,0,0,1,0,0,8
Jordan Spence,19.74,24,28431,40.24,1.41,2.45,99,8,4,3,11,59,1,0,1.31,0.1,0,2,0,0,60
Mattias Samuelsson,19.99,42,50379,39.58,2.27,2.5,83,10,3,8,28,50,5,2,1.09,0.6,0.58,0,0,0,57
Michael Del Zotto,18.26,26,28480,34.97,0.98,2,81,13,2,5,17,50,1,0,0.87,0.1,0,3,0,0,51
Victor Olofsson,15.38,72,66453,157.13,16.62,10.29,293,49,15,18,18,173,35,15,6.13,4.03,6.46,7,3,10,223
Adam Beckman,10.41,3,1874,2.83,0.05,0.14,6,1,1,1,2,4,0,0,0.05,0,0,0,0,0,4
Zach Senyshyn,6.53,2,783,0.75,0.01,0.03,1,0,0,0,0,1,0,0,0.01,0,0,0,0,0,1
Sven Baertschi,13.90,1,834,0.63,0.02,0.06,1,0,0,0,0,1,0,0,0.02,0,0,0,0,0,1
Brandon Montour,17.90,81,86992,155.18,10.17,9.63,298,37,12,26,49,186,25,8,4.93,2.99,2.25,6,3,2,219
Philippe Myers,14.88,27,24103,32.91,1.17,1.96,72,4,0,8,17,47,2,0,0.93,0.23,0,1,0,0,49
William Eklund,14.33,9,7737,8.3,1.53,0.78,15,4,2,2,8,4,4,3,0.15,0.57,0.81,0,0,0,11
Laurent Dauphin,13.29,38,30309,50.95,5.58,3.58,84,12,2,17,13,45,14,9,1.44,1.69,2.46,1,1,2,68
Radim Simek,13.28,36,28688,23.46,1.71,1.53,49,2,2,10,15,28,3,3,0.69,0.28,0.73,1,0,0,34
Jean-Gabriel Pageau,17.67,77,81656,124.46,14.21,9.57,199,39,8,30,42,101,53,15,3.6,6.08,4.53,4,7,7,169
Mikael Granlund,20.41,80,97990,118.13,14.63,9.29,219,64,12,57,51,104,49,12,3.79,5.88,4.96,3,4,4,165
Noah Cates,13.25,16,12716,24.51,4,2.01,43,9,0,10,3,13,13,6,0.49,1.51,1.99,0,3,2,32
Mikhail Sergachev,22.47,78,105154,137.89,7.28,8.83,283,38,5,23,39,191,11,4,4.11,1.44,1.73,4,1,2,206
Scott Harrington,14.47,7,6078,4.78,0.1,0.24,9,1,1,2,0,7,0,0,0.1,0,0,0,0,0,7
Nicolas Hague,18.65,52,58190,112.19,4.79,6.67,239,14,12,25,23,149,12,1,3.19,1.35,0.25,3,0,1,162
Trevor Moore,15.69,81,76241,211.3,25.12,15.24,341,48,23,30,17,188,64,33,5.81,7.85,11.46,4,5,8,285
Viktor Arvidsson,16.98,66,67246,239.79,25.6,16.72,412,49,19,24,16,229,69,26,7.86,8.1,9.64,8,5,7,324
Joe Pavelski,18.47,82,90892,227.33,30.73,17.94,374,81,19,35,44,186,95,31,6.1,11.83,12.8,4,10,13,312
Thomas Chabot,26.19,59,92720,157.89,10.22,10.09,330,38,11,29,68,201,21,5,5.32,2.66,2.23,3,3,1,227
Sheldon Rempal,9.18,1,551,1.46,0.13,0.1,2,0,0,0,0,1,1,0,0.03,0.1,0,0,0,0,2
Jesper Bratt,17.43,76,79481,194.07,19.14,13.43,324,73,17,29,46,181,64,18,5.83,7.93,5.38,8,12,6,263
Brady Tkachuk,18.80,79,89107,282.07,33.46,23.67,461,67,23,41,68,220,117,36,7.01,14.39,12.05,6,12,12,373
David Kampf,15.27,82,75106,97.38,12.43,7.09,168,26,5,30,25,80,42,14,2.73,5.01,4.69,4,4,3,136
Max Comtois,14.14,52,44102,77.77,7.66,5.63,130,16,4,9,34,82,19,9,2.82,2.43,2.41,2,1,3,110
Santeri Hatakka,12.63,9,6820,4.19,0.13,0.21,7,2,0,1,3,6,0,0,0.13,0,0,0,0,0,6
Brendan Smith,13.92,45,37579,57.88,2.86,3.28,128,8,5,12,13,82,2,2,1.68,0.2,0.98,3,0,1,86
Keith Yandle,13.98,77,64583,99.77,4.27,6.87,233,19,8,11,39,139,7,2,2.86,0.71,0.7,0,0,1,148
Vinnie Hinostroza,13.87,62,51603,87.35,8.25,5.84,154,25,5,22,26,88,29,5,2.6,3.84,1.81,4,7,2,122
Josh Manson,18.98,67,76290,86.12,4.67,4.88,172,16,5,38,43,105,14,3,2.2,1.55,0.91,4,0,2,122
Nick Suzuki,20.51,82,100910,177.26,18.81,12.77,309,61,17,50,71,175,42,21,5.74,5.26,7.8,7,5,9,238
Owen Tippett,13.42,63,50738,122.67,13.76,8.77,213,21,11,36,25,105,41,17,3.24,5.09,5.44,2,5,3,163
Alex Galchenyuk,13.15,60,47353,85.02,9.69,5.93,145,21,7,18,28,84,28,10,2.72,3.3,3.67,2,1,3,122
Maxime Lajoie,12.54,5,3762,6.99,0.37,0.37,18,0,0,0,1,9,1,0,0.23,0.14,0,0,0,0,10
Calen Addison,13.79,15,12410,16.24,0.63,0.98,36,4,1,0,1,23,1,0,0.49,0.14,0,2,0,0,24
Vladislav Kolyachonok,15.85,32,30427,23.97,0.91,1.35,54,3,1,12,29,33,1,0,0.82,0.09,0,0,1,0,34
Aaron Ekblad,24.92,61,91212,159.67,10.72,11.4,317,57,18,43,73,199,26,8,4.88,3.22,2.61,9,4,2,233
Noel Acciari,11.98,20,14380,34.52,4.73,2.62,52,8,2,8,6,27,11,7,1.03,1.28,2.42,1,1,1,45
Dmitri Samorukov,2.47,1,148,0,0,0,1,0,0,0,0,0,0,0,0,0,0,0,0,0,0
Cole Caufield,16.68,67,67055,189.87,15.75,13.77,327,43,14,32,27,199,51,9,7.02,6.01,2.72,12,10,1,259
Zdeno Chara,18.73,72,80921,74.78,3.06,4.57,172,14,5,14,45,110,2,2,2.19,0.26,0.61,2,0,0,114
Tyler Bozak,12.16,50,36493,41.58,3.71,2.52,73,12,2,20,13,39,13,4,1.17,1.51,1.03,0,3,0,56
Givani Smith,8.42,47,23736,48.75,4.18,3.01,83,8,2,7,8,49,9,6,1.52,1.09,1.57,2,0,2,64
Brett Connolly,8.40,9,4534,6.49,0.6,0.44,13,1,0,2,0,7,1,1,0.25,0.13,0.23,0,0,0,9
Egor Sokolov,10.37,8,4978,8.36,0.96,0.76,14,0,2,1,0,7,4,0,0.43,0.53,0,0,0,0,11
Max Jones,9.90,2,1188,1.93,0.06,0.13,4,0,0,0,2,3,0,0,0.06,0,0,0,0,0,3
Tomas Hertl,19.94,82,98106,212.18,29.02,16.46,364,64,17,65,31,153,91,37,5.31,11.44,12.27,5,14,11,281
Artem Zub,21.04,81,102254,85.36,3.79,5.28,194,22,8,14,60,120,4,3,2.47,0.48,0.84,5,0,1,127
Jan Rutta,16.39,76,74726,89.91,3.4,4.96,198,18,7,6,18,123,6,1,2.51,0.68,0.21,2,1,0,130
Mathieu Perreault,11.25,25,16882,25.67,3.63,1.85,46,9,0,10,8,21,10,4,0.61,1.3,1.72,2,0,2,35
Tanner Pearson,16.05,68,65504,141.2,16.43,10.52,242,34,16,22,15,136,43,18,4.81,5.18,6.43,4,5,5,197
Brayden Point,19.46,66,77069,191.23,26.43,16.83,291,58,10,33,24,136,95,22,5.65,11.76,9.02,5,11,12,253
Jesper Boqvist,13.13,56,44114,79.48,7.84,4.93,135,23,4,18,23,75,21,9,2.31,2.43,3.1,1,4,5,105
Nathan MacKinnon,21.06,65,82138,279.68,28.36,20.52,501,88,24,37,56,281,76,28,9.31,8.84,10.21,15,8,9,385
Julien Gauthier,10.31,49,30303,74.74,10.37,6.17,110,7,7,15,14,47,36,13,1.64,4.6,4.14,0,1,2,96
Jack Studnicka,12.60,15,11340,22.21,1.74,1.77,37,3,1,3,11,26,3,1,1.01,0.39,0.34,0,0,0,30
Brandon Saad,16.27,78,76150,147.09,20.75,11.65,236,49,14,45,25,122,56,20,4.92,7.11,8.72,6,10,8,198
Logan Shaw,9.38,17,9566,14.57,1.41,0.88,22,3,0,11,3,14,5,1,0.43,0.74,0.24,0,1,0,20
Mike Hardman,9.30,21,11719,14.03,1.65,1.04,25,2,1,5,5,8,10,1,0.24,1.19,0.23,0,0,0,19
Jamie Benn,16.75,82,82396,185.23,23.58,13.53,317,46,19,37,47,158,64,28,4.97,7.66,10.95,4,7,7,250
Ben McCartney,14.04,2,1685,2.06,0.18,0.13,4,0,0,0,0,2,1,0,0.09,0.09,0,0,0,0,3
Markus Niemelainen,13.19,20,15833,10.14,0.42,0.6,26,1,0,4,10,14,1,0,0.23,0.19,0,0,0,0,15
Blake Wheeler,19.54,65,76201,158.78,21.04,12.52,263,60,11,32,36,124,57,29,4.64,7.31,9.1,3,5,9,210
Brad Richardson,10.30,44,27198,34.68,3.49,2.31,69,8,2,7,9,33,10,5,0.95,1.07,1.48,0,2,2,48
Ethan Bear,16.08,58,55959,89.35,4.05,5.2,186,14,10,16,28,120,7,2,2.61,0.87,0.57,4,0,1,129
Frederik Gauthier,11.10,8,5326,2.96,0.15,0.14,5,0,0,0,3,4,0,0,0.15,0,0,0,0,0,4
Alexander Barabanov,17.18,70,72159,101.1,11.44,7.78,166,39,8,40,30,83,44,9,3.14,5.3,3,2,6,2,136
Colton Sceviour,9.47,35,19894,38.18,3.07,2.4,60,5,2,9,10,37,15,1,1.06,1.76,0.25,0,2,0,53
Matthew Peca,9.63,5,2890,2.62,0.13,0.17,8,1,0,0,2,3,1,0,0.05,0.08,0,0,0,0,4
Ian Cole,17.15,75,77184,82.59,2.78,4.69,180,19,8,29,48,119,1,1,2.48,0.09,0.22,2,0,0,121
Cole Smith,8.84,8,4241,3.28,0.26,0.31,6,0,0,3,2,4,0,0,0.26,0,0,0,0,0,4
Ethan Prow,12.74,4,3057,1.47,0.24,0.08,3,1,0,0,2,1,0,1,0.01,0,0.23,0,0,1,2
Jeff Carter,17.67,76,80579,182.18,22.52,12.95,315,45,18,33,39,164,56,25,4.89,6.96,10.67,3,9,7,245
Sam Bennett,16.94,71,72178,216.87,27.06,16.27,398,49,14,41,49,184,82,26,6.32,10.63,10.11,7,10,11,292
Michael Eyssimont,5.82,1,349,0.68,0.02,0.04,1,0,0,1,0,1,0,0,0.02,0,0,0,0,0,1
Seth Griffith,5.62,1,337,0,0,0,0,0,0,1,0,0,0,0,0,0,0,0,0,0,0
Kirby Dach,18.04,70,75786,116.34,12.75,8.77,198,26,8,42,17,105,39,13,3.26,4.98,4.51,4,3,2,157
Nathan Beaulieu,10.77,24,15509,25.32,1.02,1.53,52,4,4,0,17,35,3,0,0.69,0.32,0,0,0,0,38
Derrick Pouliot,15.50,11,10231,11.72,0.49,0.65,30,4,0,3,10,15,2,0,0.27,0.23,0,0,0,0,17
Brett Pesce,21.70,70,91143,143.8,5.93,8.26,304,28,14,45,29,197,8,4,4,0.89,1.05,5,2,0,209
Andreas Johnsson,14.36,71,61183,108.12,12.8,7.87,179,35,9,26,24,78,56,11,2.61,6.53,3.66,3,6,4,145
Austin Strand,15.29,8,7339,6.05,0.24,0.35,14,2,2,2,4,8,1,0,0.16,0.09,0,0,0,0,9
Lars Eller,16.12,72,69635,123.35,10.79,8.41,213,31,9,37,44,126,37,7,4.35,4.66,1.78,7,6,0,170
Sebastian Aho,18.95,79,89841,240,37.6,19.21,402,81,29,68,56,175,113,41,6.22,14.18,17.2,5,14,18,329
Brock McGinn,15.00,64,57581,95.22,12.56,6.42,157,22,8,18,19,81,35,12,2.99,4.49,5.08,2,5,5,128
Nate Thompson,11.97,33,23700,25.66,3.07,1.77,41,3,2,8,7,23,6,6,0.84,0.75,1.48,0,0,1,35
Brady Skjei,21.14,82,104020,174.72,8.79,10.17,330,39,17,51,62,234,13,6,5.42,1.58,1.79,7,2,0,253
Johnny Gaudreau,18.57,82,91388,253.32,27.93,18.21,463,115,19,50,81,249,74,25,8,8.89,11.04,10,16,14,348
Leo Komarov,10.83,1,650,0,0,0,0,0,0,0,0,0,0,0,0,0,0,0,0,0,0
Logan Stanley,15.64,58,54442,86.07,2.98,4.93,180,13,4,13,56,125,3,0,2.61,0.37,0,1,0,0,128
Nick Bjugstad,10.26,57,35091,81.37,10.12,5.96,130,13,11,18,13,68,26,13,2.37,3.39,4.36,2,2,3,107
Juuso Riikola,13.39,5,4016,5.3,0.31,0.34,14,1,0,0,1,7,1,0,0.11,0.2,0,0,0,0,8
Tanner Kero,9.56,23,13197,13.37,1.16,0.97,26,3,0,6,7,13,4,1,0.48,0.41,0.28,0,0,0,18
Ty Dellandrea,10.62,1,637,1.43,0.02,0.07,2,0,0,0,0,2,0,0,0.02,0,0,0,0,0,2
Jack McBain,14.18,10,8505,15.47,1.85,1.32,24,3,6,2,5,13,7,1,0.53,1.05,0.28,1,1,0,21
Leon Draisaitl,22.35,80,107276,291.76,42.54,21.7,482,110,21,74,88,214,124,49,7.4,14.67,20.47,7,19,29,387
Adam Erne,13.39,79,63446,101.94,10.71,7.58,176,19,11,24,20,93,37,9,3.05,4.55,3.11,2,1,3,139
Jeff Petry,22.12,68,90254,109.53,4.57,6.85,266,27,7,12,107,153,4,3,3.19,0.47,0.91,5,1,0,160
Olli Maatta,18.28,66,72401,59.83,2.44,3.4,139,8,3,10,37,82,3,2,1.65,0.33,0.46,0,1,0,87
Martin Kaut,8.81,6,3171,1.46,0.06,0.11,4,0,0,1,0,2,0,0,0.06,0,0,0,0,0,2
Gabriel Landeskog,20.32,51,62172,141.83,21.84,12.05,251,59,14,17,29,108,59,27,3.46,7.19,11.19,7,11,12,194
MacKenzie Weegar,23.37,80,112188,188.46,11.21,11.91,391,44,11,74,85,241,26,4,6.59,3.13,1.49,4,3,1,271
Reese Johnson,10.51,31,19557,22.68,1.71,1.45,42,5,1,11,6,26,5,1,0.99,0.51,0.21,0,1,0,32
Madison Bowey,15.73,2,1888,0.72,0.02,0.04,3,0,0,0,0,1,0,0,0.02,0,0,0,0,0,1
Colton Sissons,16.16,79,76609,94.47,12.37,6.84,163,28,6,19,25,80,38,16,2.55,4.55,5.27,2,1,4,134
Brett Howden,10.66,47,30049,41.65,6.35,3.38,69,20,7,13,14,30,23,7,1.23,2.92,2.21,3,3,3,60
Kieffer Bellows,11.86,45,32034,79.14,6.24,5.41,147,19,6,6,26,90,14,4,3.32,1.52,1.4,4,2,0,108
Mikko Rantanen,20.97,75,94355,260.73,30.68,19.51,459,92,19,48,49,256,76,32,8.87,8.92,12.89,8,11,17,364
Zack MacEwen,9.66,75,43485,88.09,8.69,5.97,145,9,7,22,16,85,27,9,2.8,3.37,2.52,1,1,1,121
Dylan Larkin,19.66,71,83740,209.22,23.52,15.46,385,69,19,38,42,189,65,27,6.15,8.24,9.13,9,12,10,281
Andrew Poturalski,10.14,2,1217,3.73,0.33,0.24,5,2,1,0,1,3,2,0,0.15,0.17,0,0,0,0,5
Alex Vlasic,14.31,15,12878,12.43,0.35,0.67,21,2,3,5,5,18,0,0,0.35,0,0,1,0,0,18
Joey Anderson,8.77,5,2632,8.71,0.66,0.69,15,0,2,2,0,8,4,0,0.29,0.37,0,0,0,0,12
Samuel Girard,21.64,67,86999,79.35,3.14,4.59,188,28,5,21,28,111,4,1,2.22,0.45,0.47,3,1,1,116
Sampo Ranta,10.89,10,6536,9.33,0.85,0.67,20,0,0,4,1,11,2,1,0.33,0.21,0.31,0,0,0,14
Daniil Miromanov,9.78,11,6457,13.94,0.56,0.81,32,1,1,1,2,21,0,0,0.56,0,0,0,0,0,21
Anton Lundell,15.74,65,61375,126.59,15.84,8.71,223,44,9,59,35,112,42,17,4.66,5.26,5.93,5,7,6,171
Drake Batherson,18.93,46,52243,110.37,11.66,8.8,189,44,11,21,30,91,53,5,3.21,6.54,1.91,6,7,4,149
Brayden Schenn,17.78,62,66145,111.09,17.92,8.41,197,58,10,42,28,81,52,19,3.45,6.29,8.18,6,8,10,152
Kyle Turris,8.62,23,11898,20.63,1.55,1.18,43,4,0,9,5,25,2,2,0.87,0.17,0.51,0,0,1,29
William Lockwood,11.34,13,8845,14.82,1.75,1.01,24,0,0,1,2,10,8,2,0.33,0.88,0.55,0,0,0,20
Filip Forsberg,18.10,69,74925,241.7,26.94,17.58,424,84,16,53,56,220,89,24,8.31,10.59,8.03,11,20,11,333
Gustav Forsling,21.22,71,90389,132.27,7.9,7.88,296,37,5,51,53,171,18,3,4.47,2.14,1.29,6,2,2,192
Thomas Bordeleau,15.59,8,7483,15.06,1.38,1.09,25,5,1,9,8,16,4,1,0.7,0.45,0.23,0,0,0,21
Carl Grundstrom,10.89,54,35283,84.27,8.8,5.61,139,15,4,13,9,72,36,6,2.19,4.09,2.52,1,6,2,114
Shane Pinto,12.95,5,3886,8.12,0.95,0.78,15,1,0,2,5,4,7,0,0.18,0.77,0,0,0,0,11
David Perron,16.99,67,68285,166.23,18.36,11.77,319,57,17,37,18,165,52,14,5.7,6,6.67,11,7,9,231
Oliver Wahlstrom,12.06,73,52818,154.9,16.1,11.18,276,24,10,19,20,160,37,18,5.33,4.43,6.34,6,1,6,215
Kole Lind,11.83,23,16327,28.25,2.67,1.82,47,8,3,7,3,26,12,1,0.83,1.43,0.41,1,1,0,39
Patric Hornqvist,12.69,65,49493,152.49,16.54,12.64,240,28,26,24,14,127,57,20,3.79,6.64,6.11,5,3,3,204
Emil Bemstrom,10.52,41,25881,60.68,5.37,4.19,105,11,4,11,5,64,15,5,1.91,1.89,1.57,2,1,3,84
Slater Koekkoek,11.17,19,12738,13.03,0.31,0.66,26,4,1,1,1,19,0,0,0.31,0,0,0,0,0,19
Dakota Mermis,13.90,2,1668,1.33,0.02,0.05,5,0,0,0,0,2,0,0,0.02,0,0,0,0,0,2
Dominik Simon,10.29,72,44435,82.47,7.76,5.91,138,13,6,22,20,79,32,3,2.57,4.27,0.92,1,2,0,114
Jack Eichel,19.39,34,39559,117.7,11.21,8.25,193,25,5,25,29,120,30,10,3.93,3.68,3.6,4,8,2,160
Darnell Nurse,25.05,71,106707,201.76,10.71,11.37,410,35,8,33,67,255,27,4,6.11,2.96,1.64,4,4,1,286
Brendan Gaunce,8.10,30,14573,43.25,4.64,2.98,71,7,2,8,3,47,10,5,1.68,1.22,1.73,1,2,2,62
Blake Coleman,14.82,81,72028,198.66,20.8,13.13,329,33,13,34,47,180,65,23,5.74,7.71,7.35,5,10,1,268
Sidney Crosby,19.97,69,82694,203.16,26.02,15.46,334,84,20,34,54,181,60,31,6.71,7.01,12.3,11,8,12,272
Neal Pionk,21.14,77,97665,137.91,5.97,9.13,278,34,8,27,68,192,10,1,4.56,1.07,0.34,3,0,0,203
Tyson Barrie,18.96,73,83056,133.06,6.11,9.21,297,41,9,14,43,187,11,2,4.14,1.18,0.79,5,2,0,200
Drew Doughty,25.74,39,60222,88.45,5.94,6.04,183,31,9,9,24,112,11,4,2.93,1.2,1.81,4,0,3,127
Brock Boeser,18.57,71,79119,200.79,25.26,15.03,391,46,16,33,21,198,63,24,7.17,7.44,10.65,8,6,9,285
Peyton Krebs,14.58,57,49880,56.78,4.86,3.95,99,22,1,15,35,56,21,2,1.9,2.24,0.71,1,6,0,79
Ryan Dzingel,13.71,32,26327,33.23,3.86,2.38,58,8,3,13,8,27,14,4,0.93,1.68,1.26,3,1,1,45
Andrej Sekera,13.71,32,26332,23.5,0.83,1.41,53,4,2,3,14,33,2,0,0.54,0.28,0,0,1,0,35
Calle Rosen,14.33,18,15474,17.86,0.88,0.98,39,7,1,3,11,22,3,0,0.6,0.27,0,1,1,0,25
Wayne Simmonds,9.33,72,40307,78.88,10.32,6.29,133,16,2,15,18,47,47,10,1.66,5.78,2.88,0,2,3,104
Ty Smith,17.50,66,69318,78.41,3.69,4.85,187,20,2,13,40,106,7,2,2.33,0.83,0.53,4,1,0,115
Jake Muzzin,20.73,47,58450,71.25,2.54,4.12,166,14,3,12,44,101,3,0,2.23,0.31,0,3,0,0,104
CJ Suess,5.71,3,1028,1.35,0.06,0.08,2,0,0,1,0,2,0,0,0.06,0,0,0,0,0,2
Max Domi,13.04,72,56313,104.96,11.28,7.2,206,39,13,36,33,106,28,11,3.34,3.49,4.46,2,5,4,145
Luke Kunin,13.83,82,68042,128.83,15.32,9.44,209,22,9,20,17,107,52,17,3.97,6.36,5,5,6,2,176
Colin Miller,18.98,38,43279,48.93,1.36,2.95,102,14,6,6,13,73,0,0,1.36,0,0,2,0,0,73
Dillon Heatherington,12.33,9,6660,4.12,0.7,0.18,9,0,0,0,2,5,0,1,0.05,0,0.66,0,0,0,6
Aleksi Heponiemi,14.03,6,5050,6.07,0.62,0.46,8,1,0,3,3,5,3,0,0.18,0.43,0,0,0,0,8
Kasper Bjorkqvist,8.37,6,3013,6.36,0.84,0.53,11,1,0,0,0,4,3,1,0.09,0.47,0.29,0,1,0,8
Nick Schmaltz,18.25,63,68975,117.8,14.3,8.45,212,59,10,52,42,110,41,12,3.9,5.37,5.03,7,9,7,163
Jacob Peterson,11.06,65,43146,86.18,9.86,6.1,146,17,6,13,17,72,31,12,2.51,3.91,3.45,1,9,2,115
Ryan Reaves,10.65,69,44088,43.12,4.66,3.34,73,13,5,11,21,37,19,3,1.38,2.35,0.93,2,3,0,59
Nikolaj Ehlers,18.07,62,67216,248.42,22.68,16.99,450,55,26,41,44,259,66,17,8.83,8.19,5.65,14,7,7,342
Matt Irwin,12.64,17,12895,25.49,0.64,1.31,49,4,2,2,7,35,1,0,0.5,0.13,0,1,0,0,36
Stefan Noesen,14.33,2,1719,6.6,0.83,0.53,11,0,0,0,3,5,3,1,0.14,0.32,0.37,0,0,0,9
Erik Johnson,17.38,69,71949,110.09,5.62,6.31,236,20,9,33,28,148,7,4,3.09,0.98,1.55,5,1,1,159
Tucker Poolman,17.00,40,40803,42.06,2.02,2.38,104,3,4,7,15,56,4,1,1.3,0.51,0.21,1,0,0,61
Parker Kelly,10.58,41,26016,47.5,5.64,3.26,83,12,3,11,7,39,18,7,1.46,2.16,2.02,4,1,2,64
Mark Jankowski,13.64,19,15555,15.51,1.79,1.02,29,5,1,4,10,14,6,2,0.49,0.79,0.51,1,1,0,22
Scott Laughton,16.42,67,66014,111.83,14.44,8.04,196,30,7,31,40,83,46,19,2.67,5.77,6.01,0,4,7,148
Justin Braun,19.55,69,80923,71.1,2.43,4.05,160,18,4,16,32,100,5,0,1.86,0.57,0,5,1,0,105
Alex Belzile,10.39,11,6859,9.93,0.62,0.66,19,0,0,3,5,12,1,1,0.26,0.11,0.24,0,0,0,14
Teddy Blueger,15.02,65,58570,85.3,9.44,5.63,134,28,7,37,22,71,31,12,2.3,3.6,3.54,1,3,5,114
Noah Juulsen,14.68,8,7044,6.16,0.14,0.34,11,2,1,1,5,9,0,0,0.14,0,0,0,0,0,9
Alec Martinez,19.54,26,30483,30.45,1.13,1.74,69,8,1,8,19,44,1,0,0.99,0.13,0,3,0,0,45
J.T. Compher,16.32,70,68554,106.89,16.66,8.26,199,33,10,26,18,88,29,29,3.08,3.47,10.12,4,8,6,146
Joel Hanley,11.94,44,31523,21.98,0.72,1.18,56,6,0,5,14,31,1,0,0.58,0.14,0,2,0,0,32
Alec Regula,17.88,15,16091,16,0.6,1.04,41,1,0,8,13,23,1,0,0.44,0.16,0,1,0,0,24
Ryan Johansen,16.57,79,78520,109.39,16.3,8.63,182,63,8,39,45,97,39,17,3.46,4.62,8.22,7,8,11,153
Sam Carrick,11.47,64,44034,84.14,8.32,5.44,139,19,4,14,14,76,28,10,2.08,3.42,2.83,3,4,4,114
Ondrej Palat,16.49,77,76190,144.28,18.39,10.86,248,49,9,30,25,108,74,15,4.21,8.7,5.47,4,12,2,197
Colton Parayko,23.56,80,113069,125.63,7.35,7.51,244,35,9,51,53,168,10,5,4.27,1.31,1.77,3,0,3,183
Mattias Norlinder,12.29,6,4425,1.29,0.07,0.1,3,1,0,0,0,2,0,0,0.07,0,0,0,0,0,2
Filip Zadina,14.18,74,62943,148.4,15.43,10.54,284,24,12,24,30,139,55,13,4.54,6.36,4.54,3,3,4,207
John Klingberg,22.21,74,98608,143.41,6.98,9.68,361,47,14,16,86,191,15,3,4.5,1.65,0.84,3,2,1,209
Nick Bonino,16.70,80,80159,133.56,13.86,9.96,211,26,15,50,15,122,45,14,3.52,5.43,4.91,6,6,4,181
Mike Matheson,18.80,74,83468,146.92,7.13,8.72,295,31,10,43,43,194,15,1,4.9,1.85,0.38,10,1,0,210
Travis Dermott,15.34,60,55209,47.05,3.05,3.09,100,7,2,7,26,57,10,1,1.48,1.24,0.33,1,1,0,68
Dominik Kubalik,14.52,78,67958,158.18,18.96,11.17,285,32,11,18,25,152,45,23,4.91,5.55,8.49,3,5,7,220
TJ Brodie,21.31,82,104852,67.15,3.26,3.93,158,28,4,30,62,86,10,1,1.82,1.22,0.22,3,0,1,97
Lucas Johansen,12.30,1,738,0.65,0.04,0.04,1,1,0,0,0,1,0,0,0.04,0,0,0,0,0,1
MacKenzie Entwistle,10.25,55,33815,35.07,4.63,2.67,54,12,5,9,10,21,19,6,0.61,2.49,1.53,0,3,2,46
Jesse Ylonen,11.57,14,9715,15.98,1.18,0.95,27,5,5,2,3,17,3,1,0.49,0.4,0.29,1,1,0,21
Yegor Chinakhov,12.50,62,46511,105.05,7.4,6.71,189,14,11,19,19,111,29,3,3.4,3.33,0.68,2,5,0,143
Michael McLeod,13.33,77,61566,77.89,7.04,4.62,126,20,4,46,28,77,25,4,2.36,2.97,1.7,1,3,2,106
Joe Snively,11.56,12,8321,20.98,3.16,1.6,35,7,3,7,1,14,10,3,0.49,1.09,1.58,0,2,2,27
Gerry Mayhew,13.18,40,31621,58.76,6.58,4.2,103,12,5,9,7,42,34,4,1.36,4.15,1.06,6,5,0,80
Mathew Barzal,18.02,73,78926,154.69,15.65,11.43,252,59,9,43,82,145,47,16,4.89,6.05,4.7,7,6,2,208
Brian Dumoulin,21.82,76,99490,90.85,3.9,5.56,185,18,7,34,46,128,6,1,2.7,0.84,0.35,3,0,0,135
Justin Danforth,12.57,45,33942,77.91,8.64,5.39,131,14,6,15,2,68,26,12,2.17,3.21,3.27,0,2,8,106
Klim Kostin,9.02,40,21636,31.23,2.76,2.18,60,9,4,9,16,29,13,2,0.92,1.41,0.43,3,1,0,44
Brad Malone,8.28,8,3974,6.94,0.68,0.43,11,2,1,0,2,6,2,1,0.23,0.25,0.2,1,0,0,9
Cole Perfetti,14.15,18,15280,24.66,2.88,1.83,48,7,1,7,5,21,12,1,0.71,1.73,0.44,1,1,0,34
Liam O'Brien,9.48,39,22177,37.06,3.97,2.62,67,3,5,6,8,33,14,4,1.16,1.45,1.36,1,0,1,51
Cody Glass,11.41,8,5476,8.28,0.94,0.6,15,1,0,1,2,7,4,1,0.27,0.41,0.27,0,0,0,12
Anton Blidh,10.73,32,20593,26.69,2.56,1.69,46,9,5,6,6,26,7,3,0.8,0.95,0.81,2,0,0,36
Ryan Lomberg,11.41,55,37641,89.57,9.36,6.12,162,18,7,18,9,85,30,8,3.14,3.54,2.67,4,3,2,123
Ryan Ellis,22.80,4,5473,5.48,0.2,0.31,13,5,0,2,5,7,1,0,0.1,0.1,0,0,1,0,8
