,name,minutes/game,I_F_xOnGoal,I_F_xGoals,I_F_xRebounds,I_F_shotAttempts,I_F_points,I_F_rebounds,I_F_takeaways,I_F_giveaways,I_F_lowDangerShots,I_F_mediumDangerShots,I_F_highDangerShots,I_F_lowDangerxGoals,I_F_mediumDangerxGoals,I_F_highDangerxGoals,I_F_lowDangerGoals,I_F_mediumDangerGoals,I_F_highDangerGoals,I_F_unblockedShotAttempts
0,Ilya Lyubushkin,17.46,51.47,1.91,2.99,104,15,0,15,37,73,2,0,1.65,0.26,0.0,2,0,0,75
1,Dominic Toninato,8.4,48.28,6.85,3.49,88,14,1,11,10,34,19,11,1.32,2.41,3.12,1,4,2,64
2,Buddy Robinson,9.25,35.32,3.27,2.1,51,6,4,7,6,32,11,3,0.88,1.4,0.99,0,0,1,46
3,Logan O'Connor,13.87,117.94,12.23,8.13,202,24,10,38,17,102,42,12,3.56,5.1,3.57,2,5,1,156
4,T.J. Tynan,10.84,2.13,0.04,0.11,4,0,0,0,0,3,0,0,0.04,0.0,0.0,0,0,0,3
5,Declan Chisholm,12.95,2.87,0.07,0.14,9,0,0,1,1,4,0,0,0.07,0.0,0.0,0,0,0,4
6,Jayden Halbgewachs,13.09,6.14,0.49,0.38,10,1,0,1,1,8,1,0,0.31,0.17,0.0,0,0,0,9
7,Shea Theodore,23.13,187.65,11.33,13.12,417,52,16,60,58,231,35,7,5.38,3.81,2.14,7,4,3,273
8,Nick Merkley,12.41,8.91,0.88,0.63,15,3,0,7,3,8,3,1,0.26,0.31,0.3,0,0,1,12
9,Kevin Connauton,13.08,26.35,1.44,1.63,67,3,2,6,16,35,3,1,0.75,0.33,0.37,1,0,0,39
10,Alex Steeves,7.97,3.05,0.36,0.25,5,1,0,3,0,3,1,0,0.19,0.17,0.0,0,0,0,4
11,Victor Hedman,25.08,230.46,14.75,15.35,462,85,19,52,56,298,22,11,7.52,2.65,4.59,11,3,6,331
12,Alexander Kerfoot,15.21,119.99,14.74,8.82,193,51,7,36,40,91,54,14,3.27,6.6,4.87,4,6,3,159
13,Isaac Ratcliffe,10.75,15.26,1.37,1.17,22,4,3,2,1,15,4,1,0.54,0.59,0.24,0,0,1,20
14,Johan Larsson,15.91,46.72,4.86,3.05,88,21,0,13,13,52,8,5,2.01,0.94,1.91,5,0,2,65
15,Matt Grzelcyk,18.73,105.12,3.94,6.12,211,24,1,21,41,150,3,1,3.17,0.47,0.3,4,0,0,154
16,Charlie McAvoy,24.66,153.21,8.86,9.59,295,56,12,29,65,207,16,4,4.88,1.88,2.1,5,2,3,227
17,Pavel Dorofeyev,6.5,0.97,0.31,0.11,2,0,0,2,0,0,0,1,0.0,0.0,0.31,0,0,0,1
18,Simon Benoit,14.09,43.79,1.62,2.52,87,5,2,7,21,61,3,0,1.31,0.3,0.0,1,0,0,64
19,Brendan Gallagher,15.02,141.83,17.66,11.72,250,24,14,17,20,124,50,20,4.13,6.44,7.09,1,1,5,194
20,Thomas Hickey,19.48,0.0,0.0,0.0,1,0,0,1,1,0,0,0,0.0,0.0,0.0,0,0,0,0
21,Petteri Lindbohm,14.06,11.11,0.58,0.65,25,1,0,4,8,14,1,1,0.22,0.08,0.28,0,0,0,16
22,Alex Iafallo,18.5,211.4,22.26,15.38,345,37,13,46,14,199,70,24,6.14,8.6,7.52,5,7,5,293
23,Jake DeBrusk,15.04,166.37,20.88,11.75,278,42,12,35,26,139,62,24,4.57,7.61,8.71,5,12,8,225
24,Brett Seney,7.02,0.81,0.13,0.05,2,0,0,0,1,0,1,0,0.0,0.13,0.0,0,0,0,1
25,Keegan Kolesar,12.65,86.12,12.68,6.57,142,24,9,33,36,69,29,19,2.79,3.76,6.13,3,3,1,117
26,Brenden Dillon,18.83,87.25,4.18,5.03,203,20,5,16,51,121,5,4,2.35,0.57,1.26,1,1,1,130
27,Kyle Burroughs,12.94,33.32,1.62,2.08,83,5,2,7,7,46,1,2,1.02,0.12,0.48,1,0,0,49
28,Cameron Hillis,10.25,1.43,0.03,0.05,2,0,1,0,0,2,0,0,0.03,0.0,0.0,0,0,0,2
29,Tyler Ennis,12.54,90.17,7.86,6.83,157,24,5,19,23,89,30,5,2.82,3.84,1.2,2,6,0,124
30,Sean Kuraly,15.86,118.33,14.2,7.43,190,30,5,35,26,115,31,15,3.83,3.81,6.56,4,5,5,161
31,Ryan Poehling,12.2,86.21,9.95,6.65,138,17,9,21,24,77,25,13,2.25,3.33,4.38,3,3,3,115
32,Christian Jaros,11.01,9.8,0.61,0.59,21,0,0,1,5,12,2,0,0.34,0.26,0.0,0,0,0,14
33,Brayden Pachal,9.76,1.26,0.05,0.08,3,0,0,1,1,2,0,0,0.05,0.0,0.0,0,0,0,2
34,Nicolas Deslauriers,11.37,89.59,9.9,6.05,158,13,9,7,14,84,30,9,2.69,3.55,3.66,2,3,3,123
35,Eric Robinson,13.89,103.37,12.51,6.93,187,27,5,30,12,81,39,16,2.82,4.75,4.94,4,1,5,136
36,Jonathan Marchessault,17.58,239.39,24.36,16.84,413,66,15,38,46,244,64,23,7.31,7.66,9.38,9,10,11,331
37,Victor Rask,12.2,56.06,5.58,3.67,95,21,6,14,14,57,16,6,1.98,1.9,1.69,4,3,2,79
38,Matt Martin,11.44,62.49,7.17,4.33,106,7,3,11,17,56,22,8,1.87,2.68,2.62,1,0,2,86
39,Andrew Peeke,21.48,74.11,3.43,4.07,167,15,5,15,31,101,5,3,1.82,0.46,1.15,0,0,2,109
40,Travis Boyd,16.52,92.97,12.95,8.12,155,35,6,20,28,66,51,14,2.71,6.42,3.83,3,10,4,131
41,Trevor Zegras,17.91,179.42,16.67,12.99,333,61,15,40,71,191,49,11,6.9,5.79,3.98,10,9,4,251
42,Danny DeKeyser,18.5,50.61,2.37,2.98,119,11,3,7,21,65,7,1,1.38,0.79,0.2,0,0,0,73
43,Jonas Rondbjerg,10.01,31.6,3.51,2.33,50,6,2,8,5,21,19,2,0.74,2.24,0.52,1,1,0,42
44,Jason Zucker,14.82,92.95,9.93,7.21,146,17,10,15,22,86,34,7,3.04,4.26,2.63,2,4,2,127
45,Troy Stecher,16.67,47.05,1.5,2.57,87,3,2,7,19,66,2,0,1.24,0.26,0.0,1,0,0,68
46,Sam Reinhart,17.76,199.41,30.51,16.19,325,82,18,37,43,137,94,35,4.9,11.76,13.85,3,13,17,266
47,Cale Fleury,12.99,1.35,0.03,0.08,4,0,0,0,0,2,0,0,0.03,0.0,0.0,0,0,0,2
48,Evander Kane,19.45,151.65,18.53,11.3,260,39,13,16,27,127,64,15,4.53,7.81,6.19,3,13,6,206
49,Adam Raska,8.06,4.16,0.76,0.28,7,0,0,0,2,3,2,1,0.13,0.31,0.32,0,0,0,6
50,Anthony Mantha,15.17,78.71,9.18,5.65,132,23,5,13,13,66,24,14,2.28,2.94,3.97,2,2,5,104
51,Zack Kassian,11.78,62.5,7.31,4.5,103,19,5,13,22,50,28,6,1.86,3.7,1.74,1,3,2,84
52,Marc McLaughlin,10.49,12.27,1.34,0.95,19,3,1,2,4,9,6,1,0.29,0.84,0.2,0,2,1,16
53,Andy Andreoff,9.99,5.52,0.3,0.27,9,1,0,1,3,7,1,0,0.21,0.09,0.0,1,0,0,8
54,Brandon Baddock,8.4,0.0,0.0,0.0,0,0,0,0,0,0,0,0,0.0,0.0,0.0,0,0,0,0
55,Nicolas Aube-Kubel,9.82,86.59,9.12,6.26,152,23,6,17,20,84,24,11,2.83,3.13,3.16,6,1,4,119
56,Jakub Zboril,15.73,10.77,0.8,0.63,20,3,0,1,4,13,1,1,0.33,0.1,0.36,0,0,0,15
57,Robin Salo,16.69,19.18,0.74,1.32,43,5,3,5,14,29,0,0,0.74,0.0,0.0,1,0,0,29
58,Nolan Foote,10.37,9.69,1.51,0.64,15,4,1,1,2,6,5,1,0.23,0.73,0.54,0,2,1,12
59,Jaycob Megna,19.12,34.64,1.29,1.96,84,8,4,18,23,48,2,1,0.84,0.25,0.2,1,1,0,51
60,Joel Farabee,17.59,115.35,14.19,8.46,208,34,5,25,22,95,40,19,2.94,5.25,6.0,5,6,6,154
61,Miro Heiskanen,24.89,152.48,9.92,10.15,312,36,16,45,84,186,26,6,4.62,3.34,1.96,0,5,0,218
62,Mitchell Stephens,11.18,19.24,1.28,1.2,38,6,4,5,7,23,2,1,0.65,0.35,0.28,0,0,0,26
63,Zach Werenski,25.66,220.11,13.65,14.45,428,48,13,39,39,273,32,8,7.13,3.41,3.1,7,2,2,313
64,Nathan Bastian,11.91,107.88,15.08,8.56,165,18,7,13,15,78,47,20,2.52,5.93,6.64,1,4,7,145
65,J.J. Moser,18.69,43.58,2.89,3.06,99,15,4,10,24,59,3,3,1.69,0.36,0.83,2,0,2,65
66,Linus Hogberg,17.06,1.75,0.05,0.11,6,2,0,3,4,3,0,0,0.05,0.0,0.0,0,0,0,3
67,Brandon Hagel,16.36,120.55,17.92,8.6,223,44,7,53,33,100,48,18,3.4,5.48,9.04,5,10,10,166
68,Sean Monahan,14.06,109.6,11.08,8.75,197,23,9,32,28,99,44,8,3.4,5.55,2.13,0,6,2,151
69,Kevin Labanc,13.29,33.65,3.01,2.23,62,6,1,6,6,40,2,5,1.21,0.24,1.56,1,0,2,47
70,Andy Greene,17.41,56.92,1.83,3.38,126,10,2,14,45,85,0,1,1.61,0.0,0.22,2,0,0,86
71,William Karlsson,18.28,138.14,15.33,10.22,237,35,15,44,34,122,54,16,4.42,6.39,4.53,2,6,4,192
72,Robert Thomas,18.78,122.22,18.57,9.95,191,77,6,60,50,82,62,22,3.49,7.44,7.64,5,10,5,166
73,Morgan Geekie,12.61,102.04,9.72,7.43,189,22,3,25,26,100,35,7,3.57,4.16,1.99,3,3,1,142
74,David Pastrnak,18.6,312.42,31.08,21.8,560,77,16,36,77,323,89,26,10.4,10.73,9.96,11,19,10,438
75,Jonny Brodzinski,10.86,32.62,2.0,2.04,52,2,2,5,4,40,6,0,1.29,0.7,0.0,1,0,0,46
76,Curtis Lazar,11.99,90.84,10.13,6.41,147,16,7,17,11,77,36,11,2.95,4.41,2.77,3,2,3,124
77,Matias Maccelli,14.2,20.02,1.81,1.37,42,6,1,10,19,23,3,2,0.9,0.35,0.56,0,0,1,28
78,Ryan Graves,20.71,110.8,5.25,6.53,241,28,11,27,51,146,15,1,3.25,1.74,0.26,4,2,0,162
79,Juho Lammikko,12.28,69.65,8.52,4.6,118,15,6,17,9,55,24,13,1.56,2.91,4.05,1,3,3,92
80,Mark Scheifele,21.13,154.1,20.43,11.91,264,70,17,49,60,115,79,21,4.11,9.4,6.93,9,15,5,215
81,Kris Letang,25.78,189.16,9.69,11.6,403,68,15,59,79,255,12,5,6.42,1.37,1.91,4,3,3,272
82,Noah Hanifin,21.31,191.46,8.4,11.89,397,48,14,38,62,266,11,4,5.41,1.3,1.7,7,0,3,281
83,Adam Fox,23.91,136.12,7.06,9.04,275,74,13,78,58,180,11,6,3.98,1.31,1.77,6,3,2,197
84,John Marino,20.64,89.01,4.35,5.62,191,25,6,43,35,117,11,1,2.83,1.24,0.28,0,1,0,129
85,Sam Steel,12.31,64.88,6.86,4.67,125,20,5,18,20,58,25,6,2.06,2.99,1.81,1,3,2,89
86,Tanner Jeannot,15.99,128.62,17.98,9.93,215,41,10,32,32,98,65,17,3.79,7.53,6.67,5,11,8,180
87,Mike Hoffman,17.04,152.56,14.98,10.03,285,35,19,32,46,158,31,18,4.38,4.02,6.59,7,1,7,207
88,Nick Holden,19.85,80.09,3.5,4.65,169,19,7,16,48,109,8,1,2.33,0.84,0.32,4,1,0,118
89,Henrik Borgstrom,10.52,41.53,5.02,3.04,85,7,3,22,8,42,8,7,1.45,1.03,2.54,0,1,3,57
90,Danny O'Regan,10.06,1.6,0.26,0.13,6,1,0,1,0,1,0,1,0.02,0.0,0.24,0,0,0,2
91,Corey Schueneman,16.6,32.1,1.41,1.91,65,6,2,6,13,44,3,0,1.09,0.32,0.0,2,0,0,47
92,Dmitrij Jaskin,14.78,23.66,2.15,1.83,43,1,1,3,8,25,7,1,0.96,0.9,0.3,0,0,0,33
93,Zachary Hayes,10.88,1.39,0.04,0.07,6,0,0,0,3,2,0,0,0.04,0.0,0.0,0,0,0,2
94,Josiah Slavin,12.03,11.44,1.14,0.89,23,1,2,4,3,11,5,0,0.48,0.66,0.0,0,0,0,16
95,John Carlson,23.81,191.6,11.71,12.4,388,71,14,42,55,251,18,9,5.65,2.3,3.76,11,1,5,278
96,Grigori Denisenko,15.5,2.35,0.27,0.19,3,0,0,0,0,2,1,0,0.14,0.13,0.0,0,0,0,3
97,Carl Hagelin,14.24,71.17,7.39,4.83,117,14,4,14,15,66,23,7,1.76,2.84,2.79,1,1,1,96
98,Bobby Brink,15.45,19.68,2.14,1.5,31,4,2,1,4,15,9,2,0.57,1.1,0.46,0,0,0,26
99,Casey Cizikas,13.75,95.44,9.78,6.76,147,16,8,33,32,81,38,9,2.81,4.34,2.63,2,6,2,128
100,Stefan Matteau,3.65,0.0,0.0,0.0,0,0,0,0,0,0,0,0,0.0,0.0,0.0,0,0,0,0
101,Filip Hronek,22.03,132.45,7.46,7.88,280,38,8,16,46,172,14,5,3.79,1.59,2.08,3,0,2,191
102,Barclay Goodrow,16.71,111.7,15.93,8.25,182,33,11,39,37,95,42,20,3.46,5.13,7.34,3,6,4,157
103,Wade Allison,8.27,1.6,0.14,0.13,2,0,0,1,1,2,0,0,0.14,0.0,0.0,0,0,0,2
104,Jake Evans,15.6,111.69,11.11,8.14,195,29,5,39,33,105,41,9,3.76,5.04,2.31,6,5,2,155
105,Beck Malenstyn,9.04,10.33,0.92,0.89,17,1,0,2,1,11,4,0,0.36,0.56,0.0,0,1,0,15
106,Sean Walker,18.37,15.01,1.04,0.94,32,2,2,1,1,20,0,2,0.44,0.0,0.6,0,0,0,22
107,Patrick Brown,12.43,51.68,4.92,3.57,83,9,4,9,14,49,15,5,1.57,1.83,1.52,0,3,1,69
108,Alex Goligoski,18.93,72.97,3.56,4.36,173,30,7,6,31,104,2,2,2.6,0.18,0.79,2,0,0,108
109,Quinn Hughes,25.23,136.23,6.36,9.58,342,68,12,41,42,186,12,4,3.84,1.3,1.22,5,2,1,202
110,Danton Heinen,12.71,137.47,16.93,9.81,217,33,9,36,24,114,47,22,4.35,5.63,6.95,6,6,6,183
111,Phillip Danault,18.13,194.56,25.97,15.35,299,51,21,22,29,145,80,35,4.98,10.12,10.87,2,9,16,260
112,Alexander Holtz,12.27,12.64,0.94,0.95,23,2,0,5,1,13,4,0,0.47,0.47,0.0,0,0,0,17
113,Brett Murray,12.99,16.98,2.7,1.39,25,6,6,4,5,10,8,4,0.42,0.95,1.33,0,0,2,22
114,Marcus Pettersson,15.66,91.25,3.24,5.39,189,19,6,17,14,133,2,1,2.7,0.27,0.27,2,0,0,136
115,Jacob Moverare,16.34,11.04,0.31,0.62,28,2,0,1,3,17,0,0,0.31,0.0,0.0,0,0,0,17
116,Zach Parise,15.28,131.77,16.98,9.64,203,35,12,27,25,116,47,17,4.4,5.69,6.89,5,5,5,180
117,Boone Jenner,20.46,161.33,21.51,12.38,266,44,9,33,29,138,57,26,4.42,7.15,9.94,2,7,14,221
118,Jacob Middleton,18.68,65.24,3.94,3.96,124,14,5,27,19,85,10,1,2.06,1.16,0.72,2,1,1,96
119,Connor Dewar,9.9,43.34,3.54,2.88,81,6,3,9,6,47,10,2,1.79,1.31,0.43,2,0,0,59
120,Nick Seeler,13.08,32.25,1.21,1.99,67,3,1,4,17,46,2,0,0.96,0.26,0.0,1,0,0,48
121,Evgeny Kuznetsov,20.28,214.66,23.03,15.86,345,78,11,54,51,206,64,19,6.45,7.87,8.71,9,6,9,289
122,Frank Vatrano,13.16,154.54,13.97,9.57,266,32,12,22,27,150,50,9,5.07,5.96,2.94,8,6,4,209
123,Cody Eakin,13.59,68.44,5.38,4.17,117,12,4,22,20,70,21,3,2.05,2.42,0.91,1,2,1,94
124,Evan Rodrigues,15.84,224.4,22.84,15.4,393,43,17,33,32,218,70,22,6.4,8.36,8.07,7,8,4,310
125,Hayden Hodgson,13.2,9.69,1.65,0.74,14,3,1,1,0,6,5,2,0.24,0.77,0.63,0,0,1,13
126,Vinni Lettieri,12.52,51.35,4.25,3.63,86,10,5,6,10,55,14,2,1.71,2.0,0.53,3,2,0,71
127,Rasmus Kupari,11.8,62.38,5.26,4.47,99,13,5,10,19,62,18,5,1.89,2.09,1.28,1,2,2,85
128,Mackenzie MacEachern,7.97,12.84,1.47,1.03,19,2,3,7,2,9,5,2,0.39,0.62,0.46,0,0,0,16
129,Nino Niederreiter,14.84,153.57,23.55,11.96,243,44,25,21,51,108,64,34,3.62,8.2,11.74,4,12,8,206
130,Ryan O'Reilly,19.08,157.29,23.2,12.41,252,58,11,50,26,119,73,23,4.46,9.28,9.46,4,9,8,215
131,Radek Faksa,15.77,94.87,11.9,6.81,150,19,14,27,27,81,31,18,2.63,3.33,5.94,0,2,3,130
132,Michael Pezzetta,7.84,47.64,5.45,3.31,77,11,4,4,24,41,17,7,1.24,1.97,2.25,1,2,2,65
133,Conor Sheary,15.29,132.04,15.88,9.63,214,43,5,38,12,124,41,17,4.38,4.95,6.56,6,6,7,182
134,Axel Jonsson-Fjallby,11.18,28.6,2.29,1.87,47,4,4,3,5,29,8,2,0.84,0.97,0.48,2,0,0,39
135,Christian Fischer,13.11,73.32,8.4,5.31,123,10,7,17,24,64,20,11,2.0,2.71,3.69,2,1,2,95
136,Alex DeBrincat,20.86,259.84,31.16,17.59,470,78,18,67,47,245,81,28,9.27,9.24,12.66,13,13,15,354
137,Michael Rasmussen,14.52,130.09,16.63,10.42,195,27,18,29,16,101,57,15,3.71,7.01,5.91,4,6,5,173
138,Morgan Frost,13.92,80.86,8.46,5.72,152,16,14,27,22,76,25,10,2.16,3.01,3.3,0,2,3,111
139,Ben Hutton,15.47,69.82,2.58,4.03,166,13,4,16,19,99,3,1,1.86,0.43,0.3,3,0,0,103
140,Kirill Semyonov,10.04,2.16,0.07,0.11,4,0,0,0,1,3,0,0,0.07,0.0,0.0,0,0,0,3
141,Matt Duchene,19.01,231.7,34.82,18.26,383,86,14,31,77,186,93,39,7.45,11.04,16.34,12,13,18,318
142,Jesper Fast,14.81,101.23,15.65,7.79,171,34,6,17,26,69,54,19,2.58,6.9,6.17,6,6,2,142
143,Ryan MacInnis,10.0,1.4,0.1,0.09,2,0,0,0,0,2,0,0,0.1,0.0,0.0,0,0,0,2
144,Anze Kopitar,20.77,204.32,20.76,14.78,353,67,15,48,30,188,73,19,6.5,8.56,5.71,7,6,6,280
145,Zemgus Girgensons,14.79,85.32,8.89,6.22,145,18,6,24,10,84,28,8,2.94,3.53,2.42,4,4,2,120
146,Adam Ruzicka,10.22,32.59,3.18,2.34,58,10,2,6,11,32,10,3,1.06,1.29,0.84,1,3,1,45
147,Nick Jensen,19.35,96.45,3.97,5.42,204,21,3,23,44,131,8,2,2.46,1.0,0.51,3,2,0,141
148,Dmitry Orlov,20.96,123.45,7.39,7.13,238,35,11,37,44,157,12,5,3.56,1.35,2.49,8,1,3,174
149,Steven Fogarty,10.3,1.5,0.14,0.11,2,0,0,1,1,1,1,0,0.06,0.09,0.0,0,0,0,2
150,Carl Dahlstrom,13.65,2.61,0.05,0.15,5,2,1,2,3,4,0,0,0.05,0.0,0.0,0,0,0,4
151,Casey Mittelstadt,16.12,72.34,6.96,4.98,120,19,2,13,17,72,18,9,2.13,2.16,2.67,1,3,2,99
152,Karson Kuhlman,11.9,69.16,7.34,4.99,116,10,4,12,10,60,25,7,2.08,3.27,1.99,0,2,1,92
153,Michael McCarron,10.39,47.18,5.84,3.73,84,14,2,14,19,41,21,5,1.81,2.56,1.47,2,5,0,67
154,Pierre-Luc Dubois,18.92,242.34,35.25,20.77,393,60,18,22,42,175,113,41,6.89,14.17,14.18,4,10,14,329
155,Dakota Joshua,8.49,31.23,4.37,2.77,49,8,6,7,8,17,20,4,0.91,2.45,1.01,1,1,1,41
156,Frederick Gaudreau,16.31,130.47,12.23,9.28,227,44,10,38,25,119,53,7,3.75,6.53,1.96,6,6,2,179
157,Glenn Gawdin,9.24,2.02,0.07,0.12,4,0,0,0,1,3,0,0,0.07,0.0,0.0,0,0,0,3
158,Cole Reinhardt,8.58,0.72,0.03,0.05,1,0,0,0,1,1,0,0,0.03,0.0,0.0,0,0,0,1
159,Nils Lundkvist,13.93,29.61,0.76,1.74,59,4,2,3,15,42,1,0,0.68,0.08,0.0,1,0,0,43
160,Nathan Smith,14.15,13.37,1.72,1.02,22,4,2,1,12,10,5,3,0.36,0.61,0.76,0,2,0,18
161,Paul Byron,12.6,28.91,3.55,2.2,43,7,5,9,15,19,15,3,0.68,2.19,0.69,1,2,1,37
162,Gemel Smith,7.21,0.74,0.01,0.03,1,0,0,0,0,1,0,0,0.01,0.0,0.0,0,0,0,1
163,Jansen Harkins,9.48,71.79,6.43,4.91,142,13,2,26,24,71,26,3,2.2,3.47,0.75,3,3,1,100
164,David Gustafsson,2.47,0.0,0.0,0.0,0,0,0,1,0,0,0,0,0.0,0.0,0.0,0,0,0,0
165,Carter Rowney,10.67,15.09,2.7,1.04,27,6,3,4,5,12,6,3,0.4,0.77,1.53,1,1,2,21
166,Anton Stralman,21.34,84.51,4.21,4.97,181,23,7,32,28,108,10,3,2.09,1.29,0.83,4,4,0,121
167,Michael Amadio,12.16,62.44,7.1,4.34,109,18,4,26,11,53,23,7,1.77,3.0,2.33,3,4,4,83
168,Andre Burakovsky,16.26,155.93,14.8,10.76,313,61,12,28,39,165,38,12,5.79,4.34,4.68,13,5,4,215
169,Rasmus Sandin,16.96,52.82,3.09,3.54,122,16,3,18,24,66,7,3,1.64,0.72,0.72,2,2,1,76
170,Benoit-Olivier Groulx,10.99,16.07,2.19,1.02,31,3,2,4,3,13,7,1,0.41,0.91,0.86,0,0,1,21
171,Mark Borowiecki,13.12,47.36,1.69,2.51,91,4,1,7,14,64,3,0,1.37,0.31,0.0,0,0,0,67
172,Josh Brown,14.22,42.62,1.13,2.19,87,6,3,9,22,62,1,0,1.01,0.13,0.0,0,0,0,63
173,Ronnie Attard,16.59,19.38,1.05,1.31,45,4,2,6,9,26,1,1,0.7,0.1,0.26,2,0,0,28
174,Andrei Svechnikov,17.26,269.91,31.74,18.69,467,69,29,44,72,248,77,38,8.17,8.88,14.69,9,5,16,363
175,Michael Raffl,14.54,94.03,10.08,6.48,151,16,5,36,36,80,36,11,2.57,4.66,2.85,2,2,3,127
176,Pavel Zacha,16.85,153.6,18.47,10.55,264,36,7,33,40,136,58,17,5.49,6.81,6.17,5,3,7,211
177,Eeli Tolvanen,13.43,149.37,13.98,9.97,266,23,8,15,21,155,42,12,5.63,4.69,3.66,4,3,4,209
178,Chandler Stephenson,19.3,119.07,18.07,8.61,195,64,9,40,32,94,40,24,3.26,5.38,9.43,5,7,9,158
179,Brian Boyle,10.79,82.53,8.03,5.6,122,21,6,20,10,68,32,9,1.78,3.8,2.44,1,9,1,109
180,John Leonard,11.28,23.19,1.02,1.34,36,2,1,1,5,30,2,0,0.83,0.19,0.0,0,1,0,32
181,Derek Ryan,11.43,67.67,8.93,4.88,118,22,5,26,15,56,26,13,1.86,3.17,3.9,2,4,4,95
182,Marian Studenic,11.15,42.69,5.18,2.91,72,4,3,13,10,36,13,8,1.3,1.58,2.3,0,1,1,57
183,Colton White,13.25,21.09,0.89,1.18,45,4,4,1,10,27,3,0,0.56,0.33,0.0,0,0,0,30
184,Greg Pateryn,14.12,15.03,0.51,0.72,23,2,2,0,3,21,0,0,0.51,0.0,0.0,1,0,0,21
185,Jaden Schwartz,18.46,98.05,8.92,8.07,168,23,5,28,16,99,37,4,3.25,4.55,1.13,2,5,1,140
186,Pierre-Olivier Joseph,18.23,6.33,0.37,0.38,13,0,1,5,1,8,0,1,0.16,0.0,0.21,0,0,0,9
187,Josh Archibald,9.04,4.25,0.31,0.21,9,1,0,3,1,5,1,0,0.2,0.11,0.0,0,0,0,6
188,Jack Rathbone,13.82,10.89,0.47,0.67,22,0,0,2,4,15,1,0,0.39,0.08,0.0,0,0,0,16
189,Jonathan Huberdeau,19.44,208.47,27.52,16.0,344,115,23,63,85,160,85,35,5.04,10.35,12.12,6,13,11,280
190,Dylan Coghlan,14.2,106.11,4.7,6.16,218,13,9,20,28,150,4,3,3.2,0.41,1.09,1,0,2,157
191,Reilly Walsh,14.38,1.41,0.02,0.05,3,1,0,0,1,2,0,0,0.02,0.0,0.0,0,0,0,2
192,Jacob Larsson,15.27,4.6,0.12,0.25,8,1,0,0,3,7,0,0,0.12,0.0,0.0,0,0,0,7
193,Joel Edmundson,19.58,27.88,1.18,1.69,59,6,2,5,27,38,3,0,0.82,0.36,0.0,2,1,0,41
194,Tyler Toffoli,16.3,187.88,20.81,13.02,329,49,8,27,35,181,57,20,5.35,7.18,8.27,4,9,7,258
195,Anthony Greco,9.73,3.84,0.61,0.35,5,0,2,0,1,2,2,1,0.09,0.18,0.34,0,0,0,5
196,Dustin Brown,14.74,145.47,14.71,10.82,238,28,10,13,19,140,41,15,3.99,5.27,5.45,3,3,3,196
197,Noah Dobson,21.46,182.14,8.91,12.14,401,51,14,27,82,254,10,5,5.61,1.18,2.13,9,2,2,269
198,Ville Heinola,14.89,22.62,1.04,1.3,44,5,2,5,5,30,3,0,0.71,0.33,0.0,0,0,0,33
199,Josh Bailey,16.89,82.88,10.39,5.93,156,44,8,31,43,74,31,10,2.96,3.77,3.65,4,5,5,115
200,Derek Grant,14.31,113.76,13.94,8.1,193,29,6,21,17,96,42,17,2.54,5.11,6.29,2,6,7,155
201,Cam York,19.08,30.23,1.27,2.2,72,10,4,5,12,42,4,0,0.88,0.39,0.0,2,1,0,46
202,Ryan Pulock,21.14,106.34,5.85,6.69,226,21,7,15,33,147,7,5,2.86,0.81,2.18,3,0,2,159
203,Erik Brannstrom,19.77,78.54,3.73,4.89,168,14,8,10,36,107,6,2,2.41,0.77,0.55,0,0,0,115
204,Jujhar Khaira,13.6,28.96,2.77,1.97,51,3,1,2,2,26,10,3,0.87,1.11,0.8,1,1,1,39
205,Hampus Lindholm,22.51,136.19,6.28,8.29,275,27,6,35,47,187,10,4,3.93,1.3,1.05,4,0,1,201
206,Alex Formenton,15.45,158.04,22.6,11.73,256,32,17,44,25,105,76,28,3.83,9.52,9.24,4,7,7,209
207,Andrew Mangiapane,15.73,172.26,26.63,13.29,300,55,14,52,42,121,87,27,4.93,10.49,11.21,2,16,17,235
208,P.K. Subban,18.3,114.04,4.41,7.12,264,22,7,23,51,165,6,1,3.38,0.74,0.29,5,0,0,172
209,Matty Beniers,16.94,19.02,2.5,1.28,36,9,1,6,5,19,5,2,0.44,0.69,1.38,0,1,2,26
210,Alexander True,8.25,4.32,0.32,0.26,7,0,0,1,1,4,2,0,0.09,0.23,0.0,0,0,0,6
211,Jeremy Lauzon,17.67,68.18,2.87,4.04,151,7,3,10,24,94,4,2,1.94,0.51,0.42,1,0,1,100
212,Anthony Beauvillier,16.83,147.74,16.05,10.9,252,34,17,36,54,148,36,17,5.79,4.34,5.93,2,3,7,201
213,Alex Turcotte,11.25,12.94,1.2,1.0,19,0,3,3,3,11,4,1,0.41,0.52,0.27,0,0,0,16
214,Timo Meier,19.16,322.18,31.03,22.9,573,76,26,49,53,329,91,28,11.4,10.77,8.87,17,9,9,448
215,Mason Appleton,14.89,96.5,11.27,6.71,171,21,6,15,13,91,31,14,2.8,3.93,4.55,3,1,4,136
216,Zach Aston-Reese,13.04,73.71,8.18,5.1,130,15,8,19,10,66,28,8,2.0,3.26,2.91,0,2,3,102
217,Ryan Getzlaf,18.96,102.81,8.4,7.04,192,37,7,35,67,117,26,5,3.52,2.89,1.99,2,0,1,148
218,Jordan Gross,8.32,0.0,0.0,0.0,0,0,0,0,0,0,0,0,0.0,0.0,0.0,0,0,0,0
219,Fredrik Claesson,9.86,4.62,0.1,0.29,11,0,1,1,3,7,0,0,0.1,0.0,0.0,0,0,0,7
220,Jack Johnson,16.72,65.34,2.58,3.82,149,14,5,12,25,93,1,3,1.75,0.11,0.71,0,0,2,97
221,Brayden Tracey,9.35,0.72,0.14,0.06,1,0,0,0,0,0,1,0,0.0,0.14,0.0,0,0,0,1
222,Bryan Rust,18.77,184.69,25.45,15.4,302,58,14,22,36,153,70,29,5.4,8.86,11.19,2,12,10,252
223,Nic Dowd,14.26,82.81,9.61,6.16,135,24,8,28,14,76,22,15,2.62,2.75,4.25,3,3,4,113
224,Adam Boqvist,17.05,65.53,4.9,4.46,130,22,4,11,28,75,10,6,1.9,1.14,1.85,4,3,4,91
225,Jalen Chatfield,14.79,25.49,1.05,1.42,51,3,2,6,3,34,1,1,0.77,0.08,0.2,0,0,0,36
226,C.J. Smith,9.37,1.51,0.1,0.06,2,0,0,0,2,1,1,0,0.01,0.09,0.0,0,0,0,2
227,Jordan Staal,16.63,148.94,22.38,11.62,234,36,17,34,51,117,59,31,4.95,7.33,10.1,5,3,9,207
228,Andrew Cogliano,12.67,73.94,7.49,4.51,128,16,4,29,23,76,20,8,2.36,2.27,2.86,1,1,2,104
229,Kevin Bahl,15.75,14.85,0.46,0.82,30,4,1,4,3,22,0,0,0.46,0.0,0.0,1,0,0,22
230,Janne Kuokkanen,13.49,62.71,6.47,4.3,109,17,6,26,11,57,28,4,2.18,3.2,1.1,1,3,2,89
231,Roman Josi,25.55,265.2,18.23,17.59,563,96,22,48,71,344,28,13,9.06,3.46,5.71,11,5,7,385
232,Isaak Phillips,12.34,3.47,0.07,0.18,6,0,1,2,4,5,0,0,0.07,0.0,0.0,0,0,0,5
233,Radko Gudas,18.02,98.43,4.09,5.5,222,16,6,28,57,137,4,3,2.75,0.49,0.86,3,0,0,144
234,Kyle Rau,8.82,2.25,0.04,0.09,5,0,0,0,0,3,0,0,0.04,0.0,0.0,0,0,0,3
235,Robert Bortuzzo,13.74,46.31,2.59,2.96,87,6,3,8,20,59,8,1,1.48,0.88,0.22,1,0,0,68
236,Jared Spurgeon,21.15,106.96,5.8,7.11,234,40,8,13,14,144,12,1,3.99,1.38,0.43,8,2,0,157
237,Kyle Okposo,16.78,169.6,13.52,11.79,304,45,8,24,34,192,41,8,6.1,4.78,2.64,8,9,4,241
238,Nikita Okhotiuk,15.21,4.78,0.17,0.26,13,2,0,1,2,7,0,0,0.17,0.0,0.0,1,0,0,7
239,Kevin Shattenkirk,21.42,150.54,7.01,8.73,295,35,7,38,58,198,12,4,4.51,1.36,1.14,6,1,1,214
240,Vladislav Gavrikov,22.29,100.66,7.88,5.73,204,33,8,22,34,122,15,8,2.66,1.86,3.36,2,0,3,145
241,Riley Stillman,15.06,49.8,1.93,2.94,117,12,1,11,29,69,4,0,1.45,0.48,0.0,1,1,0,73
242,Anthony Cirelli,18.31,150.18,18.23,11.37,260,43,12,60,13,122,57,23,4.56,7.28,6.39,1,9,7,202
243,Ben Meyers,9.95,8.86,0.98,0.68,12,1,1,1,0,5,6,0,0.16,0.83,0.0,0,1,0,11
244,Dryden Hunt,12.29,101.14,11.7,7.62,177,17,9,21,20,93,39,10,3.19,4.83,3.69,1,3,2,142
245,Jared McCann,16.14,208.34,21.8,15.16,353,50,15,43,37,206,60,21,6.47,7.28,8.05,11,10,6,287
246,Aliaksei Protas,11.83,32.51,4.35,2.78,61,9,6,8,15,22,16,6,0.94,1.89,1.51,2,0,1,44
247,Walker Duehr,8.78,0.0,0.0,0.0,1,0,0,0,0,0,0,0,0.0,0.0,0.0,0,0,0,0
248,Loui Eriksson,12.92,76.23,7.24,5.14,122,19,8,22,26,67,33,4,2.14,3.93,1.18,1,1,1,104
249,Justin Schultz,16.92,94.66,5.11,6.32,205,23,10,13,25,125,9,3,3.13,1.11,0.87,2,1,1,137
250,Fredrik Karlstrom,6.2,0.93,0.21,0.09,1,1,1,0,2,0,0,1,0.0,0.0,0.21,0,0,0,1
251,Dylan Gambrell,12.14,65.72,7.57,4.48,102,7,4,11,13,61,19,10,2.26,2.21,3.1,0,2,1,90
252,Samuel Fagemo,13.72,4.61,0.54,0.37,11,0,0,2,1,4,1,1,0.23,0.1,0.21,0,0,0,6
253,Yanni Gourde,18.48,132.77,15.36,9.6,246,48,5,54,38,117,53,16,3.95,6.5,4.9,9,9,3,186
254,Mikhail Maltsev,8.07,21.76,1.68,1.36,38,0,2,7,1,23,6,1,0.65,0.69,0.34,0,0,0,30
255,Adam Gaudette,11.32,93.09,8.19,6.27,162,14,4,21,17,94,24,8,3.31,2.76,2.12,0,3,2,126
256,Josh Norris,18.58,182.15,26.17,13.4,319,55,13,24,32,140,76,30,4.56,9.65,11.95,5,13,17,246
257,Nic Petan,10.29,21.07,1.89,1.52,41,2,3,7,6,25,2,3,0.8,0.24,0.85,0,0,0,30
258,Brendan Lemieux,10.75,73.08,7.31,5.32,132,13,3,11,17,70,26,6,2.74,3.13,1.44,1,4,3,102
259,Lukas Vejdemo,10.64,8.18,1.35,0.56,11,1,0,4,3,6,3,2,0.18,0.34,0.82,0,0,1,11
260,Rasmus Asplund,14.28,126.52,14.42,8.48,192,27,11,21,23,125,31,18,4.26,3.62,6.54,1,1,6,174
261,Joseph Cramarossa,6.92,0.74,0.07,0.05,1,1,0,1,0,1,0,0,0.07,0.0,0.0,0,0,0,1
262,Tyler Seguin,17.82,203.96,22.88,13.5,345,49,10,26,48,182,78,20,5.42,9.88,7.57,2,12,10,280
263,Gustav Lindstrom,16.12,34.72,1.3,1.97,79,13,5,9,23,49,2,0,1.0,0.3,0.0,1,0,0,51
264,Kirill Kaprizov,19.11,289.14,31.19,20.64,515,108,19,57,72,286,82,32,9.62,9.68,11.89,21,13,13,400
265,Clark Bishop,8.34,10.75,0.89,0.81,22,1,1,0,2,12,3,1,0.33,0.34,0.23,0,0,0,16
266,Ivan Barbashev,16.44,112.04,18.55,8.8,188,60,10,44,46,72,57,21,2.72,7.3,8.53,6,9,11,150
267,Erik Gustafsson,16.22,76.41,3.17,5.05,173,18,4,10,39,107,5,1,2.26,0.58,0.33,2,0,1,113
268,Zach Whitecloud,18.8,90.48,4.18,5.49,188,19,7,13,26,124,7,3,2.46,0.86,0.86,6,2,0,134
269,Jeff Skinner,17.1,241.3,29.39,19.73,406,63,17,51,52,201,100,30,7.07,12.27,10.04,12,9,12,331
270,Tim Gettinger,9.46,3.56,0.22,0.19,6,0,0,0,1,4,1,0,0.13,0.09,0.0,0,0,0,5
271,Luke Witkowski,9.3,0.0,0.0,0.0,0,0,0,0,0,0,0,0,0.0,0.0,0.0,0,0,0,0
272,Artemi Panarin,19.22,189.57,17.7,12.67,370,96,12,56,71,222,27,16,6.72,3.18,7.81,8,5,9,265
273,Jackson Cates,9.08,8.16,0.55,0.5,13,1,0,2,0,9,2,0,0.33,0.23,0.0,1,0,0,11
274,Ilya Mikheyev,15.26,136.21,17.15,10.23,205,32,8,24,26,111,52,16,4.17,6.71,6.28,6,9,6,179
275,Jonathan Drouin,17.09,63.79,4.64,4.38,104,20,3,6,18,67,19,1,1.91,2.5,0.23,1,5,0,87
276,Seth Jones,26.36,142.81,7.08,9.06,300,45,9,25,59,188,17,3,4.33,1.94,0.8,4,1,0,208
277,Thomas Novak,11.79,26.05,2.67,1.71,47,7,1,14,5,30,5,2,1.24,0.54,0.89,0,0,1,37
278,Nick Cousins,12.47,101.23,11.08,7.6,171,22,9,16,23,94,42,7,2.97,5.24,2.88,2,5,2,143
279,Sebastian Aho,16.46,35.02,1.81,2.32,76,12,2,8,27,49,1,1,1.28,0.18,0.35,1,0,1,51
280,Michael Sgarbossa,9.9,9.47,1.78,0.64,14,4,1,1,3,6,4,3,0.15,0.52,1.11,0,1,1,13
281,Alex Pietrangelo,24.64,213.14,12.68,13.42,456,44,16,93,56,286,18,7,6.9,2.1,3.67,7,2,4,311
282,Mason McTavish,13.08,11.23,1.65,0.76,16,3,0,2,0,7,5,3,0.26,0.63,0.75,0,0,2,15
283,Turner Elson,13.38,1.31,0.02,0.08,2,0,0,0,0,2,0,0,0.02,0.0,0.0,0,0,0,2
284,Nolan Patrick,11.51,33.0,3.43,2.49,51,7,3,13,10,29,10,4,1.1,1.2,1.13,0,1,1,43
285,Riley Tufte,7.2,5.57,0.59,0.4,8,1,0,1,3,4,3,0,0.15,0.43,0.0,0,1,0,7
286,John Hayden,10.85,61.07,5.36,4.13,103,4,3,12,10,60,20,3,2.14,2.53,0.69,0,1,1,83
287,Tyler Motte,14.01,106.5,9.83,6.62,178,15,4,29,18,107,29,8,3.52,3.46,2.84,0,3,4,144
288,Jack Drury,15.96,4.69,0.84,0.37,8,2,1,2,2,2,3,1,0.1,0.36,0.38,0,1,1,6
289,Pius Suter,16.92,162.74,21.66,12.45,267,36,14,46,36,119,64,33,4.26,7.79,9.6,6,5,4,216
290,James van Riemsdyk,16.11,187.87,28.0,15.91,285,38,24,30,29,141,68,36,4.75,8.83,14.42,5,8,11,245
291,Ben Chiarot,22.85,124.85,6.13,7.03,268,26,12,20,69,161,11,5,3.32,1.33,1.48,4,4,1,177
292,Mathieu Olivier,10.1,5.91,0.44,0.44,11,1,1,3,2,6,2,0,0.22,0.22,0.0,0,0,0,8
293,Connor Murphy,21.76,64.11,2.04,3.71,150,10,4,19,47,96,2,0,1.85,0.2,0.0,2,2,0,98
294,Jesperi Kotkaniemi,12.02,82.27,9.22,6.27,146,29,7,25,21,60,43,8,1.97,5.1,2.15,3,6,3,111
295,Michal Kempny,15.84,13.51,0.51,0.79,40,2,3,1,6,19,1,0,0.39,0.12,0.0,1,0,0,20
296,Rasmus Dahlin,24.01,149.39,7.68,10.12,321,53,6,27,51,210,9,4,4.58,1.23,1.87,10,2,1,223
297,Lias Andersson,10.62,26.19,2.91,1.88,38,2,5,2,5,20,10,3,0.55,1.4,0.96,0,1,0,33
298,Matt Dumba,23.11,104.37,6.83,6.96,251,27,11,15,26,132,16,6,3.17,1.82,1.83,2,4,1,154
299,Mikey Anderson,20.11,58.78,3.09,3.69,133,8,2,10,26,77,6,2,1.75,0.92,0.42,1,0,1,85
300,Cam Atkinson,18.25,204.74,24.76,14.93,331,50,26,37,28,166,78,29,5.44,10.07,9.25,7,9,7,273
301,Mark Giordano,20.88,148.36,5.76,9.8,348,35,10,19,49,212,7,2,4.31,0.86,0.59,6,0,2,221
302,Nick Leddy,21.42,70.54,2.71,4.46,138,24,4,30,33,98,6,0,2.01,0.71,0.0,3,0,0,104
303,Kailer Yamamoto,16.87,114.38,18.74,9.21,188,41,7,34,38,70,58,27,3.17,7.2,8.37,4,9,7,155
304,Teuvo Teravainen,17.7,192.04,18.95,12.55,326,65,16,34,52,189,60,15,6.06,7.35,5.55,4,14,4,264
305,Tyler Johnson,12.64,31.13,3.24,2.39,56,8,3,7,3,31,12,2,1.07,1.57,0.6,2,1,0,45
306,Mattias Ekholm,23.48,144.95,9.22,9.37,311,31,13,29,60,194,12,7,4.64,1.45,3.13,5,0,1,213
307,Ryan McLeod,12.76,83.53,8.39,5.76,143,21,5,39,41,66,39,6,2.45,4.29,1.65,2,6,1,111
308,Arthur Kaliyev,12.65,192.79,16.02,12.73,310,27,23,20,20,192,54,13,5.55,6.64,3.83,4,6,4,259
309,Tomas Nosek,13.36,94.38,10.24,6.64,156,17,3,27,22,84,34,10,3.21,3.94,3.08,0,3,0,128
310,Brandon Tanev,14.57,48.03,8.47,3.58,77,15,7,10,11,33,17,14,0.96,2.02,5.5,1,1,7,64
311,Lane Pederson,10.52,23.57,1.93,1.48,40,2,1,6,6,25,7,1,0.8,0.78,0.35,0,0,0,33
312,Jesse Puljujarvi,16.23,167.35,20.93,12.51,264,36,10,27,18,131,77,18,4.56,9.74,6.63,3,4,7,226
313,Kristian Vesalainen,8.67,36.27,3.06,2.29,64,3,4,5,8,37,8,4,0.98,1.1,0.98,0,1,1,49
314,JJ Peterka,16.13,2.77,0.18,0.19,6,0,0,2,0,4,0,0,0.18,0.0,0.0,0,0,0,4
315,Brett Leason,8.96,38.4,2.99,2.63,67,6,1,9,4,43,9,2,1.42,1.02,0.55,2,1,0,54
316,Devin Shore,9.56,38.77,4.07,2.61,65,11,4,15,8,32,16,4,1.02,1.84,1.21,0,4,1,52
317,Grant Hutton,14.19,19.63,1.13,1.21,43,1,1,2,5,26,1,2,0.56,0.1,0.48,1,0,0,29
318,Jordan Eberle,17.95,175.76,20.41,13.51,310,44,6,50,34,156,62,21,5.52,7.59,7.31,8,8,5,239
319,Cal Foote,13.13,51.46,2.29,2.96,112,9,1,4,15,70,4,1,1.37,0.46,0.46,0,1,1,75
320,Jack Roslovic,14.28,132.68,11.87,9.12,219,45,7,32,35,130,42,10,3.96,4.91,2.99,8,11,3,182
321,Morgan Barron,9.8,29.19,2.76,2.05,46,5,4,6,4,26,11,2,0.83,1.38,0.55,1,0,1,39
322,Victor Mete,14.62,29.81,1.59,1.75,55,7,0,7,18,37,4,1,0.8,0.35,0.45,0,0,0,42
323,Kyle Capobianco,16.0,42.73,2.29,2.66,85,9,5,16,31,57,3,2,1.35,0.32,0.63,1,0,1,62
324,Jack Hughes,19.57,164.97,18.2,11.72,296,56,11,49,60,144,65,14,5.49,7.75,4.95,6,12,8,223
325,Evgenii Dadonov,15.82,168.45,18.6,13.17,300,43,16,17,30,156,58,18,4.97,6.76,6.87,3,8,9,232
326,Brock Nelson,17.67,155.36,19.8,12.15,279,59,14,49,43,128,57,26,5.01,6.55,8.24,11,13,13,211
327,Jamie Oleksiak,19.33,87.87,5.96,5.94,176,17,10,32,51,111,10,7,2.54,1.33,2.09,1,0,0,128
328,Erik Cernak,19.15,86.22,2.91,5.06,176,13,5,21,17,122,5,0,2.4,0.51,0.0,1,0,0,127
329,Owen Power,22.09,8.06,0.54,0.52,17,3,0,6,4,7,4,0,0.17,0.37,0.0,0,2,0,11
330,Victor Soderstrom,16.32,13.47,0.5,0.72,31,0,0,1,6,18,1,0,0.37,0.12,0.0,0,0,0,19
331,Kevin Rooney,13.85,62.43,7.05,4.22,110,12,7,22,19,52,24,8,1.61,2.81,2.63,1,2,3,84
332,Zac Jones,15.17,10.13,0.4,0.64,17,2,2,15,12,13,1,0,0.25,0.15,0.0,0,0,0,14
333,Jani Hakanpaa,16.21,68.38,2.63,3.52,158,12,5,9,38,95,2,2,1.69,0.28,0.65,2,0,2,99
334,A.J. Greer,7.86,12.07,1.38,0.83,20,2,0,0,4,10,3,3,0.32,0.42,0.64,0,0,1,16
335,Chris Kreider,18.73,255.65,38.9,19.7,412,77,22,27,45,195,102,46,6.25,12.46,20.19,12,16,24,343
336,Cam Dineen,15.64,56.69,2.19,3.15,110,7,1,6,18,78,4,0,1.79,0.41,0.0,0,0,0,82
337,William Lagesson,12.58,26.0,0.78,1.5,70,5,3,5,21,39,0,0,0.78,0.0,0.0,0,0,0,39
338,Filip Hallander,5.87,0.0,0.0,0.0,0,0,0,0,0,0,0,0,0.0,0.0,0.0,0,0,0,0
339,Alex Chiasson,11.6,86.54,13.4,7.08,140,22,10,7,10,61,41,15,2.0,4.9,6.51,2,6,5,117
340,Ryan Carpenter,12.58,67.26,6.76,4.78,117,12,5,19,11,65,21,7,2.21,2.64,1.92,1,2,0,93
341,Ben Harpur,13.74,16.85,0.47,0.9,33,1,1,0,12,24,0,0,0.47,0.0,0.0,0,0,0,24
342,Mike Vecchione,5.1,2.5,0.33,0.2,3,0,1,0,0,1,2,0,0.05,0.27,0.0,0,0,0,3
343,Pavel Buchnevich,18.3,184.28,22.29,12.82,304,76,11,46,41,181,47,24,6.52,5.03,10.74,10,8,12,252
344,Mika Zibanejad,19.63,226.6,28.61,15.78,383,81,16,62,58,227,49,37,6.88,5.76,15.97,9,5,15,313
345,Libor Hajek,13.13,10.37,0.29,0.6,22,1,0,2,4,15,0,0,0.29,0.0,0.0,0,0,0,15
346,Ondrej Kase,13.99,118.13,13.71,8.08,205,27,4,28,16,105,35,18,3.41,4.28,6.02,2,5,7,158
347,Austin Czarnik,10.9,15.25,1.29,1.04,29,7,0,6,4,19,1,2,0.64,0.09,0.56,0,1,1,22
348,Alex Biega,13.12,2.26,0.03,0.08,4,0,0,0,1,3,0,0,0.03,0.0,0.0,0,0,0,3
349,Luke Glendening,14.12,122.1,15.24,8.61,193,16,7,17,14,91,58,18,3.1,6.89,5.26,1,6,2,167
350,Patrick Kane,21.82,264.47,21.26,18.6,514,92,6,42,49,300,54,17,8.93,6.12,6.21,12,7,7,371
351,Kyle Palmieri,15.62,161.51,18.03,12.11,267,33,11,16,20,139,57,19,4.57,7.67,5.78,7,5,3,215
352,Josh Anderson,17.23,166.2,18.71,12.49,283,32,13,33,31,149,58,19,4.89,6.85,6.98,5,6,8,226
353,Jordan Greenway,14.56,107.0,14.37,7.87,166,27,12,14,16,93,33,19,3.17,3.69,7.52,1,2,7,145
354,Adam Henrique,17.42,141.2,19.56,10.26,233,42,16,18,20,120,55,19,4.27,7.24,8.05,4,9,6,194
355,Justin Bailey,9.08,11.82,0.57,0.7,25,0,0,7,4,16,1,0,0.45,0.12,0.0,0,0,0,17
356,Justin Faulk,23.2,152.69,9.99,9.42,318,47,10,37,40,194,19,6,4.89,2.23,2.87,9,3,4,219
357,Christopher Tanev,20.45,89.94,3.21,4.65,180,28,8,29,57,124,4,1,2.32,0.55,0.34,4,2,0,129
358,Jordie Benn,14.98,35.55,1.36,2.08,77,8,2,6,15,51,3,0,1.05,0.31,0.0,0,1,0,54
359,Brandon Carlo,19.71,107.43,3.69,6.23,213,15,4,32,25,156,6,0,3.04,0.65,0.0,5,1,0,162
360,Quinton Byfield,12.16,45.99,5.56,3.67,77,10,3,15,14,33,26,4,1.25,3.25,1.06,3,1,1,63
361,Jonathan Dahlen,13.79,102.69,13.77,8.32,178,22,9,21,23,73,47,17,2.56,5.88,5.34,3,2,7,137
362,Vladimir Tarasenko,16.91,223.92,25.26,16.92,382,82,13,17,31,199,91,15,8.08,10.85,6.33,8,16,10,305
363,Kyle Clifford,8.8,26.57,2.12,1.72,44,4,2,5,5,28,6,2,0.89,0.75,0.48,1,0,0,36
364,Rickard Rakell,17.99,193.65,17.81,14.07,342,41,9,28,34,192,58,15,6.3,6.81,4.7,5,9,6,265
365,Milan Lucic,12.26,99.19,11.68,7.34,171,21,8,20,41,103,24,12,3.61,3.17,4.9,4,4,2,139
366,Adam Lowry,15.48,118.6,18.35,9.05,194,21,14,39,23,79,61,23,2.85,8.17,7.32,3,6,4,163
367,Alexandre Carrier,20.98,91.22,5.57,6.02,188,30,8,27,39,117,16,2,2.95,1.8,0.82,1,1,1,135
368,Gabriel Carlsson,12.27,15.02,0.68,0.87,38,9,1,7,4,20,2,0,0.47,0.21,0.0,2,0,0,22
369,Haydn Fleury,16.08,53.5,2.81,3.16,118,4,4,7,19,71,5,2,1.23,0.58,1.0,1,0,1,78
370,Mario Ferraro,23.0,52.85,2.32,3.18,108,14,2,31,35,72,5,0,1.71,0.61,0.0,1,1,0,77
371,Jake McCabe,20.31,76.33,4.42,4.31,180,22,4,18,60,100,8,3,2.05,0.79,1.58,2,0,2,111
372,Dean Kukan,16.29,38.54,2.51,2.44,76,11,2,9,14,48,6,2,1.18,0.71,0.62,1,0,2,56
373,Michael Bunting,15.54,183.2,25.16,15.31,296,63,17,36,23,118,97,27,4.54,12.24,8.37,6,10,7,242
374,K'Andre Miller,20.6,95.54,5.11,5.98,221,20,5,59,37,125,11,4,2.58,1.16,1.36,4,1,2,140
375,Paul LaDue,12.78,0.69,0.01,0.02,2,0,0,0,0,1,0,0,0.01,0.0,0.0,0,0,0,1
376,Marcus Johansson,16.13,105.63,12.87,8.73,183,29,18,26,27,93,39,13,3.31,4.88,4.67,1,5,3,145
377,Joey Keane,13.63,1.33,0.04,0.08,2,0,0,0,1,2,0,0,0.04,0.0,0.0,0,0,0,2
378,Chris Tierney,12.41,73.13,9.39,5.47,121,18,7,23,34,53,35,12,1.57,4.58,3.22,0,3,3,100
379,Braden Schneider,15.48,28.25,1.08,1.67,65,11,1,7,20,39,3,0,0.77,0.32,0.0,1,1,0,42
380,Garnet Hathaway,13.39,114.8,14.44,8.55,197,26,6,23,20,96,45,18,3.64,5.53,5.27,3,6,5,159
381,Jon Merrill,17.11,56.77,2.2,3.34,118,20,2,6,21,78,5,0,1.69,0.51,0.0,3,1,0,83
382,Michael Dal Colle,14.57,1.39,0.08,0.09,2,0,0,0,1,2,0,0,0.08,0.0,0.0,0,0,0,2
383,Tim Stutzle,18.41,180.78,25.97,13.89,314,58,16,38,51,141,69,31,5.68,7.91,12.38,4,7,11,241
384,Sam Gagner,13.62,116.83,11.59,7.89,185,31,11,24,14,114,31,13,3.42,3.84,4.33,5,4,4,158
385,Jason Spezza,10.75,95.45,11.07,6.57,175,25,7,32,31,88,28,15,2.4,3.1,5.58,2,1,9,131
386,Chris Wagner,15.95,2.31,0.17,0.17,3,0,0,0,0,2,1,0,0.05,0.13,0.0,0,0,0,3
387,Mark Stone,18.34,69.34,11.04,5.99,118,30,6,56,29,56,20,18,2.09,2.68,6.27,1,2,6,94
388,Darren Raddysh,10.67,2.1,0.04,0.08,5,0,0,1,0,3,0,0,0.04,0.0,0.0,0,0,0,3
389,Nils Hoglander,13.11,123.77,14.08,9.29,190,18,15,25,25,102,47,15,3.56,5.66,4.86,4,1,5,164
390,Aleksander Barkov,20.3,206.05,28.66,15.54,340,88,20,59,51,150,96,28,5.32,12.2,11.15,7,15,17,274
391,Pierre-Edouard Bellemare,13.76,77.39,9.06,5.56,129,20,5,26,18,65,25,14,2.4,2.81,3.85,4,2,3,104
392,Denis Gurianov,14.19,145.79,13.82,10.01,281,31,13,12,46,146,41,12,4.46,4.69,4.68,4,3,4,199
393,Nazem Kadri,19.24,243.4,29.41,18.15,439,87,24,36,34,241,66,32,7.86,7.94,13.61,7,8,13,339
394,Matt Boldy,15.38,104.01,8.49,7.49,197,39,3,27,22,112,30,5,4.04,3.2,1.25,9,3,3,147
395,Claude Giroux,19.05,193.69,17.46,13.02,339,65,17,28,41,199,51,18,6.04,5.81,5.61,8,8,5,268
396,Connor McMichael,10.47,99.59,11.5,7.66,164,18,16,15,10,84,39,14,3.17,4.57,3.76,3,4,2,137
397,Zac Dalpe,6.13,0.0,0.0,0.0,0,0,0,0,0,0,0,0,0.0,0.0,0.0,0,0,0,0
398,Jake Leschyshyn,11.3,34.42,3.61,2.53,61,6,3,13,4,27,19,1,1.03,2.32,0.26,1,1,0,47
399,Mats Zuccarello,18.59,145.4,14.81,10.65,268,79,10,48,43,148,43,12,4.88,5.15,4.79,10,9,5,203
400,Jay Beagle,13.79,21.54,2.38,1.56,40,2,2,9,7,17,9,3,0.39,1.1,0.89,0,0,1,29
401,Tyler Benson,8.54,18.03,1.09,1.07,35,2,1,3,6,22,3,0,0.67,0.43,0.0,0,1,0,25
402,Riley Nash,11.43,41.18,4.48,2.87,64,4,3,18,12,44,9,3,1.72,1.11,1.65,0,0,0,56
403,Joel Kiviranta,9.52,59.06,5.78,4.06,98,7,6,7,9,52,19,7,1.73,2.11,1.94,1,0,0,78
404,Matthew Highmore,12.69,58.98,6.5,3.81,95,12,5,16,6,56,18,7,1.76,2.33,2.4,1,2,2,81
405,Philip Broberg,13.47,27.89,1.06,1.61,60,3,3,5,14,40,1,0,0.97,0.09,0.0,1,0,0,41
406,Otto Koivula,10.74,6.0,0.49,0.46,11,2,0,1,1,7,2,0,0.3,0.19,0.0,0,0,0,9
407,Brett Ritchie,9.72,53.73,4.88,3.51,91,4,2,3,11,56,15,4,1.94,1.91,1.03,2,0,1,75
408,Christian Wolanin,14.7,4.75,0.44,0.31,11,2,0,6,3,5,1,1,0.11,0.08,0.24,0,0,1,7
409,Henri Jokiharju,21.88,68.46,3.83,4.32,146,19,5,12,36,95,4,3,1.88,0.5,1.45,2,0,1,102
410,Rocco Grimaldi,10.93,7.25,0.88,0.55,13,0,1,5,3,9,0,1,0.33,0.0,0.55,0,0,0,10
411,Bo Horvat,19.49,187.62,25.74,13.85,304,52,11,32,25,164,69,28,5.53,7.96,12.26,9,11,11,261
412,Sonny Milano,15.28,98.73,12.87,7.93,177,34,5,29,34,88,39,14,2.81,4.43,5.62,2,6,6,141
413,Carson Soucy,17.66,81.72,4.24,5.27,169,21,6,23,29,106,11,1,2.65,1.35,0.24,8,2,0,118
414,Vince Dunn,20.68,121.65,6.52,8.17,282,35,12,25,48,162,14,3,3.82,1.61,1.09,5,0,2,179
415,Blake Speers,9.16,0.74,0.03,0.05,2,0,0,1,1,1,0,0,0.03,0.0,0.0,0,0,0,1
416,Joe Veleno,13.21,71.28,6.95,4.99,125,15,4,19,12,66,24,7,2.07,2.84,2.04,3,3,2,97
417,Marc Staal,17.42,73.1,3.84,4.33,141,16,6,13,29,94,6,4,2.25,0.69,0.9,2,0,1,104
418,Cole Sillinger,13.7,145.8,15.92,10.79,254,31,9,24,24,125,65,11,4.64,7.86,3.41,6,8,2,201
419,Travis Konecny,17.61,220.85,23.47,16.1,382,52,19,22,28,199,74,24,6.16,9.36,7.94,6,2,8,297
420,Ryan Murray,14.09,23.07,1.1,1.34,45,4,1,4,8,31,1,1,0.73,0.11,0.27,0,0,0,33
421,Liam Foudy,11.85,0.54,0.07,0.05,1,0,0,0,0,1,0,0,0.07,0.0,0.0,0,0,0,1
422,Brandon Duhaime,10.22,89.16,8.58,6.12,161,17,4,16,13,81,32,7,2.46,4.25,1.87,4,2,0,120
423,Esa Lindell,22.05,109.67,4.91,5.79,211,25,8,20,55,148,9,2,2.97,0.96,0.98,4,0,0,159
424,Boris Katchouk,9.92,60.61,6.16,4.1,100,7,2,16,7,51,23,6,1.68,2.8,1.69,1,0,2,80
425,Casey Fitzgerald,16.88,34.01,1.45,2.01,67,6,1,13,17,46,4,0,0.98,0.47,0.0,0,0,0,50
426,Taylor Hall,16.41,192.99,20.58,14.05,322,61,13,33,48,181,62,18,5.65,7.75,7.19,5,6,9,261
427,Jake Bean,20.57,92.98,4.68,5.66,209,25,8,21,23,121,11,2,2.71,1.35,0.62,6,1,0,134
428,Eetu Luostarinen,13.44,82.01,10.25,6.16,153,26,8,38,27,61,36,13,2.4,4.31,3.54,1,5,3,110
429,Sean Couturier,20.39,78.9,9.17,5.77,136,17,9,25,17,72,23,13,2.19,2.64,4.34,1,1,4,108
430,Nate Schmidt,20.21,116.49,5.43,7.42,257,32,7,32,66,162,8,2,3.63,0.95,0.85,2,0,2,172
431,Trevor Lewis,12.83,111.09,9.78,6.83,180,16,6,11,9,115,27,11,3.13,3.04,3.6,1,2,3,153
432,Scott Sabourin,7.6,6.46,0.61,0.46,10,2,0,1,2,5,4,0,0.13,0.48,0.0,0,0,0,9
433,Sheldon Dries,10.3,18.21,1.68,1.4,28,3,1,2,1,18,8,0,0.84,0.84,0.0,2,0,0,26
434,Drake Caggiula,14.64,22.29,1.96,1.39,37,5,1,6,2,23,6,2,0.67,0.71,0.58,1,1,0,31
435,Josh Mahura,14.06,37.61,1.5,1.83,82,7,2,5,17,50,1,1,1.08,0.08,0.34,2,1,0,52
436,Cole Schwindt,14.13,4.62,0.38,0.35,10,0,0,1,2,4,2,0,0.13,0.25,0.0,0,0,0,6
437,Kevin Fiala,17.65,262.5,28.33,19.79,453,85,18,38,54,241,90,27,8.26,10.84,9.23,9,15,9,358
438,Juuso Valimaki,15.71,9.02,0.34,0.47,21,2,1,3,3,13,0,0,0.34,0.0,0.0,0,0,0,13
439,Alex Barre-Boulet,11.0,15.16,1.91,1.28,28,6,2,4,3,13,6,2,0.49,0.89,0.53,2,1,0,21
440,Scott Reedy,11.19,35.0,5.74,2.95,54,9,3,6,5,28,12,8,1.07,1.48,3.2,2,0,5,48
441,Alexander Alexeyev,10.58,0.0,0.0,0.0,1,0,0,0,0,0,0,0,0.0,0.0,0.0,0,0,0,0
442,Calle Jarnkrok,16.04,99.67,11.72,7.08,175,30,8,27,12,104,23,15,3.54,2.81,5.37,3,2,7,142
443,Paul Stastny,17.78,125.7,21.94,10.64,196,45,9,38,21,70,73,29,2.74,9.42,9.77,2,9,10,172
444,Moritz Seider,23.05,171.47,8.96,10.8,355,50,15,41,48,233,7,6,5.48,0.78,2.7,4,2,1,246
445,Luke Schenn,17.21,67.6,3.47,3.87,163,17,3,7,42,97,1,3,1.58,0.17,1.72,1,1,3,101
446,Gustav Nyquist,17.84,128.48,17.41,9.0,208,53,13,46,25,102,49,18,3.48,6.3,7.63,4,7,7,169
447,Dillon Dube,12.84,136.9,15.31,9.58,228,32,13,24,23,117,54,17,4.22,6.08,5.01,8,8,2,188
448,Erik Gudbranson,18.14,124.71,3.61,6.57,268,17,8,20,42,176,5,0,3.09,0.52,0.0,6,0,0,181
449,Brendan Perlini,8.37,24.71,2.05,1.62,44,5,1,3,2,26,6,2,0.81,0.78,0.46,1,2,1,34
450,Rafael Harvey-Pinard,13.09,4.5,0.55,0.48,7,1,1,2,1,2,4,0,0.08,0.47,0.0,0,1,0,6
451,Will Butcher,16.48,39.26,2.1,2.53,78,8,2,1,10,54,6,0,1.37,0.73,0.0,1,1,0,60
452,Alexandre Texier,14.61,59.15,8.48,3.97,109,20,4,16,5,52,19,11,1.76,2.2,4.52,4,2,5,82
453,Tyler Lewington,12.44,2.08,0.04,0.11,3,0,0,0,0,3,0,0,0.04,0.0,0.0,0,0,0,3
454,Barrett Hayton,16.12,82.86,10.91,6.11,150,24,8,18,18,67,38,11,2.15,4.54,4.21,3,3,4,116
455,Jimmy Vesey,14.42,115.95,12.45,7.63,185,15,5,57,33,97,50,8,3.43,6.35,2.67,1,6,1,155
456,Martin Frk,14.03,15.61,2.06,1.16,28,2,0,0,5,12,7,3,0.36,0.73,0.97,1,0,1,22
457,Nikita Zaitsev,18.99,68.3,2.33,4.04,138,11,3,13,35,101,0,1,1.99,0.0,0.34,1,0,1,102
458,Brayden McNabb,19.7,90.7,3.61,4.99,195,18,6,37,28,125,6,2,2.22,0.78,0.6,2,0,1,133
459,Tony DeAngelo,19.81,131.84,6.83,8.58,264,51,8,27,39,177,11,3,4.23,1.31,1.28,7,2,1,191
460,Logan Brown,10.19,36.1,5.38,3.04,56,11,4,7,13,21,20,8,0.87,2.44,2.07,1,1,2,49
461,Jordan Martinook,11.2,85.29,7.95,5.89,152,15,7,11,15,87,28,6,2.89,3.55,1.5,5,0,1,121
462,Brent Burns,26.15,195.95,9.2,13.11,446,54,18,68,97,274,15,4,5.83,1.93,1.44,7,1,2,293
463,Ryan Lindgren,20.1,68.81,4.05,4.02,154,15,5,19,32,89,8,3,1.69,0.94,1.41,1,2,1,100
464,William Carrier,11.62,123.72,15.96,9.95,194,20,16,24,12,87,55,20,3.36,6.67,5.93,2,6,1,162
465,Tomas Tatar,14.83,141.98,16.53,9.75,244,30,8,27,25,124,48,19,4.82,5.85,5.86,1,8,6,191
466,Blake Comeau,11.47,1.51,0.14,0.1,5,1,0,1,4,1,1,0,0.03,0.11,0.0,1,0,0,2
467,Robby Fabbri,17.33,128.54,15.01,9.95,211,30,7,13,21,101,52,17,3.41,6.69,4.91,3,9,5,170
468,Artemi Kniazev,11.98,2.16,0.12,0.13,3,0,0,0,0,3,0,0,0.12,0.0,0.0,0,0,0,3
469,Nicolas Meloche,16.88,35.72,1.32,2.05,94,7,4,17,26,50,2,0,1.07,0.26,0.0,2,0,0,52
470,Andrej Sustr,14.72,26.75,0.76,1.44,62,6,1,10,15,38,1,0,0.61,0.15,0.0,1,0,0,39
471,Ross Johnston,10.27,8.2,1.38,0.68,18,7,0,4,10,8,2,2,0.4,0.32,0.66,0,1,1,12
472,Joel Armia,13.72,98.8,10.13,7.22,179,14,8,30,28,93,32,10,2.82,4.13,3.18,2,1,3,135
473,Oskar Steen,11.07,25.31,2.03,1.51,43,6,2,9,5,27,5,2,0.74,0.67,0.63,0,1,1,34
474,Vincent Trocheck,17.87,185.8,25.09,14.29,300,51,14,50,42,150,79,25,5.51,9.54,10.04,2,10,9,254
475,Patrik Laine,18.83,171.82,17.56,11.5,317,56,17,27,52,170,54,14,5.88,6.09,5.6,9,10,7,238
476,Michael Carcone,12.31,36.2,4.13,2.64,64,6,2,8,9,31,12,6,1.03,1.41,1.68,1,2,1,49
477,Nathan Walker,11.54,39.83,4.61,2.91,64,12,2,8,6,32,18,5,1.29,2.07,1.25,5,2,1,55
478,Hudson Fasching,9.88,7.42,0.7,0.51,17,0,0,2,0,6,5,0,0.18,0.52,0.0,0,0,0,11
479,Kale Clague,16.74,21.66,1.24,1.38,56,10,4,6,35,27,3,1,0.73,0.27,0.25,2,0,0,31
480,Sean Durzi,19.59,102.26,5.89,7.3,247,27,12,26,53,133,14,3,3.32,1.62,0.95,2,0,1,150
481,Justin Holl,20.21,62.68,3.46,3.83,128,23,3,18,56,82,4,4,1.79,0.59,1.08,2,1,0,90
482,Kyle Connor,21.78,291.02,35.14,20.49,499,93,17,66,47,254,109,32,9.25,12.39,13.5,10,19,18,395
483,Adam Larsson,22.28,119.18,4.5,6.64,260,25,9,23,35,165,9,0,3.42,1.08,0.0,4,4,0,174
484,Philipp Kurashev,12.85,75.85,7.36,5.42,142,21,4,24,11,74,26,5,2.53,3.29,1.53,3,3,0,105
485,Martin Necas,16.19,163.28,14.1,10.03,295,40,7,38,75,176,38,12,5.28,4.31,4.51,6,6,2,226
486,Charlie Coyle,17.41,136.89,18.73,9.95,214,44,18,39,42,122,38,25,3.79,4.87,10.07,7,1,8,185
487,Jason Dickinson,13.04,69.03,7.33,4.63,125,11,3,20,9,69,25,4,2.34,3.06,1.93,3,0,2,98
488,Dmitry Kulikov,18.2,77.57,5.01,5.07,168,24,5,16,31,98,9,5,2.46,1.05,1.5,1,3,3,112
489,Adrian Kempe,18.58,246.03,30.25,17.15,443,54,23,34,43,205,91,35,6.48,10.91,12.85,7,8,20,331
490,Brad Hunt,15.25,61.25,2.03,3.51,127,17,6,11,19,89,1,0,1.84,0.19,0.0,3,0,0,90
491,Tom Wilson,18.58,161.2,19.41,12.28,279,52,13,36,44,129,80,17,3.99,9.84,5.58,3,16,5,226
492,Radim Zohorna,10.33,13.79,1.77,1.06,24,6,0,6,1,11,6,2,0.44,0.81,0.51,0,1,1,19
493,Matt Benning,16.34,52.61,2.0,2.98,114,11,4,8,33,76,3,0,1.62,0.37,0.0,0,0,0,79
494,Tage Thompson,17.88,250.54,26.09,17.35,457,68,22,49,42,246,84,18,8.14,10.06,7.9,16,15,7,348
495,Martin Fehervary,19.65,86.35,4.41,4.99,181,17,5,14,36,117,7,2,2.33,0.93,1.14,4,3,1,126
496,Rem Pitlick,14.96,62.0,9.85,5.46,94,37,6,31,39,40,29,13,1.75,3.97,4.13,2,6,7,82
497,Morgan Rielly,23.74,202.45,9.35,12.49,384,68,13,40,76,267,19,4,5.87,2.35,1.12,6,3,1,290
498,Joonas Donskoi,14.84,89.01,10.19,6.98,155,22,2,24,21,77,38,9,3.2,4.47,2.51,1,0,1,124
499,Alexander Edler,18.46,54.0,2.48,3.03,119,19,5,9,16,75,2,3,1.45,0.23,0.81,2,1,0,80
500,Logan Couture,18.93,188.45,23.25,13.78,314,56,16,62,31,176,57,27,6.11,7.19,9.95,7,5,11,260
501,Chris Wideman,14.88,69.75,2.72,4.19,148,27,3,13,57,94,5,1,1.86,0.57,0.29,4,0,0,100
502,Dylan DeMelo,18.5,66.16,3.48,3.82,141,13,7,17,49,92,4,2,1.9,0.53,1.03,1,0,0,98
503,Mattias Janmark,14.34,88.69,10.69,6.85,144,25,10,29,19,67,44,11,2.01,5.6,3.09,1,7,1,122
504,Kyle Criscuolo,9.56,4.76,0.33,0.3,10,2,0,0,0,6,1,0,0.24,0.1,0.0,0,0,0,7
505,Rasmus Andersson,22.68,146.77,8.14,10.24,289,50,16,24,44,194,13,7,4.25,1.5,2.39,2,2,0,214
506,Oliver Kylington,18.16,132.25,6.66,7.81,277,31,6,24,56,180,10,4,3.82,1.12,1.72,4,4,1,194
507,William Nylander,18.27,270.44,28.22,21.32,467,80,21,59,33,253,90,22,8.72,11.31,8.2,14,11,9,365
508,Kent Johnson,12.44,9.4,1.15,0.73,20,3,0,2,2,8,4,1,0.32,0.43,0.4,0,0,0,13
509,Urho Vaakanainen,19.32,26.1,1.18,1.38,55,6,0,7,8,36,1,1,0.62,0.18,0.38,0,0,0,38
510,Philip Tomasino,11.54,116.3,14.1,8.56,189,32,12,17,23,108,39,14,4.14,4.85,5.1,4,2,5,161
511,Markus Nutivaara,7.02,0.0,0.0,0.0,0,1,0,0,0,0,0,0,0.0,0.0,0.0,0,0,0,0
512,Dylan Samberg,14.85,15.67,0.51,0.85,28,5,0,6,11,22,1,0,0.43,0.08,0.0,0,0,0,23
513,Mason Shaw,8.99,6.41,0.32,0.41,10,0,0,3,1,8,1,0,0.22,0.11,0.0,0,0,0,9
514,Kole Sherwood,8.13,1.53,0.08,0.07,3,0,0,0,0,2,0,0,0.08,0.0,0.0,0,0,0,2
515,Guillaume Brisebois,4.22,0.0,0.0,0.0,0,0,0,0,0,0,0,0,0.0,0.0,0.0,0,0,0,0
516,Nicolas Roy,16.26,143.94,21.82,12.36,238,39,23,34,38,91,74,31,3.59,9.29,8.95,3,6,6,196
517,Mikael Backlund,17.12,206.81,18.8,13.08,355,39,19,55,44,210,64,14,6.5,7.59,4.71,6,3,3,288
518,Zach Sanford,14.3,122.34,13.5,9.86,209,21,11,36,22,110,42,15,3.79,5.11,4.6,4,2,3,167
519,Kevin Stenlund,7.53,2.4,0.19,0.16,4,0,0,1,0,2,1,0,0.04,0.15,0.0,0,0,0,3
520,Mason Geertsen,6.96,12.59,0.98,0.8,20,0,0,4,3,11,6,0,0.26,0.72,0.0,0,0,0,17
521,Jonas Siegenthaler,20.57,82.25,2.66,4.59,190,14,9,17,52,119,2,0,2.48,0.18,0.0,1,0,0,121
522,Brandon Biro,13.5,0.74,0.03,0.04,2,0,0,0,0,1,0,0,0.03,0.0,0.0,0,0,0,1
523,Greg McKegg,10.87,23.34,3.16,1.64,38,5,0,14,15,16,12,3,0.48,1.46,1.22,0,1,1,31
524,Mitchell Marner,20.88,228.85,26.51,16.07,420,97,13,72,63,209,75,31,6.48,8.97,11.06,8,11,16,315
525,Alexander Romanov,20.39,99.57,3.32,5.58,244,13,1,24,78,143,5,0,2.83,0.49,0.0,2,1,0,148
526,Steven Stamkos,18.48,236.56,26.74,16.9,401,106,12,30,24,215,87,21,8.02,10.03,8.69,18,14,10,323
527,Chase Priskie,14.0,3.5,0.23,0.2,7,0,0,1,4,4,1,0,0.13,0.1,0.0,0,0,0,5
528,Patrik Nemeth,16.63,53.04,2.4,3.24,114,7,2,11,18,71,6,1,1.35,0.83,0.22,2,0,0,78
529,Andrew Agozzino,6.87,0.72,0.03,0.04,1,0,0,0,0,1,0,0,0.03,0.0,0.0,0,0,0,1
530,Max McCormick,8.1,9.34,0.69,0.65,15,0,1,2,1,10,3,0,0.41,0.28,0.0,0,0,0,13
531,Cale Makar,25.67,218.64,15.02,14.71,494,86,21,49,40,283,24,12,6.8,2.68,5.54,17,3,8,319
532,Alex Killorn,18.7,168.02,23.13,14.43,273,59,9,42,30,117,84,23,4.39,10.35,8.4,4,14,7,224
533,Ben Jones,8.04,1.6,0.06,0.08,3,0,0,0,0,2,0,0,0.06,0.0,0.0,0,0,0,2
534,Colin White,15.34,46.09,5.96,4.08,72,10,3,4,10,33,19,8,1.09,2.44,2.43,1,1,1,60
535,Mitchell Chaffee,7.45,1.29,0.17,0.1,2,0,0,0,0,1,1,0,0.06,0.11,0.0,0,0,0,2
536,Artturi Lehkonen,15.1,155.91,19.43,11.76,269,38,13,18,16,129,57,27,4.0,7.28,8.15,4,6,9,213
537,Cody Ceci,20.9,96.36,3.3,4.95,213,28,3,15,39,132,5,1,2.6,0.43,0.27,2,2,1,138
538,Jack Quinn,14.88,4.25,0.31,0.28,9,2,0,1,0,5,1,0,0.21,0.11,0.0,1,0,0,6
539,Mathieu Joseph,14.2,93.03,11.36,6.85,150,30,2,45,20,72,42,11,2.79,5.25,3.32,3,5,4,125
540,Fabian Zetterlund,13.34,31.95,3.25,2.08,50,8,2,3,1,29,13,2,0.97,1.58,0.7,0,3,0,44
541,Max Pacioretty,17.38,150.29,15.06,10.13,262,37,9,15,23,153,34,17,4.8,4.07,6.19,7,5,7,204
542,Tanner Laczynski,9.45,0.0,0.0,0.0,1,0,0,1,0,0,0,0,0.0,0.0,0.0,0,0,0,0
543,Ryan Strome,18.33,157.81,17.26,11.74,257,54,10,32,37,136,64,16,3.97,7.62,5.67,8,8,5,216
544,Connor Mackey,13.58,4.95,0.25,0.33,8,1,0,1,1,6,1,0,0.15,0.1,0.0,0,0,0,7
545,Jeffrey Viel,8.8,28.44,3.45,2.19,52,5,4,13,9,22,14,3,0.83,1.67,0.95,1,2,0,39
546,Max Willman,11.77,59.92,4.61,3.78,100,6,4,14,8,60,18,2,1.81,2.13,0.67,0,3,1,80
547,Josh Leivo,9.23,10.62,1.31,0.77,14,3,1,0,1,10,1,3,0.33,0.09,0.89,0,1,0,14
548,Darren Helm,10.55,85.66,9.37,5.4,146,15,1,25,7,78,26,11,2.61,3.49,3.28,2,3,2,115
549,Jarred Tinordi,12.92,6.61,0.16,0.29,15,1,0,0,1,9,0,0,0.16,0.0,0.0,1,0,0,9
550,Dante Fabbro,19.05,88.27,3.52,5.08,189,24,7,22,35,126,4,1,2.6,0.43,0.49,3,0,0,131
551,Dylan Sikura,9.96,3.26,0.47,0.27,4,1,1,2,0,1,2,1,0.01,0.25,0.22,0,0,0,4
552,Sasha Chmelevski,13.18,35.84,2.41,2.06,60,8,4,8,3,42,6,1,1.32,0.82,0.27,0,0,0,49
553,Jaccob Slavin,23.53,164.26,8.67,9.96,341,42,9,74,43,219,14,4,5.04,1.79,1.84,2,0,2,237
554,Jake Neighbours,9.35,7.97,0.74,0.57,11,2,0,0,1,6,4,0,0.21,0.54,0.0,0,1,0,10
555,Daniel Sprong,12.99,160.27,14.0,10.88,269,20,11,20,24,169,42,9,6.0,5.22,2.78,7,4,3,220
556,Andreas Athanasiou,15.23,76.5,10.07,5.37,123,17,3,15,9,70,21,13,2.23,2.73,5.11,4,1,6,104
557,Sean Day,10.71,1.29,0.03,0.08,3,0,0,1,0,2,0,0,0.03,0.0,0.0,0,0,0,2
558,Trey Fix-Wolansky,6.29,5.95,0.45,0.35,9,2,0,2,3,5,3,0,0.14,0.32,0.0,0,1,0,8
559,Noah Gregor,14.94,154.13,14.36,10.17,263,23,11,28,14,153,47,10,4.75,5.88,3.73,1,4,3,210
560,Jayson Megna,10.31,17.74,1.94,1.17,32,3,1,8,1,16,5,2,0.58,0.68,0.68,0,0,0,23
561,Tyler Bertuzzi,19.88,183.3,26.52,15.23,306,62,13,42,57,137,76,33,4.97,9.6,11.94,9,11,10,246
562,Jacob Bernard-Docker,14.77,5.92,0.27,0.35,12,1,1,2,2,8,1,0,0.19,0.08,0.0,0,0,0,9
563,Jakub Voracek,17.46,136.35,11.89,9.74,253,62,9,44,51,142,41,7,4.77,5.12,2.0,5,1,0,190
564,Erik Karlsson,23.47,116.65,5.58,7.64,248,35,4,52,63,157,12,1,3.91,1.43,0.23,6,3,1,170
565,Alex Wennberg,17.85,85.88,9.41,6.42,152,37,7,45,37,81,31,7,2.6,4.01,2.8,3,5,3,119
566,Kevin Hayes,17.92,117.94,9.34,8.09,209,31,9,30,20,122,31,7,3.41,3.8,2.13,3,5,2,160
567,Cam Fowler,24.42,117.37,9.21,7.31,300,42,8,31,46,148,11,11,3.53,1.37,4.31,2,1,6,170
568,Matt Tennyson,12.91,5.3,0.17,0.31,11,3,1,1,7,8,0,0,0.17,0.0,0.0,0,0,0,8
569,Ian Mitchell,11.93,3.34,0.08,0.17,9,1,0,0,1,5,0,0,0.08,0.0,0.0,0,0,0,5
570,Patrice Bergeron,18.17,264.65,31.5,18.46,427,65,25,37,21,241,100,28,7.21,12.17,12.13,6,9,10,369
571,Tobias Bjornfot,16.76,53.09,2.58,3.2,110,8,2,10,30,67,8,0,1.62,0.96,0.0,0,0,0,75
572,Adam Brooks,8.95,14.27,1.63,1.13,21,3,0,3,3,12,4,2,0.47,0.59,0.57,1,0,1,18
573,Caleb Jones,18.74,80.41,3.99,5.12,165,21,2,26,43,107,8,1,2.58,1.04,0.37,2,2,1,116
574,Paul Cotter,8.81,9.79,0.89,0.62,17,2,0,1,0,10,4,0,0.36,0.53,0.0,0,2,0,14
575,Derek Forbort,18.12,60.08,2.0,3.1,132,14,5,15,32,87,2,1,1.59,0.21,0.2,3,1,0,90
576,Evgeni Malkin,18.33,115.04,14.65,9.16,203,42,13,41,48,105,35,18,3.79,4.24,6.62,6,7,7,158
577,Bowen Byram,18.81,49.67,2.72,3.15,102,17,4,14,11,64,7,1,1.62,0.86,0.24,2,3,0,72
578,Jacob MacDonald,10.09,15.85,1.33,1.23,26,0,3,0,2,19,2,1,0.78,0.25,0.3,0,0,0,22
579,Alex Newhook,13.56,103.61,10.86,7.51,203,33,6,20,13,100,36,7,3.89,4.28,2.69,3,6,4,143
580,Adam Pelech,21.28,93.82,4.76,5.92,225,28,9,49,48,126,9,2,2.83,1.1,0.83,2,1,0,137
581,Brendan Guhle,14.67,8.4,0.41,0.49,18,0,0,0,5,12,1,0,0.31,0.1,0.0,0,0,0,13
582,Riley Sheahan,12.04,64.45,6.54,4.58,109,17,4,18,12,60,22,7,1.85,2.71,1.97,1,1,2,89
583,Johnathan Kovacevic,10.81,6.2,0.19,0.31,13,0,0,0,6,8,1,0,0.11,0.08,0.0,0,0,0,9
584,Marc-Edouard Vlasic,15.22,65.92,2.38,3.94,145,14,6,17,31,95,3,1,1.81,0.32,0.24,3,0,0,99
585,Trevor van Riemsdyk,17.47,70.91,2.97,4.44,147,17,5,30,19,96,6,0,2.31,0.66,0.0,1,0,0,102
586,Nicholas Paul,16.51,175.52,18.75,12.12,303,32,13,59,32,163,59,18,5.87,7.36,5.52,6,6,4,240
587,Filip Chytil,13.18,139.69,14.47,10.31,231,22,12,23,28,132,43,13,4.44,5.48,4.55,3,4,1,188
588,Joel Eriksson Ek,18.58,209.09,27.48,16.29,331,49,16,30,12,168,75,34,4.91,9.5,13.08,3,8,15,277
589,Sam Lafferty,13.57,73.13,8.07,5.35,123,13,5,23,19,60,33,7,2.47,3.84,1.75,2,3,0,100
590,Kurtis MacDermid,7.4,43.58,2.68,2.75,89,5,6,5,12,55,6,2,1.34,0.67,0.68,2,0,0,63
591,Connor McDavid,22.07,298.7,42.51,24.2,481,123,27,73,68,213,126,54,7.34,15.46,19.71,8,14,22,393
592,Nicholas Robertson,10.27,12.53,0.65,0.73,21,1,3,3,4,16,1,0,0.56,0.09,0.0,0,1,0,17
593,Corey Perry,13.52,159.05,25.11,13.76,242,40,15,19,22,103,71,32,4.12,8.77,12.23,5,1,13,206
594,Chase Pearson,6.76,3.62,0.92,0.31,5,0,0,0,0,0,2,2,0.0,0.3,0.62,0,0,0,4
595,Marco Scandella,18.14,70.68,3.61,4.43,142,14,5,18,38,97,7,1,2.39,0.95,0.27,2,1,0,105
596,Conor Garland,16.39,192.63,18.45,13.91,331,52,17,50,36,196,56,14,6.97,6.56,4.93,9,6,4,266
597,Reilly Smith,17.78,148.74,18.73,10.74,250,38,11,29,42,118,63,18,4.04,7.67,7.02,4,6,6,199
598,Jordan Harris,16.28,7.24,0.36,0.44,15,1,2,3,8,10,1,0,0.26,0.1,0.0,1,0,0,11
599,Kurtis Gabriel,6.03,0.0,0.0,0.0,1,0,0,1,0,0,0,0,0.0,0.0,0.0,0,0,0,0
600,Scott Mayfield,19.78,85.15,3.55,5.0,202,18,4,15,53,118,4,3,2.23,0.37,0.94,1,1,1,125
601,Lassi Thomson,17.24,14.1,0.52,1.01,39,5,1,5,7,20,1,0,0.43,0.1,0.0,0,0,0,21
602,Derick Brassard,12.91,53.0,6.25,4.59,91,19,4,10,10,41,19,10,1.52,2.2,2.52,3,3,2,70
603,Tyler Myers,21.98,119.42,5.84,7.33,257,18,5,32,56,162,9,2,4.14,1.15,0.55,1,0,0,173
604,Jakub Vrana,14.93,66.99,5.94,4.57,107,19,2,12,16,65,21,4,2.23,2.6,1.12,6,6,1,90
605,Matt Kiersted,14.05,9.57,0.48,0.56,19,2,0,3,7,12,2,0,0.2,0.28,0.0,0,1,0,14
606,Linus Sandin,6.98,0.75,0.01,0.03,1,0,0,1,0,1,0,0,0.01,0.0,0.0,0,0,0,1
607,Jake Christiansen,9.77,5.6,0.25,0.36,11,1,0,0,0,7,1,0,0.17,0.09,0.0,1,0,0,8
608,Jonas Brodin,23.44,108.89,4.91,6.43,232,30,3,24,28,145,9,3,2.98,0.99,0.94,3,0,2,157
609,Dan Renouf,14.0,2.71,0.08,0.16,5,0,0,1,1,4,0,0,0.08,0.0,0.0,0,0,0,4
610,Nikita Kucherov,19.98,153.38,16.46,10.88,276,69,8,24,37,159,40,15,5.87,4.85,5.73,11,8,6,214
611,Ryan Suter,23.66,126.35,6.86,7.47,265,32,12,19,46,169,10,4,3.35,1.2,2.31,5,0,2,183
612,Steven Lorentz,10.89,84.56,11.09,6.58,142,13,8,24,17,61,38,14,1.93,4.9,4.26,0,4,4,113
613,Evan Bouchard,19.8,188.87,8.14,11.49,400,43,17,37,79,262,14,2,5.96,1.7,0.48,8,2,2,278
614,Isac Lundestrom,15.49,87.85,11.7,6.57,145,29,6,22,31,72,30,15,2.76,3.96,4.97,2,5,9,117
615,Taylor Raddysh,12.34,103.77,14.0,8.07,163,22,11,23,15,75,51,16,2.91,6.15,4.95,1,6,4,142
616,James Neal,11.96,26.21,2.46,2.26,45,4,2,2,4,24,13,0,0.84,1.63,0.0,0,2,0,37
617,Austin Watson,11.99,85.82,8.85,5.39,148,16,11,15,15,80,28,11,2.0,3.36,3.49,2,5,3,119
618,Maxim Mamin,11.9,52.15,7.9,4.13,81,14,10,9,19,29,26,11,1.3,3.43,3.17,3,1,3,66
619,Cedric Paquette,8.86,14.83,1.27,0.98,26,2,1,5,4,17,2,2,0.54,0.25,0.48,0,0,0,21
620,Arttu Ruotsalainen,11.89,20.49,1.9,1.21,37,4,2,5,0,20,6,2,0.56,0.79,0.56,0,1,1,28
621,Evgeny Svechnikov,10.76,69.56,7.67,5.12,123,19,7,24,28,58,36,5,2.1,4.24,1.32,1,6,0,99
622,Gabriel Vilardi,13.51,37.41,4.15,2.99,60,7,3,6,5,37,12,3,1.37,1.42,1.36,2,2,1,52
623,Michael Stone,17.46,22.86,1.09,1.3,59,6,0,1,4,33,0,1,0.48,0.0,0.61,1,0,1,34
624,Elias Pettersson,18.6,209.15,23.84,14.89,387,68,10,56,39,189,83,18,6.7,10.08,7.06,15,8,9,290
625,Will Borgen,15.28,44.2,1.5,2.48,97,8,4,4,14,63,3,0,1.22,0.28,0.0,2,0,0,66
626,Valtteri Puustinen,10.23,1.42,0.17,0.13,3,1,0,0,1,1,1,0,0.05,0.12,0.0,0,0,0,2
627,Alexei Toropchenko,10.72,44.2,4.63,3.28,66,2,4,5,5,35,22,2,1.44,2.71,0.48,0,2,0,59
628,Mark Pysyk,17.82,64.85,3.25,4.01,126,12,2,21,20,92,6,1,2.28,0.75,0.23,1,1,1,99
629,Kaapo Kakko,15.45,63.47,8.45,4.2,113,18,13,12,15,49,23,14,1.38,2.46,4.6,0,3,4,86
630,Vladislav Namestnikov,14.65,93.0,14.45,7.29,153,30,7,21,22,61,40,22,2.11,4.72,7.63,2,3,11,123
631,Trent Frederic,11.65,94.67,10.81,5.99,157,18,11,23,12,80,31,15,2.21,3.7,4.9,1,3,4,126
632,Carter Verhaeghe,16.03,171.57,21.11,13.04,312,55,13,63,47,127,87,18,4.78,10.57,5.76,8,12,4,232
633,Christian Dvorak,17.38,83.7,11.86,6.65,144,33,6,16,32,66,37,13,2.21,4.55,5.09,2,5,4,116
634,Gabriel Fortier,9.28,12.24,1.27,0.85,21,1,1,1,3,9,6,1,0.25,0.8,0.22,0,1,0,16
635,Jeff Malott,4.1,0.0,0.0,0.0,0,0,0,0,0,0,0,0,0.0,0.0,0.0,0,0,0,0
636,Anders Bjork,12.04,46.15,4.08,3.27,93,8,4,16,11,45,18,1,1.58,2.3,0.2,0,5,0,64
637,John Moore,17.57,6.85,0.23,0.38,15,1,1,2,2,10,0,0,0.23,0.0,0.0,0,0,0,10
638,Justin Dowling,9.59,15.5,2.11,0.91,28,4,2,4,1,15,5,2,0.43,0.66,1.02,0,1,1,22
639,Tyson Jost,12.82,86.27,8.92,6.25,157,20,5,38,10,82,29,7,3.3,3.6,2.02,3,2,3,118
640,Lawson Crouse,17.43,131.93,14.97,10.15,224,34,11,29,23,117,51,15,3.78,6.11,5.08,4,11,5,183
641,Viktor Lodin,10.42,2.11,0.15,0.16,3,0,0,0,0,2,1,0,0.04,0.11,0.0,0,0,0,3
642,Nico Sturm,11.9,95.29,10.87,6.42,150,20,6,10,16,84,34,11,2.54,4.24,4.09,0,4,5,129
643,Mark Friedman,13.28,29.34,1.9,1.76,49,5,2,4,4,36,3,2,0.93,0.43,0.54,0,1,0,41
644,Jordan Kyrou,16.58,176.72,17.13,12.77,323,75,12,36,32,160,70,12,5.89,8.44,2.8,10,15,2,242
645,Richard Panik,14.92,4.94,0.67,0.4,10,1,0,1,1,4,4,0,0.19,0.48,0.0,0,0,0,8
646,Alex Ovechkin,20.57,339.93,36.37,22.72,642,90,18,32,50,365,67,36,11.72,7.8,16.84,19,10,21,468
647,Austin Poganski,9.32,10.43,1.1,0.8,19,0,0,1,1,12,3,1,0.49,0.38,0.24,0,0,0,16
648,Craig Smith,14.42,178.54,15.73,12.27,318,36,21,21,30,173,64,11,5.18,7.56,2.98,6,7,3,248
649,Dysin Mayo,20.92,72.39,2.7,4.12,158,12,5,14,39,100,6,0,2.04,0.66,0.0,3,1,0,106
650,Kris Russell,15.44,30.71,1.4,1.73,66,9,1,3,14,40,5,0,0.83,0.58,0.0,1,1,0,45
651,Ryan Donato,13.79,167.07,17.4,13.8,268,31,21,39,24,150,51,21,4.82,6.34,6.25,5,6,5,222
652,Elias Lindholm,19.94,223.87,27.52,18.09,381,82,15,55,41,184,103,23,6.67,12.35,8.51,15,19,8,310
653,Niko Mikkola,16.98,55.47,2.43,3.31,110,13,5,7,25,74,5,0,1.87,0.56,0.0,1,2,0,79
654,Conor Timmins,17.75,7.09,0.33,0.45,17,0,2,3,2,9,1,0,0.18,0.15,0.0,0,0,0,10
655,Oskar Sundqvist,14.0,65.77,7.84,4.53,117,23,4,12,25,62,16,11,2.31,1.95,3.58,2,1,5,89
656,Scott Perunovich,15.46,11.33,0.44,0.8,25,6,0,6,7,16,1,0,0.35,0.09,0.0,0,0,0,17
657,Joe Thornton,11.14,25.25,4.0,1.99,44,10,4,18,18,19,8,8,0.68,0.87,2.46,0,1,4,35
658,Jacob Perreault,11.08,1.54,0.21,0.1,2,0,0,0,1,1,1,0,0.03,0.18,0.0,0,0,0,2
659,Anthony Duclair,15.02,154.42,22.95,12.25,253,58,17,37,55,107,75,24,3.86,9.11,9.98,9,9,13,206
660,Bokondji Imama,4.52,2.44,0.48,0.26,4,1,0,0,1,1,1,1,0.04,0.16,0.28,0,0,1,3
661,Vladimir Tkachev,13.98,1.41,0.2,0.11,4,2,0,0,2,1,1,0,0.07,0.13,0.0,0,0,0,2
662,Marco Rossi,15.58,4.69,0.69,0.3,7,0,1,1,1,5,1,1,0.21,0.13,0.36,0,0,0,7
663,Colin Blackwell,11.93,71.59,7.71,4.69,126,20,6,18,17,62,22,12,1.71,2.61,3.4,1,4,5,96
664,Travis Hamonic,18.85,73.25,3.08,4.18,171,10,2,6,31,105,3,1,2.27,0.43,0.37,4,0,0,109
665,Anders Lee,16.63,164.86,24.07,13.93,266,46,22,16,25,130,63,35,4.54,7.74,11.79,6,12,10,228
666,Cooper Marody,6.07,0.48,0.1,0.05,1,1,0,1,0,0,1,0,0.0,0.1,0.0,0,0,0,1
667,Mason Marchment,14.12,126.13,18.11,9.61,207,47,13,25,17,90,54,20,3.48,7.29,7.35,4,8,6,164
668,Nick Ritchie,12.7,98.39,11.6,8.0,159,23,11,9,17,71,51,12,2.11,6.14,3.35,1,8,3,134
669,Egor Zamula,16.35,3.87,0.23,0.24,11,0,0,3,8,5,1,0,0.07,0.16,0.0,0,0,0,6
670,Rasmus Ristolainen,21.44,100.19,6.07,6.48,200,16,11,12,33,118,17,5,2.68,2.16,1.24,1,1,0,140
671,Nico Hischier,19.34,156.71,20.35,11.99,270,60,12,45,31,131,59,24,4.95,7.05,8.35,6,5,10,214
672,T.J. Oshie,17.45,78.44,11.66,6.05,138,25,8,19,18,73,27,13,2.16,3.41,6.09,4,2,5,113
673,Jan Jenik,10.68,21.66,1.84,1.64,35,3,4,1,3,21,7,1,0.62,0.94,0.28,0,1,1,29
674,Dylan Strome,17.44,115.07,15.46,8.47,183,48,3,47,22,91,49,16,3.78,5.86,5.82,8,9,5,156
675,Rhett Gardner,8.1,0.73,0.04,0.04,1,0,0,4,1,1,0,0,0.04,0.0,0.0,0,0,0,1
676,Matt Luff,9.41,25.02,2.48,1.81,43,6,2,3,3,23,8,3,0.62,1.1,0.76,0,1,2,34
677,Jacob Bryson,18.33,35.52,1.69,2.1,85,10,0,24,25,47,3,1,1.13,0.27,0.3,0,0,1,51
678,Mark Kastelic,9.18,14.31,1.46,1.12,22,4,0,9,5,11,6,2,0.4,0.58,0.48,1,1,0,19
679,Bryce Kindopp,6.1,1.39,0.05,0.08,3,0,0,0,0,2,0,0,0.05,0.0,0.0,0,0,0,2
680,Jonathan Toews,17.48,116.94,13.12,8.74,188,37,9,48,34,104,42,12,3.6,5.28,4.25,2,5,5,158
681,Shayne Gostisbehere,22.19,146.16,7.2,9.46,314,51,8,44,78,203,9,4,4.89,0.92,1.38,11,2,1,216
682,Ryan Merkley,15.38,30.06,0.88,1.7,85,6,1,13,28,42,2,0,0.63,0.26,0.0,1,0,0,44
683,Yegor Sharangovich,16.51,173.98,19.11,11.33,294,46,11,48,44,151,72,15,5.31,8.19,5.61,6,10,8,238
684,Jeremy Davies,12.25,4.86,0.18,0.26,9,2,0,2,5,7,0,0,0.18,0.0,0.0,0,0,0,7
685,Lucas Carlsson,12.71,39.42,1.96,2.51,85,9,6,7,12,55,3,0,1.6,0.36,0.0,3,0,0,58
686,Olli Juolevi,12.75,16.39,0.46,0.92,34,0,1,2,7,25,0,0,0.46,0.0,0.0,0,0,0,25
687,Jesper Froden,12.87,7.4,1.05,0.59,14,1,0,0,0,8,1,2,0.35,0.15,0.56,1,0,0,11
688,Blake Lizotte,12.16,88.6,9.7,5.98,141,24,10,31,10,78,34,10,2.79,3.96,2.94,3,4,3,122
689,Torey Krug,20.55,118.58,6.03,7.82,245,43,7,16,32,155,16,2,3.63,1.83,0.58,6,2,1,173
690,Oliver Ekman-Larsson,22.31,158.92,6.45,9.58,352,29,16,26,42,221,11,2,4.67,1.21,0.57,3,0,2,234
691,Sami Niku,15.28,11.29,0.29,0.76,27,6,0,2,5,17,0,0,0.29,0.0,0.0,0,0,0,17
692,Nicolas Beaudin,6.16,0.75,0.11,0.07,1,0,0,0,0,0,1,0,0.0,0.11,0.0,0,0,0,1
693,Kristian Reichel,10.4,17.4,1.82,1.2,30,2,3,7,1,15,6,2,0.39,0.66,0.77,1,0,0,23
694,Dougie Hamilton,21.22,200.98,11.35,12.24,402,30,12,20,54,249,30,6,6.02,3.36,1.97,3,4,2,285
695,Dennis Cholowski,15.81,13.46,0.5,0.85,33,3,0,1,5,19,1,0,0.39,0.11,0.0,0,0,0,20
696,Pat Maroon,12.4,106.78,12.86,8.38,156,27,9,16,17,79,44,14,2.59,5.65,4.61,3,3,5,137
697,Gavin Bayreuther,13.06,43.6,1.41,2.64,85,8,3,12,12,63,2,0,1.22,0.19,0.0,0,0,0,65
698,Carson Meyer,8.23,13.42,1.6,1.02,25,3,0,4,1,11,6,1,0.4,0.84,0.36,0,1,0,18
699,Devon Toews,25.37,139.78,9.33,8.65,267,57,10,45,34,175,18,9,3.96,2.32,3.04,6,3,4,202
700,Connor Brown,20.06,128.39,15.03,9.36,235,39,9,51,50,102,47,20,3.58,6.05,5.39,1,6,3,169
701,Kasperi Kapanen,14.53,131.64,11.13,8.85,235,32,14,40,30,129,45,4,4.52,5.6,1.01,3,7,1,178
702,Travis Sanheim,22.97,121.95,7.04,7.49,249,31,10,23,55,149,22,3,3.45,2.73,0.86,3,3,1,174
703,Troy Terry,18.24,195.51,24.77,14.36,327,67,15,35,46,165,71,28,6.55,8.73,9.5,10,17,10,264
704,David Savard,20.79,62.28,4.69,4.07,127,17,8,7,63,73,9,6,1.88,1.29,1.52,0,2,1,88
705,Jacob Trouba,22.42,189.86,10.69,12.07,388,39,23,24,63,244,23,10,5.03,2.5,3.16,7,2,2,277
706,Tyce Thompson,14.42,2.92,0.27,0.2,5,0,0,2,2,3,1,0,0.16,0.11,0.0,0,0,0,4
707,Jason Robertson,18.11,216.0,30.15,16.17,400,79,25,48,50,191,66,36,6.66,8.01,15.48,13,9,19,293
708,Jakub Galvas,18.16,6.51,0.29,0.45,17,0,1,1,4,10,0,0,0.29,0.0,0.0,0,0,0,10
709,Anthony Angello,6.63,1.54,0.05,0.08,2,0,0,0,0,2,0,0,0.05,0.0,0.0,0,0,0,2
710,Marcus Foligno,16.41,101.6,17.67,7.45,163,42,9,28,27,75,37,22,2.77,4.77,10.13,3,9,11,134
711,Warren Foegele,12.61,144.77,17.37,10.45,245,26,11,44,29,124,51,16,4.51,6.31,6.54,3,4,5,191
712,J.T. Miller,21.06,207.31,28.79,14.77,350,99,22,56,62,181,77,35,6.6,9.88,12.31,12,9,11,293
713,Cal Clutterbuck,14.04,67.88,6.97,4.54,113,15,2,21,14,67,21,7,2.19,2.25,2.52,2,1,3,95
714,Oliver Bjorkstrand,17.95,230.12,27.85,17.48,402,57,19,57,33,204,82,26,6.93,9.94,10.98,9,8,11,312
715,Antoine Roussel,12.14,61.81,6.95,4.37,103,8,7,9,16,54,23,8,1.92,2.95,2.08,0,2,2,85
716,Hendrix Lapierre,9.59,5.13,0.71,0.43,9,1,0,3,1,2,5,0,0.1,0.61,0.0,1,0,0,7
717,Vasily Podkolzin,12.79,115.78,11.14,7.62,191,26,5,32,18,107,41,9,3.65,4.59,2.9,8,3,3,157
718,Yakov Trenin,14.67,138.16,16.98,9.99,243,24,5,37,24,123,52,16,4.36,6.43,6.2,4,7,6,191
719,Riley Damiani,8.54,9.62,1.47,0.79,18,2,0,3,1,7,3,3,0.32,0.37,0.79,1,0,0,13
720,Phil Kessel,16.68,171.48,16.11,12.1,310,52,20,39,53,172,43,15,5.78,5.14,5.19,4,2,2,230
721,Roope Hintz,18.04,225.6,32.46,16.84,367,72,23,24,49,169,95,40,6.75,11.53,14.18,5,13,19,304
722,Taro Hirose,10.66,10.09,1.89,0.6,19,4,0,3,4,7,6,1,0.24,0.7,0.95,0,0,1,14
723,Nikita Zadorov,16.91,113.29,4.17,6.23,225,22,8,32,61,155,10,1,2.92,1.03,0.22,3,1,0,166
724,Nicholas Abruzzese,10.21,7.55,1.52,0.74,12,1,1,0,3,3,6,2,0.19,0.75,0.57,0,1,0,11
725,Lucas Raymond,18.16,168.91,21.34,13.1,287,57,17,26,36,126,75,23,4.35,9.82,7.17,4,10,9,224
726,Ivan Provorov,24.89,153.19,8.34,9.81,322,31,7,17,84,197,18,6,4.06,2.05,2.22,4,4,1,221
727,Jaret Anderson-Dolan,13.79,7.52,0.57,0.59,17,0,0,2,2,8,3,0,0.28,0.29,0.0,0,0,0,11
728,Alexis Lafreniere,14.0,110.18,11.4,7.69,193,31,4,44,28,112,32,9,3.92,4.01,3.48,6,10,3,153
729,Nicklas Backstrom,17.49,70.3,7.4,5.64,121,31,3,25,13,64,26,8,1.78,3.14,2.49,3,2,1,98
730,John Tavares,18.07,251.53,33.38,22.63,429,76,27,40,65,195,110,42,6.67,13.68,13.03,3,13,11,347
731,Auston Matthews,20.61,354.29,41.86,26.78,599,106,32,92,48,317,127,40,11.42,15.28,15.16,23,18,19,484
732,Jamie Drysdale,19.89,139.86,6.97,8.53,290,32,13,19,49,187,10,5,4.27,1.15,1.56,4,0,0,202
733,Erik Haula,15.09,134.95,16.08,9.53,217,44,6,25,21,113,52,19,3.73,6.35,6.0,5,8,5,184
734,Pierre Engvall,13.28,160.54,17.2,10.55,270,35,8,32,41,148,53,16,4.72,6.36,6.13,7,5,3,217
735,Matt Nieto,14.4,76.39,7.95,5.3,120,17,4,21,17,71,29,6,2.33,4.0,1.62,2,4,0,106
736,Andrew Ladd,14.12,58.57,8.46,4.7,107,12,5,17,26,47,24,9,1.42,3.32,3.72,1,3,3,80
737,Derek Stepan,10.8,92.97,10.65,6.19,145,19,10,22,13,82,29,13,2.76,3.87,4.02,2,5,2,124
738,Ross Colton,12.8,162.06,19.41,12.05,259,39,15,29,8,128,66,21,4.5,8.14,6.78,5,11,6,215
739,Jon Lizotte,14.72,0.71,0.03,0.04,1,0,0,0,0,1,0,0,0.03,0.0,0.0,0,0,0,1
740,Jonah Gadjovich,8.76,39.51,5.02,2.88,69,3,1,7,10,33,12,8,1.32,1.51,2.18,0,0,1,53
741,Timothy Liljegren,16.4,76.48,3.65,4.61,162,23,6,19,43,99,9,2,2.13,1.06,0.45,3,1,1,110
742,Alex Tuch,18.41,140.7,16.46,9.95,228,38,9,40,25,127,48,16,4.34,6.09,6.02,3,4,5,191
743,Dylan Cozens,15.89,155.55,16.17,10.87,265,38,13,33,30,139,52,19,4.52,6.15,5.5,2,5,6,210
744,Jordan Oesterle,18.29,54.25,1.9,2.85,101,8,2,6,17,75,2,0,1.68,0.22,0.0,1,1,0,77
745,Jake Walman,14.02,84.21,4.92,5.19,173,10,4,9,22,109,9,4,2.78,1.12,1.01,2,0,1,122
746,Nick Foligno,12.46,93.5,7.34,5.84,149,13,6,22,14,98,23,7,2.61,2.86,1.88,0,1,1,128
747,Robert Hagg,16.02,63.65,2.08,3.59,140,9,2,10,23,92,3,0,1.8,0.28,0.0,1,0,0,95
748,Duncan Keith,19.73,76.13,3.11,4.48,175,21,5,36,64,106,5,1,2.31,0.57,0.23,0,0,1,112
749,Tyler Pitlick,11.09,41.93,4.34,2.88,80,5,6,14,10,37,12,8,1.0,1.32,2.02,0,1,0,57
750,Zach Bogosian,15.36,51.55,2.26,3.15,108,8,3,7,16,73,3,0,1.89,0.37,0.0,2,1,0,76
751,Mike Reilly,18.95,119.92,5.5,7.49,230,17,5,19,35,169,7,2,4.18,0.81,0.51,3,0,1,178
752,Drew O'Connor,10.28,39.9,3.77,3.05,62,5,3,9,5,34,18,2,1.29,1.83,0.65,2,1,0,54
753,Jakob Chychrun,22.99,151.88,6.72,9.19,293,21,7,19,37,212,8,3,4.56,1.03,1.13,4,2,1,223
754,Ryan Hartman,18.18,246.02,26.13,17.51,421,65,21,35,30,252,66,23,8.22,8.28,9.63,15,10,9,341
755,Ryan Nugent-Hopkins,19.32,136.16,15.14,10.02,231,50,8,43,34,123,46,15,4.32,5.83,4.99,3,4,4,184
756,Justin Barron,17.18,10.55,0.51,0.54,18,2,1,2,3,13,2,0,0.29,0.22,0.0,1,0,0,15
757,Clayton Keller,20.14,167.7,20.52,12.37,274,63,16,61,53,161,40,27,5.35,4.84,10.33,8,6,14,228
758,Wyatt Kalynuk,12.0,3.49,0.12,0.15,7,0,0,1,2,5,0,0,0.12,0.0,0.0,0,0,0,5
759,Jakob Silfverberg,17.04,113.58,8.12,7.35,183,21,12,30,16,117,33,4,3.42,3.71,0.99,2,3,0,154
760,Zach Hyman,19.46,228.09,34.26,19.43,353,54,25,29,33,151,99,43,5.95,12.66,15.64,8,7,12,293
761,Kaedan Korczak,16.62,0.61,0.01,0.03,1,0,1,0,0,1,0,0,0.01,0.0,0.0,0,0,0,1
762,Alexander Radulov,14.1,105.86,14.47,8.81,189,22,10,30,27,79,53,16,2.92,6.57,4.99,0,0,4,148
763,Oskar Lindblom,13.8,125.66,12.78,8.48,212,26,13,19,18,118,35,13,3.81,4.73,4.22,5,3,4,166
764,Kristians Rubins,11.75,3.48,0.34,0.28,6,0,0,0,3,3,2,0,0.07,0.28,0.0,0,0,0,5
765,Nick Blankenburg,17.57,10.05,0.37,0.65,24,3,0,1,0,15,0,0,0.37,0.0,0.0,1,0,0,15
766,Riley Barber,8.44,5.1,0.35,0.37,8,0,1,1,3,5,2,0,0.16,0.2,0.0,0,0,0,7
767,Kiefer Sherwood,8.57,7.44,0.84,0.48,14,2,0,4,1,7,2,1,0.33,0.31,0.2,0,1,0,10
768,Matthew Tkachuk,17.9,275.19,34.58,22.9,455,104,21,41,91,226,113,35,7.64,13.5,13.43,11,16,15,374
769,Connor Bunnaman,10.01,11.71,1.5,0.68,17,0,0,0,2,9,3,3,0.28,0.36,0.86,0,0,0,15
770,Brett Kulak,17.75,82.12,2.89,4.68,179,21,9,21,55,114,5,0,2.39,0.5,0.0,3,2,0,119
771,Garrett Pilon,9.41,1.36,0.13,0.09,3,1,0,1,2,1,1,0,0.02,0.11,0.0,0,1,0,2
772,Sammy Blais,13.46,18.4,1.96,1.56,33,4,0,2,4,16,7,2,0.6,0.8,0.56,0,0,0,25
773,Seth Jarvis,13.88,121.39,14.4,9.14,203,40,16,15,33,102,50,15,4.16,5.96,4.28,4,10,3,167
774,Lukas Reichel,13.2,13.42,1.39,1.04,23,1,0,6,7,11,8,0,0.51,0.88,0.0,0,0,0,19
775,Dawson Mercer,16.54,144.15,17.87,10.72,247,42,9,56,53,108,68,17,4.31,8.37,5.19,5,9,3,193
776,Calvin de Haan,18.96,102.88,3.8,5.9,225,8,4,18,59,143,8,1,2.67,0.88,0.25,2,2,0,152
777,Matt Roy,20.98,140.88,6.25,8.46,276,21,20,8,49,189,12,3,3.81,1.55,0.9,1,1,0,204
778,Miles Wood,14.76,4.35,0.24,0.25,8,0,0,0,4,5,1,0,0.14,0.09,0.0,0,0,0,6
779,Ryan McDonagh,22.44,88.93,5.51,5.74,180,26,5,26,24,117,10,4,2.73,1.2,1.58,1,1,2,131
780,Jake Guentzel,20.1,256.24,37.28,21.85,434,84,29,41,23,192,115,41,7.82,13.69,15.78,12,14,14,348
781,Thomas Harley,13.69,41.33,2.12,2.48,85,4,1,9,18,53,6,1,1.13,0.73,0.26,0,1,0,60
782,Remi Elie,10.95,1.39,0.11,0.1,3,0,0,0,0,1,1,0,0.02,0.09,0.0,0,0,0,2
783,Chad Ruhwedel,15.33,87.7,2.9,4.87,181,13,7,19,21,124,5,0,2.23,0.67,0.0,2,2,0,129
784,Damon Severson,23.6,151.93,10.96,9.77,312,46,10,38,63,199,14,11,4.62,1.71,4.63,5,1,5,224
785,Hunter Drew,9.86,0.0,0.0,0.0,1,0,0,0,0,0,0,0,0.0,0.0,0.0,0,0,0,0
786,Brad Marchand,19.25,226.23,26.52,16.02,397,80,23,40,62,208,64,34,6.7,7.65,12.16,5,9,18,306
787,Gregory Hofmann,12.51,26.87,2.89,2.11,51,7,1,7,9,19,15,2,0.62,1.85,0.43,0,2,0,36
788,Valeri Nichushkin,19.03,170.03,24.62,12.85,264,52,11,38,24,123,75,29,4.22,9.45,10.95,4,13,8,227
789,Josh Morrissey,23.66,171.29,11.57,11.83,351,37,10,26,63,225,19,7,6.36,2.0,3.21,5,4,3,251
790,Rudolfs Balcers,15.04,96.98,9.81,6.58,160,23,3,35,30,82,44,7,2.77,5.03,2.01,4,5,2,133
791,Connor Clifton,16.06,72.17,2.43,3.96,149,10,4,16,14,105,2,0,2.24,0.2,0.0,2,0,0,107
792,Andrew Copp,19.18,177.5,23.24,13.41,283,53,17,34,43,154,62,26,5.26,8.07,9.9,7,8,6,242
793,Jasper Weatherby,11.24,47.02,5.18,3.55,82,11,5,18,14,42,18,4,1.49,2.38,1.31,3,1,1,64
794,Jack Ahcan,16.03,5.36,0.22,0.37,14,1,0,1,4,8,0,0,0.22,0.0,0.0,1,0,0,8
795,Jordan Spence,19.74,40.24,1.41,2.45,99,8,4,3,11,59,1,0,1.31,0.1,0.0,2,0,0,60
796,Mattias Samuelsson,19.99,39.58,2.27,2.5,83,10,3,8,28,50,5,2,1.09,0.6,0.58,0,0,0,57
797,Michael Del Zotto,18.26,34.97,0.98,2.0,81,13,2,5,17,50,1,0,0.87,0.1,0.0,3,0,0,51
798,Victor Olofsson,15.38,157.13,16.62,10.29,293,49,15,18,18,173,35,15,6.13,4.03,6.46,7,3,10,223
799,Adam Beckman,10.41,2.83,0.05,0.14,6,1,1,1,2,4,0,0,0.05,0.0,0.0,0,0,0,4
800,Zach Senyshyn,6.53,0.75,0.01,0.03,1,0,0,0,0,1,0,0,0.01,0.0,0.0,0,0,0,1
801,Sven Baertschi,13.9,0.63,0.02,0.06,1,0,0,0,0,1,0,0,0.02,0.0,0.0,0,0,0,1
802,Brandon Montour,17.9,155.18,10.17,9.63,298,37,12,26,49,186,25,8,4.93,2.99,2.25,6,3,2,219
803,Philippe Myers,14.88,32.91,1.17,1.96,72,4,0,8,17,47,2,0,0.93,0.23,0.0,1,0,0,49
804,William Eklund,14.33,8.3,1.53,0.78,15,4,2,2,8,4,4,3,0.15,0.57,0.81,0,0,0,11
805,Laurent Dauphin,13.29,50.95,5.58,3.58,84,12,2,17,13,45,14,9,1.44,1.69,2.46,1,1,2,68
806,Radim Simek,13.28,23.46,1.71,1.53,49,2,2,10,15,28,3,3,0.69,0.28,0.73,1,0,0,34
807,Jean-Gabriel Pageau,17.67,124.46,14.21,9.57,199,39,8,30,42,101,53,15,3.6,6.08,4.53,4,7,7,169
808,Mikael Granlund,20.41,118.13,14.63,9.29,219,64,12,57,51,104,49,12,3.79,5.88,4.96,3,4,4,165
809,Noah Cates,13.25,24.51,4.0,2.01,43,9,0,10,3,13,13,6,0.49,1.51,1.99,0,3,2,32
810,Mikhail Sergachev,22.47,137.89,7.28,8.83,283,38,5,23,39,191,11,4,4.11,1.44,1.73,4,1,2,206
811,Scott Harrington,14.47,4.78,0.1,0.24,9,1,1,2,0,7,0,0,0.1,0.0,0.0,0,0,0,7
812,Nicolas Hague,18.65,112.19,4.79,6.67,239,14,12,25,23,149,12,1,3.19,1.35,0.25,3,0,1,162
813,Trevor Moore,15.69,211.3,25.12,15.24,341,48,23,30,17,188,64,33,5.81,7.85,11.46,4,5,8,285
814,Viktor Arvidsson,16.98,239.79,25.6,16.72,412,49,19,24,16,229,69,26,7.86,8.1,9.64,8,5,7,324
815,Joe Pavelski,18.47,227.33,30.73,17.94,374,81,19,35,44,186,95,31,6.1,11.83,12.8,4,10,13,312
816,Thomas Chabot,26.19,157.89,10.22,10.09,330,38,11,29,68,201,21,5,5.32,2.66,2.23,3,3,1,227
817,Sheldon Rempal,9.18,1.46,0.13,0.1,2,0,0,0,0,1,1,0,0.03,0.1,0.0,0,0,0,2
818,Jesper Bratt,17.43,194.07,19.14,13.43,324,73,17,29,46,181,64,18,5.83,7.93,5.38,8,12,6,263
819,Brady Tkachuk,18.8,282.07,33.46,23.67,461,67,23,41,68,220,117,36,7.01,14.39,12.05,6,12,12,373
820,David Kampf,15.27,97.38,12.43,7.09,168,26,5,30,25,80,42,14,2.73,5.01,4.69,4,4,3,136
821,Max Comtois,14.14,77.77,7.66,5.63,130,16,4,9,34,82,19,9,2.82,2.43,2.41,2,1,3,110
822,Santeri Hatakka,12.63,4.19,0.13,0.21,7,2,0,1,3,6,0,0,0.13,0.0,0.0,0,0,0,6
823,Brendan Smith,13.92,57.88,2.86,3.28,128,8,5,12,13,82,2,2,1.68,0.2,0.98,3,0,1,86
824,Keith Yandle,13.98,99.77,4.27,6.87,233,19,8,11,39,139,7,2,2.86,0.71,0.7,0,0,1,148
825,Vinnie Hinostroza,13.87,87.35,8.25,5.84,154,25,5,22,26,88,29,5,2.6,3.84,1.81,4,7,2,122
826,Josh Manson,18.98,86.12,4.67,4.88,172,16,5,38,43,105,14,3,2.2,1.55,0.91,4,0,2,122
827,Nick Suzuki,20.51,177.26,18.81,12.77,309,61,17,50,71,175,42,21,5.74,5.26,7.8,7,5,9,238
828,Owen Tippett,13.42,122.67,13.76,8.77,213,21,11,36,25,105,41,17,3.24,5.09,5.44,2,5,3,163
829,Alex Galchenyuk,13.15,85.02,9.69,5.93,145,21,7,18,28,84,28,10,2.72,3.3,3.67,2,1,3,122
830,Maxime Lajoie,12.54,6.99,0.37,0.37,18,0,0,0,1,9,1,0,0.23,0.14,0.0,0,0,0,10
831,Calen Addison,13.79,16.24,0.63,0.98,36,4,1,0,1,23,1,0,0.49,0.14,0.0,2,0,0,24
832,Vladislav Kolyachonok,15.85,23.97,0.91,1.35,54,3,1,12,29,33,1,0,0.82,0.09,0.0,0,1,0,34
833,Aaron Ekblad,24.92,159.67,10.72,11.4,317,57,18,43,73,199,26,8,4.88,3.22,2.61,9,4,2,233
834,Noel Acciari,11.98,34.52,4.73,2.62,52,8,2,8,6,27,11,7,1.03,1.28,2.42,1,1,1,45
835,Dmitri Samorukov,2.47,0.0,0.0,0.0,1,0,0,0,0,0,0,0,0.0,0.0,0.0,0,0,0,0
836,Cole Caufield,16.68,189.87,15.75,13.77,327,43,14,32,27,199,51,9,7.02,6.01,2.72,12,10,1,259
837,Zdeno Chara,18.73,74.78,3.06,4.57,172,14,5,14,45,110,2,2,2.19,0.26,0.61,2,0,0,114
838,Tyler Bozak,12.16,41.58,3.71,2.52,73,12,2,20,13,39,13,4,1.17,1.51,1.03,0,3,0,56
839,Givani Smith,8.42,48.75,4.18,3.01,83,8,2,7,8,49,9,6,1.52,1.09,1.57,2,0,2,64
840,Brett Connolly,8.4,6.49,0.6,0.44,13,1,0,2,0,7,1,1,0.25,0.13,0.23,0,0,0,9
841,Egor Sokolov,10.37,8.36,0.96,0.76,14,0,2,1,0,7,4,0,0.43,0.53,0.0,0,0,0,11
842,Max Jones,9.9,1.93,0.06,0.13,4,0,0,0,2,3,0,0,0.06,0.0,0.0,0,0,0,3
843,Tomas Hertl,19.94,212.18,29.02,16.46,364,64,17,65,31,153,91,37,5.31,11.44,12.27,5,14,11,281
844,Artem Zub,21.04,85.36,3.79,5.28,194,22,8,14,60,120,4,3,2.47,0.48,0.84,5,0,1,127
845,Jan Rutta,16.39,89.91,3.4,4.96,198,18,7,6,18,123,6,1,2.51,0.68,0.21,2,1,0,130
846,Mathieu Perreault,11.25,25.67,3.63,1.85,46,9,0,10,8,21,10,4,0.61,1.3,1.72,2,0,2,35
847,Tanner Pearson,16.05,141.2,16.43,10.52,242,34,16,22,15,136,43,18,4.81,5.18,6.43,4,5,5,197
848,Brayden Point,19.46,191.23,26.43,16.83,291,58,10,33,24,136,95,22,5.65,11.76,9.02,5,11,12,253
849,Jesper Boqvist,13.13,79.48,7.84,4.93,135,23,4,18,23,75,21,9,2.31,2.43,3.1,1,4,5,105
850,Nathan MacKinnon,21.06,279.68,28.36,20.52,501,88,24,37,56,281,76,28,9.31,8.84,10.21,15,8,9,385
851,Julien Gauthier,10.31,74.74,10.37,6.17,110,7,7,15,14,47,36,13,1.64,4.6,4.14,0,1,2,96
852,Jack Studnicka,12.6,22.21,1.74,1.77,37,3,1,3,11,26,3,1,1.01,0.39,0.34,0,0,0,30
853,Brandon Saad,16.27,147.09,20.75,11.65,236,49,14,45,25,122,56,20,4.92,7.11,8.72,6,10,8,198
854,Logan Shaw,9.38,14.57,1.41,0.88,22,3,0,11,3,14,5,1,0.43,0.74,0.24,0,1,0,20
855,Mike Hardman,9.3,14.03,1.65,1.04,25,2,1,5,5,8,10,1,0.24,1.19,0.23,0,0,0,19
856,Jamie Benn,16.75,185.23,23.58,13.53,317,46,19,37,47,158,64,28,4.97,7.66,10.95,4,7,7,250
857,Ben McCartney,14.04,2.06,0.18,0.13,4,0,0,0,0,2,1,0,0.09,0.09,0.0,0,0,0,3
858,Markus Niemelainen,13.19,10.14,0.42,0.6,26,1,0,4,10,14,1,0,0.23,0.19,0.0,0,0,0,15
859,Blake Wheeler,19.54,158.78,21.04,12.52,263,60,11,32,36,124,57,29,4.64,7.31,9.1,3,5,9,210
860,Brad Richardson,10.3,34.68,3.49,2.31,69,8,2,7,9,33,10,5,0.95,1.07,1.48,0,2,2,48
861,Ethan Bear,16.08,89.35,4.05,5.2,186,14,10,16,28,120,7,2,2.61,0.87,0.57,4,0,1,129
862,Frederik Gauthier,11.1,2.96,0.15,0.14,5,0,0,0,3,4,0,0,0.15,0.0,0.0,0,0,0,4
863,Alexander Barabanov,17.18,101.1,11.44,7.78,166,39,8,40,30,83,44,9,3.14,5.3,3.0,2,6,2,136
864,Colton Sceviour,9.47,38.18,3.07,2.4,60,5,2,9,10,37,15,1,1.06,1.76,0.25,0,2,0,53
865,Matthew Peca,9.63,2.62,0.13,0.17,8,1,0,0,2,3,1,0,0.05,0.08,0.0,0,0,0,4
866,Ian Cole,17.15,82.59,2.78,4.69,180,19,8,29,48,119,1,1,2.48,0.09,0.22,2,0,0,121
867,Cole Smith,8.84,3.28,0.26,0.31,6,0,0,3,2,4,0,0,0.26,0.0,0.0,0,0,0,4
868,Ethan Prow,12.74,1.47,0.24,0.08,3,1,0,0,2,1,0,1,0.01,0.0,0.23,0,0,1,2
869,Jeff Carter,17.67,182.18,22.52,12.95,315,45,18,33,39,164,56,25,4.89,6.96,10.67,3,9,7,245
870,Sam Bennett,16.94,216.87,27.06,16.27,398,49,14,41,49,184,82,26,6.32,10.63,10.11,7,10,11,292
871,Michael Eyssimont,5.82,0.68,0.02,0.04,1,0,0,1,0,1,0,0,0.02,0.0,0.0,0,0,0,1
872,Seth Griffith,5.62,0.0,0.0,0.0,0,0,0,1,0,0,0,0,0.0,0.0,0.0,0,0,0,0
873,Kirby Dach,18.04,116.34,12.75,8.77,198,26,8,42,17,105,39,13,3.26,4.98,4.51,4,3,2,157
874,Nathan Beaulieu,10.77,25.32,1.02,1.53,52,4,4,0,17,35,3,0,0.69,0.32,0.0,0,0,0,38
875,Derrick Pouliot,15.5,11.72,0.49,0.65,30,4,0,3,10,15,2,0,0.27,0.23,0.0,0,0,0,17
876,Brett Pesce,21.7,143.8,5.93,8.26,304,28,14,45,29,197,8,4,4.0,0.89,1.05,5,2,0,209
877,Andreas Johnsson,14.36,108.12,12.8,7.87,179,35,9,26,24,78,56,11,2.61,6.53,3.66,3,6,4,145
878,Austin Strand,15.29,6.05,0.24,0.35,14,2,2,2,4,8,1,0,0.16,0.09,0.0,0,0,0,9
879,Lars Eller,16.12,123.35,10.79,8.41,213,31,9,37,44,126,37,7,4.35,4.66,1.78,7,6,0,170
880,Sebastian Aho,18.95,240.0,37.6,19.21,402,81,29,68,56,175,113,41,6.22,14.18,17.2,5,14,18,329
881,Brock McGinn,15.0,95.22,12.56,6.42,157,22,8,18,19,81,35,12,2.99,4.49,5.08,2,5,5,128
882,Nate Thompson,11.97,25.66,3.07,1.77,41,3,2,8,7,23,6,6,0.84,0.75,1.48,0,0,1,35
883,Brady Skjei,21.14,174.72,8.79,10.17,330,39,17,51,62,234,13,6,5.42,1.58,1.79,7,2,0,253
884,Johnny Gaudreau,18.57,253.32,27.93,18.21,463,115,19,50,81,249,74,25,8.0,8.89,11.04,10,16,14,348
885,Leo Komarov,10.83,0.0,0.0,0.0,0,0,0,0,0,0,0,0,0.0,0.0,0.0,0,0,0,0
886,Logan Stanley,15.64,86.07,2.98,4.93,180,13,4,13,56,125,3,0,2.61,0.37,0.0,1,0,0,128
887,Nick Bjugstad,10.26,81.37,10.12,5.96,130,13,11,18,13,68,26,13,2.37,3.39,4.36,2,2,3,107
888,Juuso Riikola,13.39,5.3,0.31,0.34,14,1,0,0,1,7,1,0,0.11,0.2,0.0,0,0,0,8
889,Tanner Kero,9.56,13.37,1.16,0.97,26,3,0,6,7,13,4,1,0.48,0.41,0.28,0,0,0,18
890,Ty Dellandrea,10.62,1.43,0.02,0.07,2,0,0,0,0,2,0,0,0.02,0.0,0.0,0,0,0,2
891,Jack McBain,14.18,15.47,1.85,1.32,24,3,6,2,5,13,7,1,0.53,1.05,0.28,1,1,0,21
892,Leon Draisaitl,22.35,291.76,42.54,21.7,482,110,21,74,88,214,124,49,7.4,14.67,20.47,7,19,29,387
893,Adam Erne,13.39,101.94,10.71,7.58,176,19,11,24,20,93,37,9,3.05,4.55,3.11,2,1,3,139
894,Jeff Petry,22.12,109.53,4.57,6.85,266,27,7,12,107,153,4,3,3.19,0.47,0.91,5,1,0,160
895,Olli Maatta,18.28,59.83,2.44,3.4,139,8,3,10,37,82,3,2,1.65,0.33,0.46,0,1,0,87
896,Martin Kaut,8.81,1.46,0.06,0.11,4,0,0,1,0,2,0,0,0.06,0.0,0.0,0,0,0,2
897,Gabriel Landeskog,20.32,141.83,21.84,12.05,251,59,14,17,29,108,59,27,3.46,7.19,11.19,7,11,12,194
898,MacKenzie Weegar,23.37,188.46,11.21,11.91,391,44,11,74,85,241,26,4,6.59,3.13,1.49,4,3,1,271
899,Reese Johnson,10.51,22.68,1.71,1.45,42,5,1,11,6,26,5,1,0.99,0.51,0.21,0,1,0,32
900,Madison Bowey,15.73,0.72,0.02,0.04,3,0,0,0,0,1,0,0,0.02,0.0,0.0,0,0,0,1
901,Colton Sissons,16.16,94.47,12.37,6.84,163,28,6,19,25,80,38,16,2.55,4.55,5.27,2,1,4,134
902,Brett Howden,10.66,41.65,6.35,3.38,69,20,7,13,14,30,23,7,1.23,2.92,2.21,3,3,3,60
903,Kieffer Bellows,11.86,79.14,6.24,5.41,147,19,6,6,26,90,14,4,3.32,1.52,1.4,4,2,0,108
904,Mikko Rantanen,20.97,260.73,30.68,19.51,459,92,19,48,49,256,76,32,8.87,8.92,12.89,8,11,17,364
905,Zack MacEwen,9.66,88.09,8.69,5.97,145,9,7,22,16,85,27,9,2.8,3.37,2.52,1,1,1,121
906,Dylan Larkin,19.66,209.22,23.52,15.46,385,69,19,38,42,189,65,27,6.15,8.24,9.13,9,12,10,281
907,Andrew Poturalski,10.14,3.73,0.33,0.24,5,2,1,0,1,3,2,0,0.15,0.17,0.0,0,0,0,5
908,Alex Vlasic,14.31,12.43,0.35,0.67,21,2,3,5,5,18,0,0,0.35,0.0,0.0,1,0,0,18
909,Joey Anderson,8.77,8.71,0.66,0.69,15,0,2,2,0,8,4,0,0.29,0.37,0.0,0,0,0,12
910,Samuel Girard,21.64,79.35,3.14,4.59,188,28,5,21,28,111,4,1,2.22,0.45,0.47,3,1,1,116
911,Sampo Ranta,10.89,9.33,0.85,0.67,20,0,0,4,1,11,2,1,0.33,0.21,0.31,0,0,0,14
912,Daniil Miromanov,9.78,13.94,0.56,0.81,32,1,1,1,2,21,0,0,0.56,0.0,0.0,0,0,0,21
913,Anton Lundell,15.74,126.59,15.84,8.71,223,44,9,59,35,112,42,17,4.66,5.26,5.93,5,7,6,171
914,Drake Batherson,18.93,110.37,11.66,8.8,189,44,11,21,30,91,53,5,3.21,6.54,1.91,6,7,4,149
915,Brayden Schenn,17.78,111.09,17.92,8.41,197,58,10,42,28,81,52,19,3.45,6.29,8.18,6,8,10,152
916,Kyle Turris,8.62,20.63,1.55,1.18,43,4,0,9,5,25,2,2,0.87,0.17,0.51,0,0,1,29
917,William Lockwood,11.34,14.82,1.75,1.01,24,0,0,1,2,10,8,2,0.33,0.88,0.55,0,0,0,20
918,Filip Forsberg,18.1,241.7,26.94,17.58,424,84,16,53,56,220,89,24,8.31,10.59,8.03,11,20,11,333
919,Gustav Forsling,21.22,132.27,7.9,7.88,296,37,5,51,53,171,18,3,4.47,2.14,1.29,6,2,2,192
920,Thomas Bordeleau,15.59,15.06,1.38,1.09,25,5,1,9,8,16,4,1,0.7,0.45,0.23,0,0,0,21
921,Carl Grundstrom,10.89,84.27,8.8,5.61,139,15,4,13,9,72,36,6,2.19,4.09,2.52,1,6,2,114
922,Shane Pinto,12.95,8.12,0.95,0.78,15,1,0,2,5,4,7,0,0.18,0.77,0.0,0,0,0,11
923,David Perron,16.99,166.23,18.36,11.77,319,57,17,37,18,165,52,14,5.7,6.0,6.67,11,7,9,231
924,Oliver Wahlstrom,12.06,154.9,16.1,11.18,276,24,10,19,20,160,37,18,5.33,4.43,6.34,6,1,6,215
925,Kole Lind,11.83,28.25,2.67,1.82,47,8,3,7,3,26,12,1,0.83,1.43,0.41,1,1,0,39
926,Patric Hornqvist,12.69,152.49,16.54,12.64,240,28,26,24,14,127,57,20,3.79,6.64,6.11,5,3,3,204
927,Emil Bemstrom,10.52,60.68,5.37,4.19,105,11,4,11,5,64,15,5,1.91,1.89,1.57,2,1,3,84
928,Slater Koekkoek,11.17,13.03,0.31,0.66,26,4,1,1,1,19,0,0,0.31,0.0,0.0,0,0,0,19
929,Dakota Mermis,13.9,1.33,0.02,0.05,5,0,0,0,0,2,0,0,0.02,0.0,0.0,0,0,0,2
930,Dominik Simon,10.29,82.47,7.76,5.91,138,13,6,22,20,79,32,3,2.57,4.27,0.92,1,2,0,114
931,Jack Eichel,19.39,117.7,11.21,8.25,193,25,5,25,29,120,30,10,3.93,3.68,3.6,4,8,2,160
932,Darnell Nurse,25.05,201.76,10.71,11.37,410,35,8,33,67,255,27,4,6.11,2.96,1.64,4,4,1,286
933,Brendan Gaunce,8.1,43.25,4.64,2.98,71,7,2,8,3,47,10,5,1.68,1.22,1.73,1,2,2,62
934,Blake Coleman,14.82,198.66,20.8,13.13,329,33,13,34,47,180,65,23,5.74,7.71,7.35,5,10,1,268
935,Sidney Crosby,19.97,203.16,26.02,15.46,334,84,20,34,54,181,60,31,6.71,7.01,12.3,11,8,12,272
936,Neal Pionk,21.14,137.91,5.97,9.13,278,34,8,27,68,192,10,1,4.56,1.07,0.34,3,0,0,203
937,Tyson Barrie,18.96,133.06,6.11,9.21,297,41,9,14,43,187,11,2,4.14,1.18,0.79,5,2,0,200
938,Drew Doughty,25.74,88.45,5.94,6.04,183,31,9,9,24,112,11,4,2.93,1.2,1.81,4,0,3,127
939,Brock Boeser,18.57,200.79,25.26,15.03,391,46,16,33,21,198,63,24,7.17,7.44,10.65,8,6,9,285
940,Peyton Krebs,14.58,56.78,4.86,3.95,99,22,1,15,35,56,21,2,1.9,2.24,0.71,1,6,0,79
941,Ryan Dzingel,13.71,33.23,3.86,2.38,58,8,3,13,8,27,14,4,0.93,1.68,1.26,3,1,1,45
942,Andrej Sekera,13.71,23.5,0.83,1.41,53,4,2,3,14,33,2,0,0.54,0.28,0.0,0,1,0,35
943,Calle Rosen,14.33,17.86,0.88,0.98,39,7,1,3,11,22,3,0,0.6,0.27,0.0,1,1,0,25
944,Wayne Simmonds,9.33,78.88,10.32,6.29,133,16,2,15,18,47,47,10,1.66,5.78,2.88,0,2,3,104
945,Ty Smith,17.5,78.41,3.69,4.85,187,20,2,13,40,106,7,2,2.33,0.83,0.53,4,1,0,115
946,Jake Muzzin,20.73,71.25,2.54,4.12,166,14,3,12,44,101,3,0,2.23,0.31,0.0,3,0,0,104
947,CJ Suess,5.71,1.35,0.06,0.08,2,0,0,1,0,2,0,0,0.06,0.0,0.0,0,0,0,2
948,Max Domi,13.04,104.96,11.28,7.2,206,39,13,36,33,106,28,11,3.34,3.49,4.46,2,5,4,145
949,Luke Kunin,13.83,128.83,15.32,9.44,209,22,9,20,17,107,52,17,3.97,6.36,5.0,5,6,2,176
950,Colin Miller,18.98,48.93,1.36,2.95,102,14,6,6,13,73,0,0,1.36,0.0,0.0,2,0,0,73
951,Dillon Heatherington,12.33,4.12,0.7,0.18,9,0,0,0,2,5,0,1,0.05,0.0,0.66,0,0,0,6
952,Aleksi Heponiemi,14.03,6.07,0.62,0.46,8,1,0,3,3,5,3,0,0.18,0.43,0.0,0,0,0,8
953,Kasper Bjorkqvist,8.37,6.36,0.84,0.53,11,1,0,0,0,4,3,1,0.09,0.47,0.29,0,1,0,8
954,Nick Schmaltz,18.25,117.8,14.3,8.45,212,59,10,52,42,110,41,12,3.9,5.37,5.03,7,9,7,163
955,Jacob Peterson,11.06,86.18,9.86,6.1,146,17,6,13,17,72,31,12,2.51,3.91,3.45,1,9,2,115
956,Ryan Reaves,10.65,43.12,4.66,3.34,73,13,5,11,21,37,19,3,1.38,2.35,0.93,2,3,0,59
957,Nikolaj Ehlers,18.07,248.42,22.68,16.99,450,55,26,41,44,259,66,17,8.83,8.19,5.65,14,7,7,342
958,Matt Irwin,12.64,25.49,0.64,1.31,49,4,2,2,7,35,1,0,0.5,0.13,0.0,1,0,0,36
959,Stefan Noesen,14.33,6.6,0.83,0.53,11,0,0,0,3,5,3,1,0.14,0.32,0.37,0,0,0,9
960,Erik Johnson,17.38,110.09,5.62,6.31,236,20,9,33,28,148,7,4,3.09,0.98,1.55,5,1,1,159
961,Tucker Poolman,17.0,42.06,2.02,2.38,104,3,4,7,15,56,4,1,1.3,0.51,0.21,1,0,0,61
962,Parker Kelly,10.58,47.5,5.64,3.26,83,12,3,11,7,39,18,7,1.46,2.16,2.02,4,1,2,64
963,Mark Jankowski,13.64,15.51,1.79,1.02,29,5,1,4,10,14,6,2,0.49,0.79,0.51,1,1,0,22
964,Scott Laughton,16.42,111.83,14.44,8.04,196,30,7,31,40,83,46,19,2.67,5.77,6.01,0,4,7,148
965,Justin Braun,19.55,71.1,2.43,4.05,160,18,4,16,32,100,5,0,1.86,0.57,0.0,5,1,0,105
966,Alex Belzile,10.39,9.93,0.62,0.66,19,0,0,3,5,12,1,1,0.26,0.11,0.24,0,0,0,14
967,Teddy Blueger,15.02,85.3,9.44,5.63,134,28,7,37,22,71,31,12,2.3,3.6,3.54,1,3,5,114
968,Noah Juulsen,14.68,6.16,0.14,0.34,11,2,1,1,5,9,0,0,0.14,0.0,0.0,0,0,0,9
969,Alec Martinez,19.54,30.45,1.13,1.74,69,8,1,8,19,44,1,0,0.99,0.13,0.0,3,0,0,45
970,J.T. Compher,16.32,106.89,16.66,8.26,199,33,10,26,18,88,29,29,3.08,3.47,10.12,4,8,6,146
971,Joel Hanley,11.94,21.98,0.72,1.18,56,6,0,5,14,31,1,0,0.58,0.14,0.0,2,0,0,32
972,Alec Regula,17.88,16.0,0.6,1.04,41,1,0,8,13,23,1,0,0.44,0.16,0.0,1,0,0,24
973,Ryan Johansen,16.57,109.39,16.3,8.63,182,63,8,39,45,97,39,17,3.46,4.62,8.22,7,8,11,153
974,Sam Carrick,11.47,84.14,8.32,5.44,139,19,4,14,14,76,28,10,2.08,3.42,2.83,3,4,4,114
975,Ondrej Palat,16.49,144.28,18.39,10.86,248,49,9,30,25,108,74,15,4.21,8.7,5.47,4,12,2,197
976,Colton Parayko,23.56,125.63,7.35,7.51,244,35,9,51,53,168,10,5,4.27,1.31,1.77,3,0,3,183
977,Mattias Norlinder,12.29,1.29,0.07,0.1,3,1,0,0,0,2,0,0,0.07,0.0,0.0,0,0,0,2
978,Filip Zadina,14.18,148.4,15.43,10.54,284,24,12,24,30,139,55,13,4.54,6.36,4.54,3,3,4,207
979,John Klingberg,22.21,143.41,6.98,9.68,361,47,14,16,86,191,15,3,4.5,1.65,0.84,3,2,1,209
980,Nick Bonino,16.7,133.56,13.86,9.96,211,26,15,50,15,122,45,14,3.52,5.43,4.91,6,6,4,181
981,Mike Matheson,18.8,146.92,7.13,8.72,295,31,10,43,43,194,15,1,4.9,1.85,0.38,10,1,0,210
982,Travis Dermott,15.34,47.05,3.05,3.09,100,7,2,7,26,57,10,1,1.48,1.24,0.33,1,1,0,68
983,Dominik Kubalik,14.52,158.18,18.96,11.17,285,32,11,18,25,152,45,23,4.91,5.55,8.49,3,5,7,220
984,TJ Brodie,21.31,67.15,3.26,3.93,158,28,4,30,62,86,10,1,1.82,1.22,0.22,3,0,1,97
985,Lucas Johansen,12.3,0.65,0.04,0.04,1,1,0,0,0,1,0,0,0.04,0.0,0.0,0,0,0,1
986,MacKenzie Entwistle,10.25,35.07,4.63,2.67,54,12,5,9,10,21,19,6,0.61,2.49,1.53,0,3,2,46
987,Jesse Ylonen,11.57,15.98,1.18,0.95,27,5,5,2,3,17,3,1,0.49,0.4,0.29,1,1,0,21
988,Yegor Chinakhov,12.5,105.05,7.4,6.71,189,14,11,19,19,111,29,3,3.4,3.33,0.68,2,5,0,143
989,Michael McLeod,13.33,77.89,7.04,4.62,126,20,4,46,28,77,25,4,2.36,2.97,1.7,1,3,2,106
990,Joe Snively,11.56,20.98,3.16,1.6,35,7,3,7,1,14,10,3,0.49,1.09,1.58,0,2,2,27
991,Gerry Mayhew,13.18,58.76,6.58,4.2,103,12,5,9,7,42,34,4,1.36,4.15,1.06,6,5,0,80
992,Mathew Barzal,18.02,154.69,15.65,11.43,252,59,9,43,82,145,47,16,4.89,6.05,4.7,7,6,2,208
993,Brian Dumoulin,21.82,90.85,3.9,5.56,185,18,7,34,46,128,6,1,2.7,0.84,0.35,3,0,0,135
994,Justin Danforth,12.57,77.91,8.64,5.39,131,14,6,15,2,68,26,12,2.17,3.21,3.27,0,2,8,106
995,Klim Kostin,9.02,31.23,2.76,2.18,60,9,4,9,16,29,13,2,0.92,1.41,0.43,3,1,0,44
996,Brad Malone,8.28,6.94,0.68,0.43,11,2,1,0,2,6,2,1,0.23,0.25,0.2,1,0,0,9
997,Cole Perfetti,14.15,24.66,2.88,1.83,48,7,1,7,5,21,12,1,0.71,1.73,0.44,1,1,0,34
998,Liam O'Brien,9.48,37.06,3.97,2.62,67,3,5,6,8,33,14,4,1.16,1.45,1.36,1,0,1,51
999,Cody Glass,11.41,8.28,0.94,0.6,15,1,0,1,2,7,4,1,0.27,0.41,0.27,0,0,0,12
1000,Anton Blidh,10.73,26.69,2.56,1.69,46,9,5,6,6,26,7,3,0.8,0.95,0.81,2,0,0,36
1001,Ryan Lomberg,11.41,89.57,9.36,6.12,162,18,7,18,9,85,30,8,3.14,3.54,2.67,4,3,2,123
1002,Ryan Ellis,22.8,5.48,0.2,0.31,13,5,0,2,5,7,1,0,0.1,0.1,0.0,0,1,0,8
